Run,N_Events,N_Obs,Mean_D,Std_D,SEM,p_value,Consistent,delta_D,h_peak,h_mean
O1 (Original),3,6,1.578,0.38,0.155,,?,0.07800000000000007,1.7386836194544507e-18,2.666815397430602e-19
O3 (Corrected),2,4,1.636,0.142,0.05,0.274,✓,0.1359999999999999,1.7386836194544507e-18,2.666815397430602e-19
O4 (Global c=-0.3),17,36,1.487679375099175,0.2645848654282242,0.0440974775713707,0.7815859904714668,✓,-0.012320624900824972,1.7386836194544507e-18,2.666815397430602e-19
O4 (Det-specific),17,36,1.512679375099175,0.2219299292219571,0.0369883215369928,0.7338037609792738,✓,0.012679375099174939,1.7386836194544507e-18,2.666815397430602e-19
