{
  "total_steps": 124963,
  "total_growths": 46,
  "total_chunks": 20912,
  "best_loss": 0.004779085982590914,
  "last_growth_step": 121000,
  "phase": "self",
  "embed_dim": 800,
  "num_heads": 25,
  "num_layers": 25,
  "seq_len": 128,
  "born": 1772812536.6717415,
  "saved_at": 1772825077.9995244
}