{
  "total_steps": 134817,
  "total_growths": 48,
  "total_chunks": 47509,
  "best_loss": 0.004779085982590914,
  "last_growth_step": 129000,
  "phase": "self",
  "embed_dim": 832,
  "num_heads": 26,
  "num_layers": 26,
  "seq_len": 128,
  "born": 1772812536.6717415,
  "saved_at": 1772827105.2182353
}