time,convergence,emergence,external_convergence,external_emergence,stock,trial
0.0,0.003429033189945807,0.07776236486210619,0.07433333167216039,0.0,1.0,sham-A
1.0,0.00011780213607837098,0.07392555081143581,0.07380774867535744,0.0,1.0,sham-A
2.0,0.0,0.07044586067575875,0.07379883629706507,0.003352975621305987,0.9999999999999997,sham-A
3.0,0.002436248300333843,0.07674332105973658,0.07430707275940307,0.0,0.9999999999999997,sham-A
4.0,0.0017087800612599624,0.07578272627832838,0.07407394621706875,0.0,0.9999999999999997,sham-A
5.0,0.0,0.07273628151729539,0.07406519140012569,0.0013289098828307422,1.0000000000000004,sham-A
6.0,0.0,0.07223526301413608,0.0740914804867393,0.0018562174726034497,1.0000000000000002,sham-A
7.0,0.0009241046286435628,0.07487151234408107,0.07394740771543762,0.0,0.9999999999999999,sham-A
8.0,0.00613952443597765,0.08058765517863864,0.07444813074266077,0.0,1.0000000000000002,sham-A
9.0,0.0,0.07303877667124281,0.07442192835827477,0.0013831516870317362,0.9999999999999998,sham-A
10.0,0.0,0.07305055331747079,0.07371274007866746,0.0006621867611968923,1.0000000000000002,sham-A
11.0,0.0,0.07291504975031105,0.07355009043806326,0.0006350406877522197,1.0,sham-A
12.0,0.0,0.07238759188178112,0.07425517619317035,0.0018675843113891144,0.9999999999999999,sham-A
13.0,0.0,0.07311667171892644,0.07389446951944667,0.0007777978005201192,0.9999999999999999,sham-A
14.0,0.0,0.06886349077673115,0.07331544592445904,0.004451955147727893,1.0,sham-A
15.0,0.0017998460839714348,0.0764531257940595,0.07465327971008806,0.0,1.0,sham-A
16.0,0.003182332770082952,0.07766178978142468,0.07447945701134184,0.0,0.9999999999999999,sham-A
17.0,0.000798520722492535,0.07503616318458062,0.07423764246208808,0.0,1.0,sham-A
18.0,0.0014107333382022968,0.07587356260958789,0.07446282927138559,0.0,1.0,sham-A
19.0,0.0030583037679303704,0.07716445324346655,0.07410614947553618,0.0,1.0,sham-A
20.0,0.0,0.07052086281825565,0.07346046605240009,0.002939603234144328,0.9999999999999999,sham-A
21.0,0.0,0.06909549739568965,0.07359612972114149,0.0045006323254515035,0.9999999999999997,sham-A
22.0,0.0006226288356192544,0.07425097264869018,0.0736283438130707,0.0,1.0000000000000002,sham-A
23.0,0.0,0.07336681642000964,0.07388341329323345,0.000516596873224251,1.0000000000000004,sham-A
24.0,0.0,0.07256169608709429,0.07417566016902699,0.001613964081932595,0.9999999999999999,sham-A
25.0,0.0,0.07257774749655233,0.07432377589140948,0.0017460283948576016,1.0000000000000004,sham-A
26.0,0.0038357638687822604,0.07826616126132913,0.07443039739254687,0.0,1.0,sham-A
27.0,0.0,0.07365080259928658,0.07455678189835857,0.0009059792990724347,1.0000000000000004,sham-A
28.0,0.0,0.07170880246523859,0.07401191400926,0.0023031115440210748,0.9999999999999997,sham-A
29.0,0.0,0.0729561399159,0.07379790689293564,0.0008417669770358627,1.0000000000000002,sham-A
30.0,0.001219447219896308,0.07507832623633326,0.07385887901643762,0.0,0.9999999999999993,sham-A
31.0,0.0,0.0703005964069372,0.0735839030056803,0.0032833065987427634,0.9999999999999997,sham-A
32.0,0.0040435523727457845,0.07816368688438846,0.0741201345116429,0.0,0.9999999999999998,sham-A
33.0,0.0,0.07348902699818938,0.07364580524989695,0.0001567782517082339,1.0000000000000007,sham-A
34.0,0.0,0.07197219550979028,0.07404282752913327,0.0020706320193428773,0.9999999999999999,sham-A
35.0,0.0014540192425894771,0.07611975773036139,0.07466573848777225,0.0,0.9999999999999997,sham-A
36.0,0.0,0.0740873878754611,0.07420470019507319,0.00011731231961187305,0.9999999999999998,sham-A
37.0,0.0,0.07082348498585223,0.07415768920495647,0.00333420421910402,0.9999999999999998,sham-A
38.0,0.0008045518606967228,0.07543586259227775,0.0746313107315808,0.0,1.0000000000000002,sham-A
39.0,0.0,0.07299553578251117,0.07371962809086996,0.0007240923083587925,1.0,sham-A
40.0,0.0005358529082726271,0.07447075066195974,0.07393489775368689,0.0,1.0000000000000002,sham-A
41.0,0.00036804337063656156,0.0744138634120104,0.07404582004137339,0.0,1.0000000000000004,sham-A
42.0,0.003732520492958691,0.07764116355238171,0.07390864305942313,0.0,0.9999999999999999,sham-A
43.0,0.0033586386781250255,0.07740465305274014,0.07404601437461467,0.0,1.0000000000000004,sham-A
44.0,0.0,0.07172957626304921,0.07414149068755316,0.002411914424504169,1.0000000000000002,sham-A
45.0,0.00317502610559095,0.07735152877447193,0.07417650266888098,0.0,1.0,sham-A
46.0,0.0006242678523326051,0.07494158055037414,0.07431731269804187,0.0,0.9999999999999997,sham-A
47.0,0.0,0.07058001376328349,0.07409968824438806,0.0035196744811045733,1.0,sham-A
48.0,0.0023796952194181653,0.0765831449049017,0.07420344968548398,0.0,0.9999999999999996,sham-A
49.0,0.0019186851314565434,0.07612892526271242,0.07421024013125566,0.0,1.0000000000000002,sham-A
50.0,0.0,0.0703951293509244,0.07391301683073859,0.0035178874798141857,1.0,sham-A
51.0,0.0008272352814391315,0.07471938863491845,0.0738921533534791,0.0,1.0000000000000002,sham-A
52.0,0.0031292830227902524,0.0772036629005537,0.07407437987776366,0.0,0.9999999999999998,sham-A
53.0,0.0,0.07076519738277498,0.073691954932951,0.002926757550176462,1.0000000000000004,sham-A
54.0,0.0,0.07317652869735891,0.07388718560282381,0.0007106569054647904,0.9999999999999999,sham-A
55.0,0.0036983460153272585,0.07806196298837409,0.07436361697304705,0.0,0.9999999999999998,sham-A
56.0,0.0,0.0717465054159454,0.07376552840598949,0.0020190229900443057,1.0000000000000002,sham-A
57.0,0.0,0.07220366879251139,0.07426790900895297,0.002064240216442026,1.0000000000000004,sham-A
58.0,0.0035640326472410333,0.07799472250525952,0.07443068985801915,0.0,0.9999999999999993,sham-A
59.0,0.0,0.07365365746593477,0.07401497875901641,0.00036132129308208416,1.0000000000000004,sham-A
60.0,0.0,0.07060164536769076,0.07389713878967363,0.0032954934219828758,1.0,sham-A
61.0,0.002903328740515798,0.07729746845589025,0.07439413971537445,0.0,1.0,sham-A
62.0,0.0010835072689794334,0.07479384258646982,0.07371033531749083,0.0,0.9999999999999996,sham-A
63.0,0.0,0.07013581510576561,0.07376732487715854,0.0036315097713929267,1.0,sham-A
64.0,0.0016966946020463558,0.07590662869931175,0.0742099340972655,0.0,0.9999999999999999,sham-A
65.0,0.002440582720411588,0.07639721582896253,0.07395663310855105,0.0,0.9999999999999999,sham-A
66.0,0.0,0.07043804460193992,0.07383660972719708,0.00339856512525738,1.0000000000000002,sham-A
67.0,0.00011567966761572013,0.07454546945702933,0.07442978978941373,0.0,0.9999999999999999,sham-A
68.0,0.0034999351761735298,0.0776481904168489,0.07414825524067536,0.0,1.0,sham-A
69.0,0.0,0.07131542519318779,0.07397401164250195,0.002658586449314604,1.0000000000000004,sham-A
70.0,0.0,0.07294047174493623,0.07422275358866548,0.0012822818437292494,1.0,sham-A
71.0,0.0037114623935994295,0.07792968921265975,0.07421822681906032,0.0,1.0,sham-A
72.0,0.0,0.07264758483268463,0.07387672177096483,0.0012291369382808615,1.0000000000000007,sham-A
73.0,0.0,0.07124648948746959,0.07391229169769475,0.0026658022102253875,1.0000000000000002,sham-A
74.0,0.003409193731720883,0.07757995634472081,0.07417076261299993,0.0,1.0,sham-A
75.0,0.0002824967653562993,0.07412993855624883,0.07384744179089231,0.0,1.0000000000000002,sham-A
76.0,0.0,0.07038896644146919,0.07380965709989606,0.0034206906584268726,1.0,sham-A
77.0,0.002478756734336285,0.07676660324130347,0.07428784650696718,0.0,1.0,sham-A
78.0,0.0016872221672586951,0.07577727093677877,0.07409004876952063,0.0,0.9999999999999994,sham-A
79.0,0.0,0.07037706671125243,0.07393260196335949,0.003555535252107722,1.0000000000000007,sham-A
80.0,0.001031232773848867,0.07539975455029269,0.07436852177644337,0.0,1.0000000000000004,sham-A
81.0,0.0029935792183954923,0.077195318855235,0.07420173963683951,0.0,1.0,sham-A
82.0,0.002110886985452587,0.0762668849545578,0.07415599796910555,0.0,0.9999999999999997,sham-A
83.0,0.0,0.07379810342978788,0.07423376991143282,0.0004356664816451694,1.0000000000000002,sham-A
84.0,0.0,0.06678011563386432,0.07343799914867644,0.006657883514812557,1.0000000000000004,sham-A
85.0,0.00016721006931086357,0.07366823060983729,0.07350102054052621,0.0,1.0000000000000002,sham-A
86.0,0.0019782622330639654,0.07649997411928666,0.0745217118862227,0.0,1.0,sham-A
87.0,0.0,0.06913315952602472,0.07384517536058044,0.00471201583455616,1.0000000000000004,sham-A
88.0,0.000812600914931183,0.07449961693674512,0.07368701602181371,0.0,1.0000000000000002,sham-A
89.0,0.0,0.07354009240839865,0.07433814660284999,0.0007980541944512254,0.9999999999999999,sham-A
90.0,0.0,0.06952537845046547,0.07421989911736138,0.004694520666896351,1.0000000000000004,sham-A
91.0,0.0,0.07200499905468205,0.07345234814504986,0.001447349090367478,0.9999999999999997,sham-A
92.0,0.0014588028171667045,0.07583282487162246,0.07437402205445576,0.0,1.0,sham-A
93.0,0.00036447674740625047,0.07484252188901341,0.07447804514160739,0.0,0.9999999999999998,sham-A
94.0,0.0023496999231362725,0.07627951074648043,0.07392981082334393,0.0,1.0000000000000002,sham-A
95.0,0.0014857236815744024,0.07539477397887451,0.0739090502973001,0.0,1.0,sham-A
96.0,0.0,0.07239069360129124,0.07407943100510384,0.0016887374038132563,1.0000000000000007,sham-A
97.0,0.006194079903984795,0.08021174874132231,0.07401766883733751,0.0,1.0,sham-A
98.0,0.0021001046928188494,0.07626953741760234,0.07416943272478349,0.0,1.0,sham-A
99.0,0.0,0.07312629436304774,0.07400373009499062,0.0008774357319426551,0.9999999999999998,sham-A
100.0,0.0005895484281057684,0.07461203372419956,0.07402248529609334,0.0,1.0000000000000004,sham-A
101.0,0.003037075927209143,0.07707306857829899,0.0740359926510894,0.0,1.0000000000000004,sham-A
102.0,0.0,0.070879599419017,0.07429038903499163,0.003410789615974519,0.9999999999999999,sham-A
103.0,0.0,0.0672351918341465,0.0735785797084747,0.006343387874328421,1.0000000000000002,sham-A
104.0,0.002615803757177182,0.07663538985630969,0.07401958609913262,0.0,0.9999999999999999,sham-A
105.0,0.0,0.07265070650560368,0.07390715658514657,0.0012564500795426703,0.9999999999999998,sham-A
106.0,0.0001542171674462356,0.07452924901930547,0.07437503185185879,0.0,1.0000000000000004,sham-A
107.0,0.0023570582270973084,0.07624884288960643,0.0738917846625089,0.0,1.0000000000000002,sham-A
108.0,0.0,0.06887824040113011,0.07341872673355287,0.004540486332422988,1.0000000000000002,sham-A
109.0,0.003159375848608148,0.07778484172177969,0.07462546587317154,0.0,1.0,sham-A
110.0,0.0028091724948129393,0.07708358075296329,0.07427440825815035,0.0,1.0,sham-A
111.0,0.0,0.07041472900977652,0.07370967998559408,0.0032949509758174456,0.9999999999999999,sham-A
112.0,0.0,0.07392988950738699,0.07410013478967714,0.00017024528229037106,1.0000000000000002,sham-A
113.0,0.0034440726361659735,0.07796398124085635,0.0745199086046906,0.0,0.9999999999999998,sham-A
114.0,0.0,0.070761960039885,0.07356991408648528,0.0028079540466000585,0.9999999999999998,sham-A
115.0,0.0034335715564385305,0.07786214452560847,0.07442857296917027,0.0,0.9999999999999997,sham-A
116.0,0.0,0.07390976085990597,0.07424132676700901,0.00033156590710348155,1.0000000000000004,sham-A
117.0,0.0,0.07151350684879665,0.07331566372530829,0.0018021568765113072,0.9999999999999997,sham-A
118.0,0.0006918880072024347,0.0748371663300289,0.07414527832282647,0.0,1.0,sham-A
119.0,0.0,0.07095836044744108,0.07410034351679862,0.0031419830693577566,1.0000000000000002,sham-A
120.0,0.0,0.06971295634567176,0.0730913227618405,0.00337836641616851,0.9999999999999998,sham-A
121.0,0.0,0.0740398392102728,0.07410032467275929,6.0485462486381536e-05,0.9999999999999999,sham-A
122.0,0.002101670054129645,0.07685475048091761,0.07475308042678797,0.0,1.0,sham-A
123.0,0.0020511211431575305,0.07629773940109974,0.07424661825794199,0.0,1.0000000000000002,sham-A
124.0,0.0,0.07012541107148418,0.07378114464670715,0.0036557335752227527,0.9999999999999998,sham-A
125.0,0.000623167766830468,0.07504841031423859,0.07442524254740812,0.0,1.0,sham-A
126.0,0.005743217897692832,0.07989092073184079,0.07414770283414773,0.0,1.0000000000000002,sham-A
127.0,0.0,0.07395970073721747,0.07400891410890531,4.9213371687617524e-05,0.9999999999999998,sham-A
128.0,0.0037075232648207113,0.07791864168338569,0.07421111841856454,0.0,1.0000000000000004,sham-A
129.0,0.0036720695816927496,0.07791886278237858,0.07424679320068583,0.0,1.0,sham-A
130.0,0.0,0.07192770587678599,0.07367321779833114,0.001745511921545373,1.0000000000000002,sham-A
131.0,0.0016922602760085503,0.07565122590606443,0.07395896563005588,0.0,1.0,sham-A
132.0,0.0017013076266341187,0.07596687379884082,0.07426556617220648,0.0,1.0000000000000002,sham-A
133.0,0.0,0.07037482933563521,0.0737067764286381,0.003331947093002885,1.0,sham-A
134.0,0.0,0.07063272599218662,0.0737925160583578,0.0031597900661711753,1.0,sham-A
135.0,0.0,0.07231378125510957,0.07428597496040668,0.0019721937052969984,0.9999999999999999,sham-A
136.0,0.001272234846836584,0.07574763507243576,0.07447540022559918,0.0,1.0,sham-A
137.0,0.0010154185685198325,0.07503051025125762,0.07401509168273757,0.0,1.0000000000000002,sham-A
138.0,0.006214877968408805,0.08124296936919184,0.07502809140078304,0.0,1.0,sham-A
139.0,0.0,0.0708471112036666,0.07347971529060271,0.002632604086936108,1.0,sham-A
140.0,0.0,0.07019662352795386,0.07355466244448461,0.003358038916530637,0.9999999999999999,sham-A
141.0,0.0014127832122121653,0.07525287483174847,0.07384009161953631,0.0,1.0,sham-A
142.0,0.0,0.07053632248639796,0.07362358292647653,0.0030872604400785653,1.0,sham-A
143.0,0.0032600992642841664,0.07690752772868836,0.0736474284644042,0.0,1.0,sham-A
144.0,0.0,0.07124197894355211,0.07419325399847077,0.002951275054918878,1.0000000000000002,sham-A
145.0,0.0037568355124304453,0.07812447526581878,0.07436763975338856,0.0,0.9999999999999998,sham-A
146.0,0.0,0.07271181408323679,0.07404061038476084,0.0013287963015238269,0.9999999999999998,sham-A
147.0,0.0,0.0715639020403096,0.074236999211584,0.0026730971712743967,1.0,sham-A
148.0,0.003267030375220248,0.07788182984723702,0.07461479947201677,0.0,1.0,sham-A
149.0,0.0003951972599900433,0.07448406355011827,0.07408886629012801,0.0,1.0000000000000002,sham-A
150.0,0.0,0.0702551580776054,0.07382377594199374,0.003568617864388335,1.0,sham-A
151.0,0.0023764291713089802,0.0763367458123041,0.07396031664099523,0.0,0.9999999999999999,sham-A
152.0,0.0019218969038291567,0.07597166431476587,0.07404976741093705,0.0,0.9999999999999997,sham-A
153.0,0.0,0.07001524343307142,0.07356961403263662,0.003554370599564871,0.9999999999999997,sham-A
154.0,0.0022930417462686536,0.07623297191923584,0.07393993017296752,0.0,0.9999999999999997,sham-A
155.0,0.0,0.0740059374394757,0.07402749271103182,2.155527155600634e-05,0.9999999999999999,sham-A
156.0,0.0,0.07195840042692825,0.0738753792423198,0.0019169788153917677,1.0000000000000002,sham-A
157.0,0.0009839092242118763,0.07547420023742646,0.07449029101321436,0.0,1.0000000000000002,sham-A
158.0,0.0,0.07329972325508138,0.07420707566851059,0.0009073524134288746,0.9999999999999997,sham-A
159.0,0.00029631613227409925,0.0744209798472264,0.07412466371495241,0.0,0.9999999999999999,sham-A
160.0,0.0017834797461416807,0.07638320772982987,0.07459972798368852,0.0,0.9999999999999997,sham-A
161.0,0.0,0.07240739674229046,0.07396835184840522,0.0015609551061149807,1.0000000000000002,sham-A
162.0,0.0012234851748043063,0.07476733664170854,0.07354385146690356,0.0,1.0000000000000007,sham-A
163.0,0.00355476636819696,0.07793768486297181,0.0743829184947753,0.0,0.9999999999999996,sham-A
164.0,0.0,0.07171013058841758,0.07354352499128625,0.00183339440286856,0.9999999999999999,sham-A
165.0,0.0039934883933587795,0.07753904761958119,0.07354555922622241,0.0,1.0,sham-A
166.0,0.0,0.07022505982483329,0.07387534801852702,0.0036502881936939513,1.0000000000000002,sham-A
167.0,3.861216903633391e-05,0.07428331166641566,0.07424469949737955,0.0,0.9999999999999998,sham-A
168.0,0.0009366285798095841,0.07468941290347209,0.07375278432366206,0.0,1.0000000000000004,sham-A
169.0,0.0,0.07433914142244147,0.07476466997520415,0.0004255285527625663,0.9999999999999999,sham-A
170.0,0.0,0.07330301703303754,0.07440472792830899,0.001101710895271668,1.0000000000000002,sham-A
171.0,0.0008418795621973896,0.07503247552459502,0.07419059596239741,0.0,1.0000000000000002,sham-A
172.0,0.0023535213988995496,0.07641844320480295,0.07406492180590352,0.0,0.9999999999999999,sham-A
173.0,0.0,0.07262259471998012,0.07428400189684659,0.0016614071768663585,0.9999999999999999,sham-A
174.0,0.0032930341934251928,0.07694207124139996,0.07364903704797521,0.0,0.9999999999999996,sham-A
175.0,0.0004174673322530076,0.07410045138851129,0.07368298405625828,0.0,1.0,sham-A
176.0,0.0,0.07100981822680463,0.07347740085723908,0.0024675826304343396,0.9999999999999999,sham-A
177.0,0.0,0.07208241887502087,0.07375993741264086,0.001677518537620215,1.0000000000000002,sham-A
178.0,0.0037701861591028507,0.07800120379239361,0.07423101763329099,0.0,0.9999999999999998,sham-A
179.0,0.0007716377374149541,0.07534392396758105,0.0745722862301661,0.0,1.0,sham-A
180.0,0.0,0.07400844338615364,0.07434607671724269,0.0003376333310889379,0.9999999999999999,sham-A
181.0,0.0,0.07312278429417374,0.07421107124775095,0.001088286953577433,1.0000000000000002,sham-A
182.0,0.0014578802038260896,0.07583277098201568,0.0743748907781896,0.0,1.0,sham-A
183.0,0.0,0.07350154522188568,0.07420823123264064,0.0007066860107549644,1.0,sham-A
184.0,0.0,0.07064381438000567,0.073552678979802,0.0029088645997961127,0.9999999999999998,sham-A
185.0,0.002013920816450021,0.07596720363206977,0.07395328281561975,0.0,1.0,sham-A
186.0,0.0,0.07239000306564769,0.07410098010178479,0.0017109770361370957,1.0,sham-A
187.0,0.004057862086207953,0.07781873333791522,0.07376087125170727,0.0,1.0,sham-A
188.0,0.0,0.07137647082066256,0.07358146220452955,0.002204991383866872,0.9999999999999999,sham-A
189.0,0.0,0.07247052133871756,0.07423212809664792,0.0017616067579302452,0.9999999999999999,sham-A
190.0,0.003588974350524188,0.07782882711312666,0.07423985276260203,0.0,1.0000000000000004,sham-A
191.0,0.0,0.07322052070061691,0.07394471328628249,0.000724192585665584,1.0,sham-A
192.0,0.0,0.07131507710465645,0.07436606773978494,0.003050990635128925,1.0000000000000004,sham-A
193.0,0.0032180883708015084,0.07762643245423417,0.07440834408343244,0.0,1.0000000000000002,sham-A
194.0,0.0007853077485240334,0.07487022447996816,0.07408491673144413,0.0,1.0,sham-A
195.0,0.0,0.07017476116272192,0.07377814665538318,0.0036033854926609266,0.9999999999999997,sham-A
196.0,0.0019941874734585863,0.07612517461860979,0.07413098714515143,0.0,0.9999999999999998,sham-A
197.0,0.0022861626337240537,0.07615195591442481,0.07386579328070075,0.0,1.0,sham-A
198.0,0.0,0.07025749812555615,0.07369630520024217,0.0034388070746860233,1.0,sham-A
199.0,0.0004777967433968744,0.07440381782316807,0.0739260210797712,0.0,1.0,sham-A
200.0,0.003304379339856389,0.07747464926574765,0.07417026992589126,0.0,1.0,sham-A
201.0,0.0,0.07102159795274288,0.0739018767876275,0.002880278834885064,1.0000000000000004,sham-A
202.0,0.0,0.07333689194981541,0.07426163220299686,0.0009247402531814553,1.0,sham-A
203.0,0.0036673480927089663,0.07812535388826514,0.07445800579555595,0.0,1.0000000000000002,sham-A
204.0,0.0,0.0724177850053942,0.07396800418933092,0.0015502191839364965,0.9999999999999998,sham-A
205.0,0.0,0.07165957353527741,0.07409653299084185,0.002436959455564436,1.0,sham-A
206.0,0.0035328654417210448,0.0779354497364555,0.07440258429473445,0.0,1.0,sham-A
207.0,0.0,0.0734606312868391,0.07360003350060818,0.00013940221376951278,1.0000000000000004,sham-A
208.0,0.0,0.07043329936589005,0.07373874971068162,0.0033054503447917938,1.0000000000000002,sham-A
209.0,0.0026763395082691765,0.07693953450098068,0.0742631949927115,0.0,1.0,sham-A
210.0,0.001372672662564911,0.07517280484625743,0.07380013218369252,0.0,1.0,sham-A
211.0,0.0,0.0702582497384554,0.07383464613166657,0.0035763963932109455,0.9999999999999998,sham-A
212.0,0.0013502857381300082,0.0757332591710922,0.07438297343296219,0.0,1.0,sham-A
213.0,0.00271964388394208,0.0769136285299532,0.07419398464601112,0.0,1.0,sham-A
214.0,0.0,0.07054643442222464,0.0739359183979621,0.0033894839757371287,0.9999999999999997,sham-A
215.0,0.0,0.07433227679214949,0.07438330648235414,5.1029690204318356e-05,0.9999999999999997,sham-A
216.0,0.0034840057007790026,0.07768509076020491,0.07420108505942613,0.0,0.9999999999999998,sham-A
217.0,0.0,0.07145869642070868,0.07379454597458202,0.002335849553873226,0.9999999999999999,sham-A
218.0,0.0,0.0724055531879435,0.07406850320409364,0.0016629500161501332,1.0,sham-A
219.0,0.0037442110602006196,0.07785233864726604,0.07410812758706542,0.0,1.0,sham-A
220.0,0.0,0.0726598757097423,0.07367476789509553,0.0010148921853534443,1.0000000000000002,sham-A
221.0,0.0,0.07112757939397207,0.07394635670926075,0.0028187773152891227,1.0000000000000004,sham-A
222.0,0.003293189047654077,0.0775558454311287,0.07426265638347473,0.0,0.9999999999999999,sham-A
223.0,0.000504478982145895,0.07454038032659072,0.0740359013444456,0.0,0.9999999999999992,sham-A
224.0,0.0,0.07047629698885083,0.07394302547906684,0.003466728490216231,1.0000000000000002,sham-A
225.0,0.002723860694058944,0.07735117920736778,0.07462731851330817,0.0,1.0000000000000007,sham-A
226.0,0.0037608921409497675,0.07794409053830953,0.07418319839735976,0.0,1.0,sham-A
227.0,0.0,0.07240249626835715,0.0736612543432551,0.0012587580748979477,1.0,sham-A
228.0,0.0017140101427055576,0.07624073641734186,0.07452672627463608,0.0,1.0000000000000002,sham-A
229.0,0.0030881696772744327,0.07688299221977801,0.07379482254250314,0.0,1.0000000000000004,sham-A
230.0,0.0021492871074579867,0.07560043259432692,0.07345114548686871,0.0,1.0000000000000002,sham-A
231.0,0.0019073742610768996,0.07629756107744368,0.07439018681636722,0.0,0.9999999999999996,sham-A
232.0,0.003581780142930091,0.07766674491190173,0.07408496476897164,0.0,1.0,sham-A
233.0,0.000318640681722826,0.07391515549753103,0.0735965148158082,0.0,1.0,sham-A
234.0,0.0,0.06886740476557085,0.07392664229692414,0.005059237531353289,1.0,sham-A
235.0,0.0,0.07278980586243566,0.07439891173755186,0.0016091058751160903,0.9999999999999999,sham-A
236.0,0.0,0.07353959135798549,0.07393885632189734,0.00039926496391207156,1.0000000000000002,sham-A
237.0,0.001740688384026634,0.07624106218708016,0.07450037380305363,0.0,0.9999999999999999,sham-A
238.0,0.0,0.07240176945601484,0.07431609853177001,0.0019143290757549503,0.9999999999999998,sham-A
239.0,0.0,0.07218980879882664,0.07369007053204879,0.0015002617332219303,0.9999999999999998,sham-A
240.0,0.0,0.07255124563424542,0.07388353065399944,0.0013322850197540204,1.0,sham-A
241.0,0.00010800960519352643,0.07411570080732233,0.07400769120212902,0.0,0.9999999999999998,sham-A
242.0,0.0018753807653879573,0.0757451512755889,0.07386977051020072,0.0,1.0000000000000002,sham-A
243.0,0.0,0.06876230835465402,0.07350309743861405,0.004740789083959918,0.9999999999999999,sham-A
244.0,7.235269329797234e-05,0.07401612787651835,0.07394377518322037,0.0,1.0,sham-A
245.0,0.003486782343782746,0.07776430132810885,0.07427751898432589,0.0,1.0000000000000002,sham-A
246.0,0.0,0.07164635831036592,0.07412139258921824,0.002475034278851984,0.9999999999999997,sham-A
247.0,0.0,0.07255546980132643,0.07401380178915606,0.0014583319878292977,0.9999999999999997,sham-A
248.0,0.0,0.07115473332200706,0.07415228430109055,0.0029975509790837185,1.0000000000000002,sham-A
249.0,0.0,0.07115296195589993,0.07361813516118731,0.0024651732052878295,1.0000000000000004,sham-A
250.0,0.0,0.0724547364388306,0.07418041058759839,0.0017256741487676752,0.9999999999999999,sham-A
251.0,0.004298584402401273,0.07884892532724508,0.0745503409248438,0.0,1.0,sham-A
252.0,0.0012975642572465862,0.07498726785987664,0.07368970360263005,0.0,1.0,sham-A
253.0,0.00033044634420076324,0.07422855873530243,0.073898112391102,0.0,0.9999999999999997,sham-A
254.0,0.004971391814380555,0.07988303384291551,0.07491164202853495,0.0,1.0,sham-A
255.0,0.0006191462002298476,0.07414784324153101,0.07352869704130094,0.0,1.0000000000000002,sham-A
256.0,0.0,0.07006182882473411,0.07368653860938001,0.0036247097846459075,1.0,sham-A
257.0,0.0010536783559729201,0.07547231144743893,0.07441863309146601,0.0,1.0,sham-A
258.0,0.0029284802111790853,0.07729594317969668,0.07436746296851737,0.0,1.0000000000000002,sham-A
259.0,0.0,0.07049152710705475,0.07364745565472808,0.0031559285476735477,1.0000000000000002,sham-A
260.0,0.0015263145890646035,0.07603184974380328,0.07450553515473901,0.0,0.9999999999999997,sham-A
261.0,0.0,0.07108505212232208,0.07361513476209713,0.0025300826397752774,1.0000000000000002,sham-A
262.0,0.0011309114280162458,0.07512867706741955,0.0739977656394033,0.0,1.0,sham-A
263.0,0.0,0.07193156641845899,0.0738192454739891,0.0018876790555301115,1.0,sham-A
264.0,0.0,0.07033275634151814,0.07381461701140724,0.003481860669889092,1.0,sham-A
265.0,0.0,0.07358645847915679,0.07410240573880511,0.0005159472596483194,1.0,sham-A
266.0,0.0,0.0677816877569064,0.07359396648992889,0.005812278733022702,1.0000000000000002,sham-A
267.0,0.0,0.0739721042044279,0.0740560389333178,8.393472888945652e-05,0.9999999999999996,sham-A
268.0,0.0,0.0704887397183287,0.0739348182971572,0.003446078578828393,0.9999999999999999,sham-A
269.0,0.0,0.07029716171381506,0.07383601736214074,0.0035388556483254563,0.9999999999999998,sham-A
270.0,0.0018909178773665047,0.07611860796355807,0.07422769008619134,0.0,1.0000000000000002,sham-A
271.0,0.0,0.07261605808401783,0.07430010511016516,0.0016840470261472174,0.9999999999999999,sham-A
272.0,0.0,0.07190237997165427,0.0736864061107515,0.0017840261390972278,1.0,sham-A
273.0,0.003764861391084229,0.0785229889579484,0.07475812756686429,0.0,0.9999999999999999,sham-A
274.0,0.0034450427050621846,0.07751369716707379,0.07406865446201216,0.0,0.9999999999999994,sham-A
275.0,0.0024964915190521797,0.076453742846877,0.07395725132782438,0.0,1.0000000000000004,sham-A
276.0,0.0,0.07265823006701955,0.07378566314842872,0.0011274330814091682,1.0,sham-A
277.0,0.0,0.07290085787147316,0.07399945866452429,0.0010986007930509079,0.9999999999999998,sham-A
278.0,0.0,0.06702432124861257,0.07297073709454716,0.005946415845934361,0.9999999999999998,sham-A
279.0,0.0028693061082162297,0.07755279073127852,0.0746834846230624,0.0,0.9999999999999999,sham-A
280.0,0.0034940706177118974,0.07790504785365626,0.07441097723594448,0.0,0.9999999999999999,sham-A
281.0,0.0,0.07266376407063868,0.07410027505148098,0.0014365109808425203,1.0000000000000002,sham-A
282.0,0.0033631647806247056,0.07801386130466326,0.07465069652403855,0.0,1.0,sham-A
283.0,0.0,0.07092298123047458,0.07420304742827666,0.0032800661978023005,1.0000000000000002,sham-A
284.0,0.0030946028584348806,0.07702909517980783,0.0739344923213725,0.0,1.0000000000000004,sham-A
285.0,0.0,0.06860053248528386,0.07372435337272276,0.005123820887438901,1.0,sham-A
286.0,0.004322131949817676,0.0785347009507098,0.0742125690008919,0.0,1.0000000000000002,sham-A
287.0,0.0,0.07178630929059837,0.07349615036280854,0.001709841072210061,0.9999999999999999,sham-A
288.0,0.0,0.06968632921545259,0.07338866471353511,0.0037023354980825207,1.0,sham-A
289.0,0.0016293153441305774,0.07544034654899323,0.07381103120486276,0.0,0.9999999999999999,sham-A
290.0,0.0,0.06990568464453606,0.07388537516801652,0.003979690523480461,1.0,sham-A
291.0,0.0,0.07402789834428414,0.07432953104676643,0.0003016327024822907,1.0,sham-A
292.0,0.0,0.06878336228839244,0.07375136954050676,0.004968007252114326,1.0,sham-A
293.0,0.0037993220039560516,0.07854955708564737,0.07475023508169132,0.0,1.0,sham-A
294.0,0.0,0.07390462886907923,0.07487821097114111,0.0009735821020617763,0.9999999999999999,sham-A
295.0,0.005320192885981401,0.07963229051867371,0.07431209763269209,0.0,1.0000000000000002,sham-A
296.0,0.0,0.07332549694019042,0.0738864352355314,0.0005609382953408737,0.9999999999999999,sham-A
297.0,0.0039586511468368,0.07796263312914076,0.07400398198230418,0.0,0.9999999999999998,sham-A
298.0,0.0,0.0700426012856894,0.0734258159121739,0.0033832146264849428,1.0000000000000004,sham-A
299.0,0.0007919177807531597,0.07375621224764473,0.07296429446689112,0.0,1.0000000000000004,sham-A
300.0,0.002701946678330791,0.07676837165634631,0.07406642497801563,0.0,0.9999999999999999,sham-A
301.0,0.0008787501822478117,0.07492427422252868,0.07404552404028064,0.0,1.0000000000000002,sham-A
302.0,0.0,0.07112541590579147,0.07417789424980237,0.0030524783440111225,1.0000000000000002,sham-A
303.0,0.0017108400919565447,0.07613355725549464,0.07442271716353788,0.0,1.0000000000000002,sham-A
304.0,0.0,0.07191623450440932,0.07471489232459183,0.0027986578201827372,1.0000000000000002,sham-A
305.0,0.0,0.07334791581218969,0.07436237820016356,0.001014462387974091,1.0000000000000002,sham-A
306.0,0.003729601600841681,0.0783061164358072,0.07457651483496597,0.0,0.9999999999999996,sham-A
307.0,0.0,0.07190358102755678,0.07365150733468673,0.0017479263071299433,1.0,sham-A
308.0,0.00038679392893081754,0.0741476845052802,0.07376089057634938,0.0,1.0,sham-A
309.0,0.0,0.07233000821886337,0.07344150746389444,0.0011114992450307337,0.9999999999999997,sham-A
310.0,0.0029890667057269615,0.07658723516209975,0.07359816845637335,0.0,0.9999999999999994,sham-A
311.0,0.0035870609694315103,0.07755228771153222,0.07396522674210071,0.0,1.0,sham-A
312.0,0.0,0.072179394601944,0.07399222032557606,0.0018128257236322831,1.0000000000000002,sham-A
313.0,0.0,0.0714654979885454,0.07392875316417036,0.0024632551756249565,1.0,sham-A
314.0,0.007077360476195782,0.08207287556662979,0.07499551509043378,0.0,1.0000000000000002,sham-A
315.0,0.001760396086281757,0.07672335513985451,0.07496295905357253,0.0,1.0000000000000002,sham-A
316.0,0.00012282719662570774,0.07435808651340214,0.07423525931677655,0.0,0.9999999999999999,sham-A
317.0,0.0035069247788470648,0.07785417252578908,0.07434724774694135,0.0,1.0000000000000007,sham-A
318.0,0.0,0.07346964692454461,0.07413523081614826,0.0006655838916034273,0.9999999999999998,sham-A
319.0,0.0,0.06607713525792414,0.07284710658608484,0.006769971328160707,1.0,sham-A
320.0,0.0,0.07069593006818686,0.0730226963410423,0.0023267662728556626,1.0000000000000002,sham-A
321.0,0.0,0.07252494176121838,0.07363123274465833,0.0011062909834401724,1.0000000000000002,sham-A
322.0,0.0030904277198458008,0.07686866336001885,0.07377823564017305,0.0,1.0,sham-A
323.0,0.0,0.07247996147919022,0.07376177551518626,0.0012818140359959207,0.9999999999999999,sham-A
324.0,0.005335589731911061,0.08044765148517263,0.07511206175326168,0.0,0.9999999999999999,sham-A
325.0,0.00030102952673793926,0.07480106523072627,0.07450003570398844,0.0,0.9999999999999999,sham-A
326.0,0.0,0.07300897989280775,0.07406977083807398,0.0010607909452662323,1.0,sham-A
327.0,0.004051963244908308,0.07894438203527798,0.07489241879036967,0.0,1.0,sham-A
328.0,0.0,0.07189227639764595,0.0739372531141198,0.0020449767164736343,0.9999999999999998,sham-A
329.0,0.0010144059267052086,0.07460856722092868,0.07359416129422347,0.0,1.0,sham-A
330.0,0.0047439390149977,0.07845450513006025,0.07371056611506255,0.0,1.0,sham-A
331.0,0.0007869300464061757,0.074825807827398,0.07403887778099194,0.0,0.9999999999999999,sham-A
332.0,0.0,0.07326051788175003,0.07328800804682178,2.7490165071641925e-05,0.9999999999999999,sham-A
333.0,0.0,0.07169142565151221,0.07373272044449342,0.0020412947929810965,0.9999999999999999,sham-A
334.0,0.0005122965512134314,0.07459193074263126,0.07407963419141783,0.0,1.0,sham-A
335.0,0.004296975110171686,0.07911700601651717,0.07482003090634559,0.0,0.9999999999999999,sham-A
336.0,0.0,0.07212748073630038,0.07424698178044509,0.0021195010441449336,1.0000000000000002,sham-A
337.0,0.0,0.07255473671317825,0.07443948487011365,0.0018847481569352897,0.9999999999999999,sham-A
338.0,0.0035858577054248553,0.0778138253085836,0.07422796760315875,0.0,1.0,sham-A
339.0,0.0,0.07392631603494726,0.07426587070378543,0.0003395546688380602,0.9999999999999999,sham-A
340.0,0.0,0.0728740457302346,0.07383502042743806,0.000960974697203465,1.0,sham-A
341.0,0.002613947784877224,0.07660551798111692,0.07399157019623948,0.0,1.0000000000000002,sham-A
342.0,0.0,0.07196904143485194,0.07332330838933698,0.0013542669544850394,1.0,sham-A
343.0,0.0012413382590978905,0.07511168783895106,0.07387034957985295,0.0,1.0000000000000002,sham-A
344.0,0.0,0.07193685318584331,0.07394401036866027,0.0020071571828169654,1.0,sham-A
345.0,0.0022810766523704284,0.07629866848555156,0.07401759183318113,0.0,1.0,sham-A
346.0,0.0,0.07393502178393363,0.07400363606713889,6.861428320492635e-05,0.9999999999999997,sham-A
347.0,0.0008470277093303169,0.07564508426250982,0.07479805655317961,0.0,0.9999999999999999,sham-A
348.0,0.0016896778738342277,0.0760090849143007,0.07431940704046647,0.0,1.0,sham-A
349.0,0.0026612485135006914,0.07672533958867911,0.07406409107517864,0.0,0.9999999999999998,sham-A
350.0,0.0,0.07092204196821439,0.07405658294018047,0.003134540971966082,1.0,sham-A
351.0,0.000762729484416802,0.07476132340531261,0.07399859392089603,0.0,0.9999999999999998,sham-A
352.0,0.003467116419410221,0.07706227795064358,0.07359516153123313,0.0,1.0000000000000002,sham-A
353.0,0.0016243890164839847,0.07576014074097848,0.07413575172449427,0.0,1.0000000000000002,sham-A
354.0,0.0,0.0721212897200838,0.07385570511946571,0.0017344153993813505,0.9999999999999994,sham-A
355.0,0.0,0.07342240686475132,0.07364031782715308,0.00021791096240153518,0.9999999999999998,sham-A
356.0,0.0,0.07392699082828291,0.07411270700092121,0.00018571617263807294,0.9999999999999998,sham-A
357.0,0.0027093073443533733,0.07742284920959164,0.07471354186523826,0.0,1.0,sham-A
358.0,0.0,0.07230690054832278,0.07411493123942714,0.0018080306911041344,0.9999999999999998,sham-A
359.0,0.0022481951639841125,0.07660915412703373,0.07436095896304962,0.0,1.0,sham-A
360.0,0.0008315224665882415,0.07518187486167482,0.07435035239508703,0.0,0.9999999999999996,sham-A
361.0,0.003052958970865438,0.07724596480665347,0.07419300583578803,0.0,1.0,sham-A
362.0,0.0,0.06969613154534748,0.0733173830113667,0.003621251466018993,0.9999999999999998,sham-A
363.0,0.0010620904653259045,0.07434141553359219,0.0732793250682664,0.0,0.9999999999999999,sham-A
364.0,0.0009839712363848285,0.07489403459670596,0.07391006336032135,0.0,0.9999999999999998,sham-A
365.0,0.0,0.07287943307381384,0.07349116610368234,0.0006117330298687218,1.0000000000000002,sham-A
366.0,0.0017674331263458631,0.07607217916964593,0.0743047460433004,0.0,0.9999999999999997,sham-A
367.0,0.0,0.0691849615295883,0.07383487791614929,0.004649916386560982,1.0,sham-A
368.0,0.0016569022286816448,0.07614026570291532,0.0744833634742339,0.0,0.9999999999999998,sham-A
369.0,0.000687232804289617,0.07537610330122657,0.07468887049693707,0.0,0.9999999999999999,sham-A
370.0,0.0,0.0736770292636224,0.07447811189171682,0.0008010826280940853,0.9999999999999997,sham-A
371.0,0.0036656654910085518,0.07765847732015296,0.07399281182914486,0.0,0.9999999999999996,sham-A
372.0,0.0,0.07330888058663221,0.07402933434193049,0.0007204537552982782,1.0,sham-A
373.0,0.0,0.06936226052209671,0.07386006092896358,0.00449780040686687,1.0,sham-A
374.0,0.0027857751779003515,0.07620485851418701,0.07341908333628622,0.0,1.0000000000000004,sham-A
375.0,0.0,0.06856957905192429,0.07324124689325429,0.004671667841329996,1.0,sham-A
376.0,0.000599979713681309,0.07469167884595485,0.07409169913227331,0.0,1.0000000000000002,sham-A
377.0,0.0,0.07227612535031414,0.07399391080562412,0.0017177854553098726,0.9999999999999999,sham-A
378.0,0.0,0.07283740045755938,0.07396565788247522,0.001128257424915735,0.9999999999999999,sham-A
379.0,0.002785972041994267,0.07777514901036087,0.07498917696836682,0.0,0.9999999999999998,sham-A
380.0,0.0037206143960704097,0.07838303238055255,0.07466241798448192,0.0,1.0000000000000002,sham-A
381.0,0.0,0.07416994534568411,0.07438212479737971,0.0002121794516952713,0.9999999999999997,sham-A
382.0,0.0045716820658399104,0.07849623401971684,0.0739245519538767,0.0,1.0000000000000002,sham-A
383.0,0.0,0.0706859576015264,0.07360532964447297,0.0029193720429467884,1.0000000000000002,sham-A
384.0,0.0,0.07238877186063775,0.07340239436107743,0.0010136225004399035,1.0000000000000002,sham-A
385.0,0.0,0.06686216332740846,0.07292607064174439,0.006063907314335926,1.0,sham-A
386.0,0.0023141530493638873,0.07632490011139059,0.07401074706202682,0.0,0.9999999999999999,sham-A
387.0,0.004884791768287267,0.07953938584091391,0.07465459407262665,0.0,1.0,sham-A
388.0,0.0,0.07424668660053046,0.07425928898246525,1.2602381934789797e-05,1.0,sham-A
389.0,0.0,0.0743281539345435,0.0746721910951329,0.00034403716058983846,1.0000000000000004,sham-A
390.0,0.00022655013293582105,0.07444421588563821,0.0742176657527025,0.0,0.9999999999999999,sham-A
391.0,0.001383349582406157,0.07588736131528706,0.07450401173288101,0.0,0.9999999999999999,sham-A
392.0,0.0,0.0708894243237832,0.07401266235768544,0.0031232380339021315,0.9999999999999999,sham-A
393.0,0.00347991886786847,0.07740904531654969,0.07392912644868099,0.0,1.0000000000000002,sham-A
394.0,0.0,0.07068120737333938,0.0737075106299081,0.0030263032565687187,1.0,sham-A
395.0,0.0018088871163194353,0.07568676357800275,0.07387787646168342,0.0,0.9999999999999999,sham-A
396.0,0.0037261537847338433,0.07769705754597478,0.07397090376124127,0.0,0.9999999999999997,sham-A
397.0,0.0007661532291725059,0.07457662934687681,0.07381047611770408,0.0,1.0000000000000002,sham-A
398.0,0.0,0.07314454551769911,0.07402945879799594,0.0008849132802963844,0.9999999999999996,sham-A
399.0,0.0,0.07236870637481285,0.07389488350537277,0.0015261771305599137,1.0,sham-A
0.0,0.0013351148324214357,0.07584405947793171,0.07450894464551028,0.0,1.0,sham-B
1.0,0.0,0.06776206770873783,0.07385436020867231,0.006092292499934704,1.0000000000000002,sham-B
2.0,0.0016303109991080422,0.0762816848348633,0.07465137383575504,0.0,1.0000000000000002,sham-B
3.0,0.0027984896036328255,0.07734349994747158,0.07454501034383898,0.0,0.9999999999999998,sham-B
4.0,0.0,0.0710451589892862,0.07402914075253719,0.002983981763250876,0.9999999999999999,sham-B
5.0,0.0025076650386812727,0.07664909738241521,0.0741414323437335,0.0,1.0000000000000004,sham-B
6.0,0.003164781413665829,0.07727931851395398,0.07411453710028848,0.0,0.9999999999999997,sham-B
7.0,0.0,0.0705934692164516,0.07347764298811399,0.0028841737716620575,0.9999999999999997,sham-B
8.0,0.0,0.07271379469570993,0.07355824467919292,0.0008444499834829866,1.0,sham-B
9.0,0.0036630747573087596,0.0778408035837308,0.07417772882642204,0.0,1.0,sham-B
10.0,0.00035310916132713643,0.07438137476450302,0.07402826560317588,0.0,1.0,sham-B
11.0,0.0,0.0709013648154928,0.07407307666419927,0.00317171184870646,1.0,sham-B
12.0,0.0,0.07255288128691606,0.07410980439729242,0.0015569231103762515,0.9999999999999999,sham-B
13.0,0.0,0.07402242293091743,0.07434820806861342,0.0003257851376959886,1.0,sham-B
14.0,0.0031434706069337626,0.07768527969668981,0.07454180908975605,0.0,1.0,sham-B
15.0,0.0,0.07206348565249088,0.07405210843741805,0.0019886227849273963,1.0000000000000002,sham-B
16.0,0.0026499912279589477,0.07638087385092485,0.0737308826229659,0.0,1.0,sham-B
17.0,0.0013410658340462511,0.075515511779215,0.07417444594516853,0.0,1.0000000000000002,sham-B
18.0,0.0002835343461005113,0.07416734268667535,0.07388380834057484,0.0,1.0,sham-B
19.0,0.0,0.07326806173229694,0.07331699608407993,4.89343517829921e-05,1.0,sham-B
20.0,0.0,0.07357310077890822,0.07386144509741854,0.0002883443185105472,1.0000000000000002,sham-B
21.0,0.0,0.0730206658886492,0.0744150136818098,0.0013943477931608328,1.0000000000000002,sham-B
22.0,0.0037938166078799185,0.07787222386397064,0.07407840725609072,0.0,1.0,sham-B
23.0,0.0,0.07159395205978614,0.07415538919009246,0.00256143713030621,0.9999999999999999,sham-B
24.0,0.0016745734725680528,0.07643159544824041,0.07475702197567236,0.0,1.0,sham-B
25.0,0.0,0.07272193387879211,0.07397460179059623,0.0012526679118043393,1.0000000000000002,sham-B
26.0,0.0023028276027623473,0.07635802898518085,0.0740552013824185,0.0,1.0,sham-B
27.0,0.0024049088048916367,0.07685167107628144,0.07444676227139002,0.0,0.9999999999999998,sham-B
28.0,0.003646384693677618,0.07792626152629412,0.07427987683261672,0.0,0.9999999999999998,sham-B
29.0,0.0007437984987673785,0.07434790967788918,0.07360411117912213,0.0,0.9999999999999997,sham-B
30.0,0.0,0.0736246936693512,0.07370434727405051,7.965360469919247e-05,0.9999999999999999,sham-B
31.0,0.0024279074424922165,0.07639007030295009,0.07396216286045809,0.0,0.9999999999999998,sham-B
32.0,0.0,0.07216209222192926,0.0738796318057533,0.0017175395838239238,0.9999999999999999,sham-B
33.0,0.0032793315935166767,0.07761894114044154,0.07433960954692465,0.0,1.0000000000000002,sham-B
34.0,0.0,0.07331401756779576,0.07398161407772941,0.0006675965099338654,1.0000000000000002,sham-B
35.0,0.0031735032167530264,0.0776306063458867,0.0744571031291339,0.0,0.9999999999999998,sham-B
36.0,0.004502220892483311,0.07905356480127823,0.07455134390879503,0.0,0.9999999999999999,sham-B
37.0,0.0,0.07352607238427278,0.07397813979107482,0.00045206740680203694,1.0,sham-B
38.0,0.0,0.07021658293328792,0.07377769792304856,0.0035611149897606387,1.0,sham-B
39.0,0.0,0.07329644680197367,0.07385814854663997,0.0005617017446665207,1.0000000000000002,sham-B
40.0,0.0,0.07313857003858293,0.07403798050016874,0.0008994104615858145,1.0,sham-B
41.0,0.0,0.06642957819006812,0.07312767024106992,0.006698092051002025,1.0000000000000002,sham-B
42.0,0.0023948436343672608,0.07646111122002464,0.07406626758565715,0.0,1.0000000000000002,sham-B
43.0,0.002021706156944414,0.07642281778081372,0.07440111162386942,0.0,0.9999999999999999,sham-B
44.0,0.0,0.0723241287654377,0.07429529143590097,0.001971162670463711,1.0000000000000004,sham-B
45.0,0.0008577665939305534,0.07485809393591603,0.07400032734198558,0.0,0.9999999999999999,sham-B
46.0,0.0016288236053418892,0.07613317591232449,0.07450435230698305,0.0,0.9999999999999996,sham-B
47.0,0.001385350094682103,0.075784542592227,0.07439919249754445,0.0,1.0000000000000004,sham-B
48.0,0.0025637653366079594,0.07638225882634297,0.07381849348973524,0.0,0.9999999999999998,sham-B
49.0,0.0,0.07347379880125593,0.07374711072980522,0.00027331192854895825,0.9999999999999997,sham-B
50.0,0.0,0.07178294289478715,0.07395535420811528,0.0021724113133281264,1.0,sham-B
51.0,0.0,0.07316217617074972,0.07343676388612608,0.00027458771537625104,0.9999999999999999,sham-B
52.0,0.0,0.07142153581888433,0.07394486296085712,0.0025233271419730086,1.0000000000000002,sham-B
53.0,0.0002570169160298619,0.07455179981550875,0.07429478289947866,0.0,1.0000000000000002,sham-B
54.0,0.0004859709939301071,0.07471196169894823,0.07422599070501823,0.0,0.9999999999999999,sham-B
55.0,0.0,0.07413104339941823,0.0742369153798823,0.00010587198046430046,1.0000000000000002,sham-B
56.0,0.004915415323154093,0.079816616125582,0.07490120080242768,0.0,1.0000000000000002,sham-B
57.0,0.0002808407463070761,0.074456258870083,0.0741754181237757,0.0,1.0000000000000002,sham-B
58.0,2.8156187374617225e-05,0.07366910211182831,0.07364094592445425,0.0,0.9999999999999994,sham-B
59.0,0.0,0.07289557509359379,0.07375256878989256,0.000856993696298991,1.0000000000000002,sham-B
60.0,0.0017257495904479114,0.07580808157277752,0.07408233198232939,0.0,1.0000000000000002,sham-B
61.0,0.0,0.07183094906611531,0.0733689616691614,0.0015380126030463126,1.0000000000000002,sham-B
62.0,0.001602645816420667,0.07561930427408248,0.07401665845766159,0.0,1.0000000000000002,sham-B
63.0,0.0,0.07203041554795164,0.07403086869111553,0.0020004531431636607,0.9999999999999998,sham-B
64.0,0.0026337792722899156,0.07697980930848303,0.07434603003619289,0.0,1.0000000000000002,sham-B
65.0,0.0020508376820234098,0.07644942243264596,0.07439858475062255,0.0,1.0,sham-B
66.0,0.0,0.0736636143182412,0.07439798249651697,0.0007343681782759903,1.0000000000000002,sham-B
67.0,0.0036263560668646777,0.07812815527732875,0.07450179921046463,0.0,0.9999999999999994,sham-B
68.0,0.0040282781380593935,0.07817863493033306,0.07415035679227389,0.0,0.9999999999999998,sham-B
69.0,0.0,0.07306890956085033,0.07416008437827215,0.001091174817421714,0.9999999999999999,sham-B
70.0,0.0037827225680810983,0.07785155734533311,0.07406883477725223,0.0,0.9999999999999998,sham-B
71.0,0.0031204251209422385,0.07707946482100181,0.07395903970005957,0.0,1.0,sham-B
72.0,0.0,0.07130508956879211,0.07388986841752865,0.0025847788487363133,0.9999999999999998,sham-B
73.0,0.0030223673423879216,0.07722811513253935,0.07420574779015143,0.0,1.0,sham-B
74.0,0.0008229216020100294,0.07487424255235942,0.0740513209503495,0.0,0.9999999999999999,sham-B
75.0,0.0,0.07007503598462161,0.07378032316244587,0.003705287177824257,1.0,sham-B
76.0,0.002177291856742092,0.07651352414914236,0.07433623229240038,0.0,0.9999999999999999,sham-B
77.0,0.0,0.0719608641173668,0.07396602293487886,0.002005158817512509,1.0000000000000004,sham-B
78.0,0.0024577311935998214,0.07667293818048848,0.07421520698688844,0.0,1.0000000000000002,sham-B
79.0,0.0,0.07322999028119836,0.07439354542961252,0.0011635551484143747,1.0000000000000002,sham-B
80.0,0.0,0.06756336497978754,0.07360327938142741,0.0060399144016396455,0.9999999999999998,sham-B
81.0,0.002039665827052173,0.07598433193875653,0.07394466611170447,0.0,0.9999999999999999,sham-B
82.0,0.0015204154679118176,0.07591411894652045,0.07439370347860819,0.0,1.0000000000000004,sham-B
83.0,0.0,0.07216549400864158,0.07380374400062495,0.0016382499919831428,0.9999999999999998,sham-B
84.0,0.001932112847873979,0.07560923111533802,0.07367711826746404,0.0,1.0,sham-B
85.0,0.0,0.07320359506382501,0.07413058106543868,0.0009269860016138942,1.0000000000000002,sham-B
86.0,0.0,0.07328441480166581,0.0741047251234328,0.0008203103217669927,1.0,sham-B
87.0,0.002612061431287005,0.07649503824009396,0.07388297680880695,0.0,1.0,sham-B
88.0,0.0,0.07071511715328849,0.07428211261141604,0.003566995458127775,1.0000000000000002,sham-B
89.0,0.0029396728053175947,0.07741072722316167,0.0744710544178444,0.0,0.9999999999999997,sham-B
90.0,0.0018681595206949675,0.07587577795274947,0.07400761843205461,0.0,0.9999999999999999,sham-B
91.0,0.0,0.07259369592292986,0.07424979088257877,0.0016560949596489127,1.0,sham-B
92.0,0.001467980564432425,0.07587504807121026,0.07440706750677761,0.0,1.0000000000000002,sham-B
93.0,0.0008117547968812255,0.07435597479067524,0.07354421999379412,0.0,0.9999999999999999,sham-B
94.0,0.0014350491202621551,0.07555786970023393,0.07412282057997155,0.0,1.0000000000000002,sham-B
95.0,0.0,0.07292501536191609,0.07399458065219011,0.0010695652902742436,1.0000000000000002,sham-B
96.0,0.0,0.07168785306229086,0.07353389292103929,0.0018460398587486493,1.0000000000000002,sham-B
97.0,0.002198728359477764,0.0762298411981297,0.07403111283865216,0.0,0.9999999999999998,sham-B
98.0,0.001855790339193586,0.07616845800862704,0.07431266766943301,0.0,1.0000000000000004,sham-B
99.0,0.0,0.06692348342633969,0.07369965155659086,0.006776168130251392,1.0000000000000002,sham-B
100.0,0.001796026658142491,0.07582542500930978,0.07402939835116684,0.0,1.0000000000000004,sham-B
101.0,0.0,0.06791715179803792,0.07394282791902285,0.006025676120984702,0.9999999999999998,sham-B
102.0,0.0,0.07393469140520326,0.07448320371635186,0.0005485123111484969,0.9999999999999999,sham-B
103.0,0.0003340185544743468,0.07424551961942139,0.07391150106494715,0.0,0.9999999999999999,sham-B
104.0,0.0,0.07369853071711963,0.07409204086483323,0.00039351014771316084,0.9999999999999996,sham-B
105.0,0.0013688286411207562,0.0756044836958758,0.0742356550547556,0.0,0.9999999999999994,sham-B
106.0,0.0,0.07209578842001396,0.07381648757288495,0.00172069915287143,1.0000000000000004,sham-B
107.0,0.001697142677020258,0.07569268735649648,0.07399554467947644,0.0,0.9999999999999998,sham-B
108.0,0.0011034678958122823,0.0753422148101417,0.07423874691432952,0.0,0.9999999999999999,sham-B
109.0,0.0020368221535553843,0.07612794882447727,0.07409112667092188,0.0,1.0,sham-B
110.0,0.0,0.07066011307640752,0.0737774877526115,0.003117374676204432,1.0000000000000004,sham-B
111.0,0.0,0.07268026238608494,0.07399340101241492,0.0013131386263302014,1.0000000000000002,sham-B
112.0,0.003601765542904034,0.07777517850600413,0.07417341296310043,0.0,0.9999999999999997,sham-B
113.0,0.0034424468316681667,0.07777281798814628,0.07433037115647823,0.0,0.9999999999999999,sham-B
114.0,0.0,0.06908397782473008,0.07402857830372123,0.004944600478990813,0.9999999999999997,sham-B
115.0,0.0,0.07348579346252593,0.07419471312503789,0.0007089196625124083,1.0000000000000004,sham-B
116.0,0.0,0.06872606193841269,0.07349705923142369,0.004770997293010892,0.9999999999999999,sham-B
117.0,0.0029909188926635633,0.07747718321494723,0.07448626432228322,0.0,1.0000000000000004,sham-B
118.0,0.0,0.07223870525305554,0.07404779460188482,0.0018090893488295068,1.0000000000000002,sham-B
119.0,0.0010043946381301794,0.07511017690845101,0.07410578227032061,0.0,1.0000000000000002,sham-B
120.0,0.001948732345348314,0.0759345154090949,0.0739857830637467,0.0,0.9999999999999999,sham-B
121.0,0.0018042711244475873,0.07591185653036225,0.07410758540591478,0.0,0.9999999999999999,sham-B
122.0,0.0,0.07170900042759909,0.07389006997304715,0.0021810695454479445,0.9999999999999999,sham-B
123.0,0.0,0.0693979584611144,0.07367958399125529,0.004281625530140776,0.9999999999999999,sham-B
124.0,0.004683951832295419,0.07899200881540813,0.07430805698311271,0.0,1.0,sham-B
125.0,0.0,0.0724525071472859,0.07397476121077329,0.0015222540634878268,1.0000000000000004,sham-B
126.0,0.0020569010247948327,0.0763342168668264,0.07427731584203134,0.0,1.0000000000000002,sham-B
127.0,0.0,0.07279573917823612,0.0740721826789793,0.0012764435007434072,1.0000000000000002,sham-B
128.0,0.0,0.07123216482382944,0.07402392351518139,0.00279175869135162,0.9999999999999997,sham-B
129.0,0.0,0.07283649406572623,0.07422883778897138,0.0013923437232448155,0.9999999999999997,sham-B
130.0,0.005248727339549952,0.07963745173297454,0.07438872439342514,0.0,0.9999999999999994,sham-B
131.0,0.004122483491114215,0.0784829812301382,0.07436049773902376,0.0,1.0000000000000002,sham-B
132.0,0.0,0.07264049002638306,0.07404116698743801,0.0014006769610548364,0.9999999999999999,sham-B
133.0,0.0005847057958094926,0.07436443035707074,0.07377972456126125,0.0,1.0,sham-B
134.0,0.0,0.07291482000282068,0.07377880588968733,0.0008639858868664252,0.9999999999999998,sham-B
135.0,0.002968768008520195,0.0771380896939895,0.07416932168546952,0.0,0.9999999999999998,sham-B
136.0,0.0,0.07069368661519482,0.07378550674443529,0.0030918201292404746,1.0,sham-B
137.0,0.0030097996283658945,0.0772522251638672,0.07424242553550164,0.0,0.9999999999999997,sham-B
138.0,0.0024745526864684564,0.07689161756155438,0.07441706487508593,0.0,1.0,sham-B
139.0,0.0,0.06976124789446136,0.07399785940349213,0.004236611509030985,1.0000000000000002,sham-B
140.0,0.0013603601413900712,0.07581022909836643,0.07444986895697614,0.0,1.0000000000000002,sham-B
141.0,0.00692935874524947,0.08159255549969324,0.07466319675444377,0.0,1.0,sham-B
142.0,0.0,0.07275529020303195,0.07371355561078263,0.0009582654077509023,1.0000000000000002,sham-B
143.0,0.0,0.07255734198095953,0.07414414399113556,0.001586802010176025,1.0,sham-B
144.0,0.0,0.07210775684265913,0.07376496546807554,0.0016572086254164065,1.0,sham-B
145.0,0.0,0.07245823295491394,0.07323788225129257,0.0007796492963788593,1.0000000000000002,sham-B
146.0,0.0,0.07386053724797947,0.07424969287174543,0.00038915562376584667,0.9999999999999999,sham-B
147.0,0.004592235754074858,0.07913977854780962,0.07454754279373477,0.0,1.0,sham-B
148.0,0.0,0.07302292125882692,0.07364763873576197,0.0006247174769350439,1.0,sham-B
149.0,0.0,0.07057027014686534,0.07413092677161848,0.0035606566247533555,1.0000000000000002,sham-B
150.0,0.0020083823415943947,0.0762447086689857,0.07423632632739086,0.0,1.0000000000000004,sham-B
151.0,0.0022080992211082062,0.07654899438167218,0.07434089516056375,0.0,1.0000000000000002,sham-B
152.0,0.0,0.07032664785978282,0.07390192225323533,0.00357527439345251,1.0,sham-B
153.0,0.001264728714407637,0.07529369103764871,0.07402896232324085,0.0,1.0000000000000002,sham-B
154.0,0.0002520041465627898,0.07431606568309546,0.07406406153653267,0.0,1.0,sham-B
155.0,0.0009140402959959548,0.07515662453042338,0.0742425842344272,0.0,1.0000000000000002,sham-B
156.0,0.0,0.0729623779297317,0.07402837233696291,0.0010659944072316518,1.0000000000000004,sham-B
157.0,0.0,0.07150933227034484,0.07400671637197431,0.002497384101629474,1.0,sham-B
158.0,0.0,0.07254304672521461,0.07414415130524588,0.001601104580031265,1.0,sham-B
159.0,0.0,0.06982457786785456,0.07344116850014659,0.003616590632292249,1.0000000000000002,sham-B
160.0,0.0,0.07373771799300277,0.07424908312038236,0.0005113651273793707,0.9999999999999998,sham-B
161.0,0.0,0.06915100617528847,0.07356052862994822,0.004409522454659642,0.9999999999999999,sham-B
162.0,0.0,0.07308283153535777,0.07399818411460735,0.0009153525792495731,1.0,sham-B
163.0,0.0,0.07393364393871193,0.07419882642439113,0.00026518248567886094,0.9999999999999997,sham-B
164.0,0.001440089774788711,0.07576375147415537,0.07432366169936677,0.0,0.9999999999999999,sham-B
165.0,0.0019185184381431686,0.07598412813067457,0.0740656096925314,0.0,1.0,sham-B
166.0,0.0015432081339668002,0.07564459178648675,0.07410138365252017,0.0,0.9999999999999998,sham-B
167.0,0.005294069407576929,0.07974099100857579,0.07444692160099864,0.0,1.0000000000000002,sham-B
168.0,0.0,0.07329826915658666,0.07395497340676094,0.0006567042501747222,1.0000000000000004,sham-B
169.0,0.00151004211935446,0.07557887252415219,0.07406883040479784,0.0,0.9999999999999999,sham-B
170.0,0.0,0.07043135984475746,0.07321267213176419,0.002781312287006732,1.0,sham-B
171.0,0.003379081902613601,0.07780887787707114,0.07442979597445798,0.0,0.9999999999999996,sham-B
172.0,0.0,0.07015347908864045,0.07361682868673658,0.0034633495980963547,1.0000000000000002,sham-B
173.0,0.003716155961895673,0.07803740452653884,0.0743212485646434,0.0,0.9999999999999998,sham-B
174.0,0.0024904303490504986,0.07665333655344764,0.07416290620439692,0.0,1.0000000000000002,sham-B
175.0,0.0,0.07185815618572855,0.0744471255448298,0.0025889693591012453,1.0,sham-B
176.0,0.0005809723256449129,0.07473322699202867,0.07415225466638353,0.0,1.0000000000000002,sham-B
177.0,0.0,0.07277719728656762,0.07413983020956338,0.0013626329229959877,1.0000000000000002,sham-B
178.0,0.0008853103702617382,0.0751152343647572,0.07422992399449524,0.0,1.0000000000000002,sham-B
179.0,0.0,0.07332067249979657,0.07386606918830452,0.0005453966885079486,1.0,sham-B
180.0,0.003735981685972778,0.07824029741078653,0.07450431572481375,0.0,1.0,sham-B
181.0,0.000548154925707367,0.07416400621619013,0.07361585129048298,0.0,0.9999999999999998,sham-B
182.0,0.0008260614698525348,0.0746049302540086,0.07377886878415607,0.0,1.0,sham-B
183.0,0.0,0.07389494950444164,0.07401844146021541,0.000123491955773547,0.9999999999999998,sham-B
184.0,0.0,0.07129256659981809,0.07404034915483071,0.0027477825550130675,1.0000000000000004,sham-B
185.0,0.003472140191987494,0.07747558538490584,0.07400344519291813,0.0,1.0000000000000002,sham-B
186.0,0.003996017080757253,0.07852180365611439,0.07452578657535747,0.0,0.9999999999999997,sham-B
187.0,0.0,0.06997035991176248,0.07382347742380668,0.003853117512044202,1.0,sham-B
188.0,0.0,0.07299641156449344,0.07423069626725609,0.0012342847027625448,0.9999999999999999,sham-B
189.0,0.0007329161854413568,0.07491149188470536,0.07417857569926412,0.0,0.9999999999999999,sham-B
190.0,0.0,0.07236691982294796,0.07382921864509084,0.0014622988221427713,0.9999999999999999,sham-B
191.0,0.000456681653297375,0.07444536687771164,0.07398868522441449,0.0,0.9999999999999998,sham-B
192.0,0.0019428197895907662,0.07629981280419851,0.07435699301460752,0.0,1.0000000000000002,sham-B
193.0,0.0,0.07087179329283755,0.0734045393075331,0.0025327460146957748,1.0000000000000002,sham-B
194.0,0.0017412303603533408,0.07540599483375132,0.07366476447339831,0.0,0.9999999999999997,sham-B
195.0,0.0016701646980061824,0.07620721244480855,0.07453704774680214,0.0,1.0000000000000002,sham-B
196.0,0.005237290544108486,0.07951891429137059,0.07428162374726166,0.0,1.0000000000000004,sham-B
197.0,0.00447029098962215,0.07899730753635392,0.07452701654673177,0.0,1.0,sham-B
198.0,0.001990505347417626,0.07656236617635614,0.07457186082893852,0.0,1.0,sham-B
199.0,0.0,0.07211006932159325,0.07368865911672262,0.0015785897951289263,0.9999999999999996,sham-B
200.0,0.001815498087526568,0.07565353113740025,0.0738380330498738,0.0,0.9999999999999999,sham-B
201.0,0.0033637885339503626,0.07785404516216254,0.07449025662821196,0.0,1.0000000000000002,sham-B
202.0,0.0023060288485361458,0.07616757638903615,0.0738615475405,0.0,1.0,sham-B
203.0,0.00010985986773737189,0.073749446533657,0.07363958666591963,0.0,1.0,sham-B
204.0,0.0028672289308135923,0.07717294503375438,0.07430571610294057,0.0,1.0000000000000002,sham-B
205.0,0.00055102587269662,0.07499829245750145,0.07444726658480483,0.0,1.0,sham-B
206.0,0.00037901041866428287,0.07418593730700462,0.07380692688834056,0.0,0.9999999999999998,sham-B
207.0,0.0017853534599669985,0.07582215398497993,0.07403680052501249,0.0,1.0000000000000004,sham-B
208.0,0.0,0.06825618443595283,0.07372429767815314,0.005468113242200756,1.0000000000000004,sham-B
209.0,0.0015477033900122006,0.07570092032837139,0.07415321693835963,0.0,0.9999999999999996,sham-B
210.0,0.0,0.07197196105562509,0.07391626125022654,0.001944300194601456,1.0,sham-B
211.0,0.0032183507383455323,0.0774557359086121,0.07423738517026668,0.0,0.9999999999999999,sham-B
212.0,0.0,0.07378434224481656,0.07426657690321636,0.000482234658400027,1.0000000000000002,sham-B
213.0,0.0007533148035362425,0.0747801471967573,0.07402683239322116,0.0,0.9999999999999999,sham-B
214.0,0.0008978717216137078,0.07495123731038555,0.07405336558877162,0.0,1.0000000000000002,sham-B
215.0,0.0,0.06789759898566405,0.07362089739757138,0.005723298411907551,1.0000000000000002,sham-B
216.0,0.0010074726153388447,0.07470971381600133,0.07370224120066227,0.0,1.0000000000000002,sham-B
217.0,0.0,0.07139820716161815,0.07420813669282922,0.002809929531210842,0.9999999999999998,sham-B
218.0,0.0,0.0737064536721137,0.07426233588168185,0.0005558822095679261,0.9999999999999998,sham-B
219.0,0.0,0.07108267787155409,0.07351877325560396,0.0024360953840496524,0.9999999999999998,sham-B
220.0,0.0,0.07080516418075855,0.07384612419319825,0.0030409600124396974,1.0,sham-B
221.0,0.003186887229416735,0.07775888674414522,0.0745719995147287,0.0,0.9999999999999998,sham-B
222.0,0.0007429199841149092,0.07486335937695276,0.07412043939283786,0.0,1.0,sham-B
223.0,0.0,0.0700965319542517,0.07357656366857057,0.0034800317143183213,0.9999999999999994,sham-B
224.0,0.0017242864986912743,0.07592733983871147,0.07420305334001975,0.0,1.0000000000000004,sham-B
225.0,0.0,0.07350717255109207,0.07416582173903585,0.0006586491879434497,0.9999999999999997,sham-B
226.0,0.0,0.07014244289973193,0.07370617135827473,0.003563728458542581,0.9999999999999998,sham-B
227.0,0.0,0.06983311656686664,0.07362725159481243,0.0037941350279462327,1.0000000000000004,sham-B
228.0,0.0033930863082083373,0.07765002437848079,0.07425693807027245,0.0,1.0,sham-B
229.0,0.0,0.07400440630693161,0.07410027369252403,9.586738559264063e-05,1.0000000000000002,sham-B
230.0,0.004805788964227675,0.07941772895818033,0.07461193999395288,0.0,0.9999999999999998,sham-B
231.0,0.0009326723781779567,0.07501127727016166,0.0740786048919837,0.0,1.0,sham-B
232.0,0.0,0.07263993058160279,0.07405252944987095,0.0014125988682680557,0.9999999999999999,sham-B
233.0,0.0,0.07333088103029906,0.0738938673972026,0.0005629863669035506,1.0,sham-B
234.0,0.0036138017019882174,0.07779523927119558,0.07418143756920736,0.0,1.0,sham-B
235.0,0.002071041702634946,0.07612085080211828,0.07404980909948367,0.0,0.9999999999999997,sham-B
236.0,0.0016861225066202579,0.07551564422103385,0.07382952171441359,0.0,1.0,sham-B
237.0,0.0,0.06833817303126932,0.0738337189194298,0.00549554588816048,1.0,sham-B
238.0,0.00033538115995845885,0.07435678974152382,0.07402140858156514,0.0,1.0000000000000002,sham-B
239.0,0.0,0.06816961101776409,0.07364379642867891,0.0054741854109152666,1.0000000000000004,sham-B
240.0,0.0012157126335441415,0.0754054662539736,0.07418975362042923,0.0,1.0000000000000002,sham-B
241.0,0.0,0.0704253886381192,0.0742179128790974,0.003792524240978201,1.0,sham-B
242.0,0.00015631884968403398,0.07441414308644445,0.07425782423676042,0.0,1.0,sham-B
243.0,0.0,0.0707926307676423,0.07392068144439023,0.0031280506767474847,0.9999999999999996,sham-B
244.0,0.00346920183383137,0.07788218566643756,0.0744129838326062,0.0,1.0,sham-B
245.0,0.0,0.07412103038908602,0.0744081558734544,0.0002871254843681559,0.9999999999999998,sham-B
246.0,0.0057190866040872645,0.07975796833824389,0.07403888173415663,0.0,1.0,sham-B
247.0,0.0,0.07266539157016894,0.07365875902859897,0.0009933674584297059,0.9999999999999997,sham-B
248.0,0.0030511960231659474,0.07710165200437946,0.07405045598121363,0.0,0.9999999999999999,sham-B
249.0,0.0,0.07075218175587761,0.07358057842039356,0.002828396664515842,0.9999999999999999,sham-B
250.0,0.0,0.07005359317040005,0.07341249585410592,0.0033589026837055336,0.9999999999999997,sham-B
251.0,0.004736790940326641,0.0793111763076555,0.07457438536732885,0.0,1.0,sham-B
252.0,0.0,0.07095454329657946,0.07437400019059204,0.0034194568940124626,0.9999999999999999,sham-B
253.0,0.0012373146224220477,0.07559973794150188,0.07436242331908005,0.0,0.9999999999999998,sham-B
254.0,0.0,0.07294345682862913,0.07454364235875144,0.0016001855301222,0.9999999999999999,sham-B
255.0,0.0006712671296822403,0.0751078765219062,0.07443660939222352,0.0,1.0000000000000004,sham-B
256.0,0.0,0.06986372528566842,0.07371447407635667,0.003850748790688252,1.0,sham-B
257.0,0.00620534759570468,0.08047266140352738,0.07426731380782248,0.0,1.0000000000000002,sham-B
258.0,0.0,0.0709727313732198,0.07378504884284298,0.0028123174696230713,0.9999999999999999,sham-B
259.0,0.0,0.06978499377096736,0.07309818246105593,0.0033131886900887864,1.0000000000000002,sham-B
260.0,0.005810249352141694,0.07986561509660461,0.07405536574446336,0.0,0.9999999999999996,sham-B
261.0,0.0,0.07181493113393045,0.07368797558424345,0.0018730444503129995,1.0,sham-B
262.0,0.001802125190465298,0.07621978940655727,0.07441766421609208,0.0,0.9999999999999999,sham-B
263.0,0.0012084526331490597,0.07526309823321142,0.07405464560006236,0.0,1.0,sham-B
264.0,0.0028459328180177046,0.07743238586001766,0.07458645304199951,0.0,1.0000000000000004,sham-B
265.0,0.0,0.0728251900052681,0.07432182766419304,0.0014966376589247155,0.9999999999999998,sham-B
266.0,0.0,0.07340461549476185,0.07412715422269867,0.0007225387279365947,0.9999999999999998,sham-B
267.0,0.0066200450284430445,0.08118505874759796,0.07456501371915492,0.0,1.0,sham-B
268.0,0.0,0.06897343020739344,0.073488525096568,0.004515094889174787,1.0000000000000002,sham-B
269.0,0.0017549242512944208,0.07569464585802832,0.0739397216067339,0.0,1.0,sham-B
270.0,0.0025959868446628898,0.07661570417260721,0.07401971732794443,0.0,0.9999999999999999,sham-B
271.0,0.0,0.07031686172373686,0.07362930276140145,0.003312441037664815,1.0000000000000002,sham-B
272.0,0.0,0.0737030026609391,0.07377050978397781,6.750712303860151e-05,0.9999999999999999,sham-B
273.0,0.0,0.07372881392386899,0.07390539516225025,0.0001765812383814902,1.0000000000000002,sham-B
274.0,0.0,0.07309613176709417,0.07411734860706443,0.0010212168399695853,0.9999999999999993,sham-B
275.0,0.0,0.07354971175255609,0.07434347865226343,0.0007937668997075598,1.0000000000000002,sham-B
276.0,0.0,0.07212609486845056,0.07377630099644605,0.0016502061279951574,0.9999999999999997,sham-B
277.0,0.0015482885931524804,0.07589803719589017,0.07434974860273802,0.0,0.9999999999999997,sham-B
278.0,9.827507646309463e-05,0.07445502547677996,0.07435675040031642,0.0,1.0000000000000004,sham-B
279.0,0.0031527733607501496,0.0773255812286815,0.07417280786793046,0.0,1.0000000000000009,sham-B
280.0,0.0033806125664942455,0.07718716675148452,0.0738065541849906,0.0,0.9999999999999997,sham-B
281.0,0.0,0.07063104598504055,0.07411836965495777,0.0034873236699169974,0.9999999999999998,sham-B
282.0,0.0,0.07248107036483487,0.07382240341933921,0.0013413330545045676,1.0000000000000002,sham-B
283.0,0.000896849399743882,0.07457661136737981,0.0736797619676357,0.0,1.0000000000000002,sham-B
284.0,0.0016341393258629822,0.07561755126578351,0.07398341193992053,0.0,1.0,sham-B
285.0,0.0,0.07149824651171577,0.0741778385947568,0.002679592083041471,1.0000000000000004,sham-B
286.0,0.0,0.07075570386497576,0.07382093380491961,0.0030652299399437366,0.9999999999999999,sham-B
287.0,0.0,0.07417441194893382,0.07430269396790312,0.00012828201896919467,0.9999999999999999,sham-B
288.0,0.0,0.0733839978288684,0.07407613620763065,0.0006921383787624746,1.0000000000000002,sham-B
289.0,0.0,0.07222385098604178,0.07414256277610431,0.0019187117900625328,1.0,sham-B
290.0,0.00216723758744386,0.07623553444806497,0.07406829686062144,0.0,0.9999999999999997,sham-B
291.0,0.0,0.0721362326080468,0.07410025663401176,0.001964024025964739,0.9999999999999998,sham-B
292.0,0.0,0.0703701385515676,0.07353436990448692,0.0031642313529191,0.9999999999999998,sham-B
293.0,0.005687431603430881,0.08003686497523543,0.07434943337180488,0.0,0.9999999999999997,sham-B
294.0,0.0,0.07097574858233502,0.07410054436075153,0.0031247957784167335,1.0000000000000002,sham-B
295.0,0.0028297862423654063,0.07712683378285257,0.07429704754048738,0.0,0.9999999999999998,sham-B
296.0,0.0,0.07229421702171157,0.07372052840055865,0.0014263113788470783,1.0,sham-B
297.0,0.0016899515572939006,0.07580144433544977,0.07411149277815587,0.0,1.0,sham-B
298.0,0.0,0.07265437822570986,0.0741545725142485,0.0015001942885386477,1.0,sham-B
299.0,0.000605172940612686,0.07446636718738686,0.07386119424677418,0.0,1.0,sham-B
300.0,0.006784419019253751,0.08135652649527736,0.07457210747602394,0.0,0.9999999999999997,sham-B
301.0,0.0,0.07402533102437636,0.07418287152755576,0.00015754050317962065,1.0000000000000002,sham-B
302.0,0.0,0.06910327342186928,0.07347334627976831,0.004370072857898921,0.9999999999999999,sham-B
303.0,0.004935933607452925,0.07894350789188831,0.0740075742844355,0.0,0.9999999999999999,sham-B
304.0,0.0,0.0741245925712053,0.0741957742132412,7.118164203634425e-05,1.0000000000000004,sham-B
305.0,0.0036804983947599235,0.07769641802619742,0.07401591963143783,0.0,0.9999999999999997,sham-B
306.0,0.0,0.07254357951570611,0.07393839991468631,0.001394820398980201,1.0,sham-B
307.0,0.0,0.07158306469719022,0.07409880312794515,0.0025157384307549213,1.0,sham-B
308.0,0.003394963143073193,0.0777555789784623,0.07436061583538933,0.0,0.9999999999999998,sham-B
309.0,0.0,0.07298163195610519,0.07391667038986383,0.0009350384337583062,0.9999999999999997,sham-B
310.0,0.0,0.0705991852123502,0.07411533883005295,0.0035161536177023,0.9999999999999996,sham-B
311.0,0.0,0.06907990472876446,0.07384781370333415,0.004767908974569579,0.9999999999999999,sham-B
312.0,0.0017023029052478655,0.07565439118249251,0.07395208827724442,0.0,1.0000000000000002,sham-B
313.0,2.442136119773508e-05,0.0738431556455601,0.07381873428436259,0.0,0.9999999999999998,sham-B
314.0,0.0,0.07305847431535395,0.07396467929998318,0.000906204984629233,1.0,sham-B
315.0,0.0,0.06879764060658355,0.07341016643623166,0.004612525829648106,1.0,sham-B
316.0,0.0020126144353365127,0.07599184957773786,0.07397923514240157,0.0,0.9999999999999998,sham-B
317.0,0.0,0.07383147435291759,0.07418557453644103,0.0003541001835232205,0.9999999999999998,sham-B
318.0,0.0012060193922166507,0.07563152073532087,0.07442550134310433,0.0,0.9999999999999999,sham-B
319.0,0.004258364185638408,0.0788984545350504,0.07464009034941221,0.0,0.9999999999999998,sham-B
320.0,0.0,0.07248008763259395,0.07443685700146452,0.001956769368870792,1.0000000000000002,sham-B
321.0,0.0,0.06686580790176433,0.07371982097531382,0.006854013073549492,1.0,sham-B
322.0,0.00033881834970395097,0.07411594441209335,0.0737771260623894,0.0,1.0,sham-B
323.0,0.00024670189052922176,0.07421741679264682,0.07397071490211737,0.0,1.0000000000000002,sham-B
324.0,0.0,0.07085027070557204,0.07371448464159758,0.002864213936025206,0.9999999999999997,sham-B
325.0,0.0036080321345605126,0.07717710395651856,0.07356907182195815,0.0,0.9999999999999999,sham-B
326.0,0.0015199442070674696,0.07553049725579375,0.07401055304872628,0.0,1.0,sham-B
327.0,0.0004105490195884798,0.07502273660910186,0.07461218758951316,0.0,1.0000000000000002,sham-B
328.0,0.002222979458905261,0.07615084538208561,0.0739278659231799,0.0,1.0000000000000004,sham-B
329.0,0.0037950817064678066,0.07825687193337783,0.0744617902269098,0.0,1.0000000000000002,sham-B
330.0,0.0,0.07324530719114031,0.07436253131614157,0.0011172241250012593,1.0,sham-B
331.0,0.0,0.06764452093528828,0.07362030838032063,0.0059757874450321324,0.9999999999999998,sham-B
332.0,0.002020805489846511,0.0758461308705225,0.07382532538067577,0.0,1.0000000000000002,sham-B
333.0,0.0,0.07347137845651552,0.07444454839249326,0.0009731699359777357,1.0,sham-B
334.0,0.0,0.06659888205038511,0.07330883065585714,0.006709948605471916,0.9999999999999999,sham-B
335.0,9.507665205910065e-05,0.07372047129053594,0.07362539463847662,0.0,1.0000000000000002,sham-B
336.0,0.0,0.07389976207210291,0.07404416915520196,0.00014440708309881867,0.9999999999999998,sham-B
337.0,0.0,0.0727691119350935,0.07407388910210677,0.0013047771670131603,0.9999999999999999,sham-B
338.0,0.001768746987169667,0.07541739677536308,0.07364864978819319,0.0,1.0000000000000002,sham-B
339.0,0.0,0.07086350670203534,0.07406811481333908,0.0032046081113037417,1.0,sham-B
340.0,0.0,0.0717565584002735,0.07413331604806384,0.0023767576477902175,0.9999999999999999,sham-B
341.0,0.0014513037898495895,0.07550015207941785,0.07404884828956826,0.0,1.0,sham-B
342.0,0.0027578788231545914,0.07692496465894938,0.07416708583579457,0.0,1.0000000000000002,sham-B
343.0,0.0014403860356955178,0.07587765653821665,0.07443727050252114,0.0,1.0,sham-B
344.0,0.0,0.07114595774873056,0.07378445317033644,0.002638495421606102,1.0000000000000002,sham-B
345.0,0.002973160840200828,0.07689284156038334,0.07391968072018251,0.0,1.0,sham-B
346.0,0.0,0.07219242187119024,0.07405874499104448,0.0018663231198540187,0.9999999999999998,sham-B
347.0,0.0,0.06687382613813342,0.07337159867228227,0.006497772534148516,0.9999999999999997,sham-B
348.0,8.903036293861355e-05,0.07392189954010697,0.07383286917716836,0.0,1.0,sham-B
349.0,0.0,0.07356782784141624,0.0743182649081372,0.0007504370667209548,1.0,sham-B
350.0,0.0037683422289328528,0.07831170426551859,0.07454336203658585,0.0,0.9999999999999999,sham-B
351.0,0.0,0.07317924422080035,0.0738563419392746,0.0006770977184742399,1.0,sham-B
352.0,0.0,0.07130280281610957,0.074084045659079,0.0027812428429696556,1.0000000000000002,sham-B
353.0,0.0046819799934088024,0.0794535957833098,0.07477161578990077,0.0,1.0000000000000002,sham-B
354.0,0.0,0.07223887439422683,0.07316865493125913,0.0009297805370319656,0.9999999999999997,sham-B
355.0,0.0,0.07253763027642912,0.07383121672676474,0.0012935864503358374,1.0000000000000002,sham-B
356.0,0.0,0.07126546070473805,0.07385673019966565,0.002591269494927162,0.9999999999999996,sham-B
357.0,0.0031112359455635064,0.07695854821522552,0.07384731226966257,0.0,0.9999999999999994,sham-B
358.0,0.0,0.06891044540833091,0.07361368314288308,0.004703237734552057,0.9999999999999999,sham-B
359.0,0.002597047966665156,0.07733912530840836,0.07474207734174332,0.0,0.9999999999999999,sham-B
360.0,0.0,0.06818655327643941,0.0738075563400632,0.005621003063624008,1.0000000000000002,sham-B
361.0,0.0018614564229376684,0.07645373788414611,0.07459228146120855,0.0,0.9999999999999999,sham-B
362.0,0.0,0.07340205485360873,0.0742628422211874,0.0008607873675786637,1.0,sham-B
363.0,0.0,0.06706512014603039,0.07378233453211125,0.006717214386080417,0.9999999999999996,sham-B
364.0,0.0021415255810668388,0.07637661575918808,0.07423509017812102,0.0,1.0000000000000002,sham-B
365.0,0.0,0.0677751629766592,0.07343001078665745,0.0056548478099980315,0.9999999999999998,sham-B
366.0,0.0,0.0701557336772125,0.07361874301646365,0.003463009339251144,1.0,sham-B
367.0,0.0028540391372842144,0.07665241268134171,0.07379837354405705,0.0,1.0000000000000004,sham-B
368.0,0.0,0.07195359999690365,0.07417447282803047,0.002220872831127041,1.0000000000000002,sham-B
369.0,0.0,0.07206764023577428,0.0738199947399878,0.0017523545042130717,0.9999999999999996,sham-B
370.0,0.0011976227440950726,0.07524484098757411,0.07404721824347926,0.0,0.9999999999999998,sham-B
371.0,0.001922466053137395,0.07620890328207497,0.07428643722893691,0.0,1.0000000000000007,sham-B
372.0,0.0,0.07149841720360306,0.0744195741705641,0.002921156966961269,1.0000000000000002,sham-B
373.0,0.0,0.07164946743000011,0.0736722294143537,0.0020227619843532496,0.9999999999999997,sham-B
374.0,0.0027057604114432143,0.07704689318450675,0.07434113277306365,0.0,0.9999999999999999,sham-B
375.0,0.001174896503229439,0.0755509391410496,0.07437604263781994,0.0,1.0000000000000002,sham-B
376.0,0.0,0.07329985030485497,0.07385698976283372,0.0005571394579785283,0.9999999999999998,sham-B
377.0,0.004344667289641446,0.07833659196367915,0.07399192467403815,0.0,0.9999999999999996,sham-B
378.0,0.0028580641662127038,0.07714762046784052,0.07428955630162837,0.0,0.9999999999999994,sham-B
379.0,0.0037989092332622043,0.07778542909635999,0.07398651986309779,0.0,1.0,sham-B
380.0,0.0013079447465605964,0.07494390092208914,0.07363595617552932,0.0,0.9999999999999992,sham-B
381.0,0.002162218389773596,0.07666882761885052,0.07450660922907693,0.0,1.0,sham-B
382.0,0.0,0.07284645401803536,0.07405293982624683,0.001206485808211255,0.9999999999999998,sham-B
383.0,0.0007455397647884165,0.0746662617088576,0.0739207219440694,0.0,0.9999999999999998,sham-B
384.0,0.0,0.07279813713376337,0.07397389335342941,0.0011757562196662574,1.0000000000000002,sham-B
385.0,0.0,0.07034730619596319,0.07426745838410742,0.0039201521881440105,0.9999999999999998,sham-B
386.0,0.0,0.07304836069006981,0.07367596091714568,0.0006276002270763081,1.0000000000000004,sham-B
387.0,0.0016002194527656721,0.07567269152864387,0.07407247207587853,0.0,0.9999999999999997,sham-B
388.0,0.0011101191603155591,0.07556241342271086,0.07445229426239486,0.0,1.0000000000000004,sham-B
389.0,0.0,0.07375182292925753,0.07397809667899491,0.00022627374973727132,0.9999999999999999,sham-B
390.0,0.0,0.07145942551888118,0.07359419428812819,0.0021347687692474526,1.0000000000000004,sham-B
391.0,0.0,0.07300978753099319,0.07414115115207343,0.0011313636210802391,1.0,sham-B
392.0,0.0037861338524878274,0.07794335510274597,0.07415722125025814,0.0,1.0,sham-B
393.0,0.0020729147805126358,0.07619663533316667,0.07412372055265437,0.0,0.9999999999999997,sham-B
394.0,0.0,0.07308097277461356,0.07402453003913712,0.0009435572645235535,1.0,sham-B
395.0,0.0004100037341470131,0.07449831241013194,0.0740883086759847,0.0,1.0000000000000002,sham-B
396.0,0.0017883689195365982,0.07566331008273464,0.07387494116319804,0.0,1.0,sham-B
397.0,0.0,0.07162687089234998,0.07399729074459283,0.0023704198522424003,0.9999999999999996,sham-B
398.0,0.0002083870041249547,0.07446715767060175,0.07425877066647657,0.0,1.0000000000000002,sham-B
399.0,0.0007704559742571782,0.07451270173298741,0.07374224575873023,0.0,1.0,sham-B
0.0,0.006965315278464113,0.0813971474001951,0.07443183212173099,0.0,1.0,sham-C
1.0,0.0019288575807238084,0.07658284120597658,0.0746539836252531,0.0,0.9999999999999997,sham-C
2.0,0.0009865021369114269,0.07500244418084012,0.0740159420439288,0.0,0.9999999999999999,sham-C
3.0,0.0024746723159196904,0.07645153534995597,0.07397686303403628,0.0,1.0,sham-C
4.0,0.0003481909555667073,0.07452078000199114,0.07417258904642443,0.0,1.0,sham-C
5.0,0.001041175690704721,0.07514963369547822,0.07410845800477373,0.0,0.9999999999999998,sham-C
6.0,0.0021281418734195867,0.07623534554315747,0.07410720366973766,0.0,1.0000000000000002,sham-C
7.0,0.0,0.06906589963706922,0.07357294470399134,0.004507045066921789,0.9999999999999997,sham-C
8.0,0.0,0.06672147138503615,0.07355441615778324,0.006832944772747096,1.0,sham-C
9.0,0.003320819425670196,0.07732940119280718,0.07400858176713698,0.0,1.0,sham-C
10.0,0.0,0.07386001732316982,0.0745095187966428,0.0006495014734728688,0.9999999999999999,sham-C
11.0,0.0,0.07006507518948801,0.0740570442905818,0.003991969101093673,0.9999999999999999,sham-C
12.0,0.0011193585121797023,0.07508308973621758,0.07396373122403799,0.0,0.9999999999999999,sham-C
13.0,0.0,0.07070250453596727,0.07409153557468784,0.003389031038720458,0.9999999999999999,sham-C
14.0,0.0030384376930270296,0.0775316975480651,0.07449325985503807,0.0,1.0,sham-C
15.0,0.005007765832484745,0.07923728914057526,0.0742295233080903,0.0,1.0000000000000002,sham-C
16.0,0.0013072989107354438,0.07509124709962589,0.07378394818889022,0.0,1.0000000000000002,sham-C
17.0,0.0,0.07256922805746613,0.07406198230649796,0.0014927542490320578,1.0000000000000002,sham-C
18.0,0.0,0.06815625013500859,0.07336449199833572,0.005208241863327134,1.0,sham-C
19.0,0.001943061592210471,0.07578864943943375,0.07384558784722306,0.0,1.0000000000000002,sham-C
20.0,0.0,0.07426595020363624,0.07441469215059615,0.00014874194695968512,0.9999999999999998,sham-C
21.0,0.0,0.07369166407900196,0.07429075351992598,0.0005990894409236835,0.9999999999999997,sham-C
22.0,0.002893599186292839,0.077263352151129,0.07436975296483639,0.0,0.9999999999999998,sham-C
23.0,0.0,0.07434918958829795,0.07450210893290321,0.00015291934460515133,0.9999999999999999,sham-C
24.0,0.0,0.07412424656453465,0.07416887812507456,4.463156054013151e-05,1.0000000000000002,sham-C
25.0,0.0013566514845303468,0.07497072103823843,0.0736140695537082,0.0,0.9999999999999999,sham-C
26.0,0.0,0.07072296560569358,0.07373991549177106,0.00301694988607748,1.0,sham-C
27.0,0.001697394564062149,0.07560934454070711,0.07391194997664474,0.0,1.0000000000000002,sham-C
28.0,0.002365496228170838,0.0762843824799262,0.07391888625175569,0.0,0.9999999999999997,sham-C
29.0,0.002161841685080157,0.07619706531578774,0.07403522363070736,0.0,1.0000000000000002,sham-C
30.0,0.0020674481851828963,0.07670460932706691,0.07463716114188412,0.0,0.9999999999999999,sham-C
31.0,0.0005943351400501395,0.07472789138491298,0.07413355624486262,0.0,1.0000000000000002,sham-C
32.0,0.0017367848559988186,0.07582991450307053,0.07409312964707149,0.0,1.0000000000000002,sham-C
33.0,0.0,0.07254033364397916,0.07437045527133257,0.0018301216273530763,0.9999999999999997,sham-C
34.0,0.0,0.07182118507052593,0.07379603588167183,0.0019748508111455676,0.9999999999999997,sham-C
35.0,0.0,0.07055761076565004,0.07344385362648531,0.0028862428608354973,1.0000000000000002,sham-C
36.0,0.0014601576149422257,0.07562016916239545,0.074160011547453,0.0,1.0000000000000002,sham-C
37.0,0.0,0.07301699202862544,0.07398041612623463,0.0009634240976096331,1.0000000000000004,sham-C
38.0,0.0002475055521813374,0.07397684869783228,0.07372934314565138,0.0,0.9999999999999996,sham-C
39.0,0.0,0.07142240681549739,0.0740237587111342,0.0026013518956370385,1.0000000000000002,sham-C
40.0,0.0,0.07240523283572742,0.07408088766105969,0.0016756548253322734,1.0,sham-C
41.0,0.001009501137158475,0.07509618308446742,0.07408668194730827,0.0,1.0000000000000007,sham-C
42.0,0.0009962641764753588,0.07550399596589408,0.0745077317894185,0.0,1.0000000000000002,sham-C
43.0,0.004430473045557992,0.07938274995527417,0.07495227690971618,0.0,1.0,sham-C
44.0,0.0016124301457203227,0.07534647153999674,0.07373404139427642,0.0,1.0,sham-C
45.0,0.0,0.07027354381701811,0.07379406457588134,0.0035205207588634435,1.0000000000000002,sham-C
46.0,0.0014433265457272082,0.07541411259932129,0.07397078605359386,0.0,1.0000000000000002,sham-C
47.0,0.0019611136224140235,0.07563177994394898,0.07367066632153496,0.0,1.0,sham-C
48.0,0.00183051198090034,0.0755122697128825,0.07368175773198193,0.0,1.0000000000000002,sham-C
49.0,0.0,0.06997067389176626,0.07390799699172146,0.003937323099955203,1.0,sham-C
50.0,0.0,0.07305293623766107,0.07382167149715746,0.0007687352594966113,1.0000000000000002,sham-C
51.0,0.002642631023417219,0.07666715318277695,0.07402452215935984,0.0,0.9999999999999999,sham-C
52.0,0.0,0.06953238473925616,0.07441535769573204,0.004882972956475662,0.9999999999999998,sham-C
53.0,0.005489042389692278,0.08049225262929838,0.07500321023960632,0.0,0.9999999999999998,sham-C
54.0,0.0018354308680639253,0.0757416276638665,0.07390619679580235,0.0,1.0000000000000002,sham-C
55.0,0.005487173762835473,0.08009927749566548,0.07461210373283023,0.0,0.9999999999999998,sham-C
56.0,0.003649814834329579,0.07813421209161553,0.07448439725728595,0.0,1.0,sham-C
57.0,0.004063978787076206,0.07755778417574888,0.0734938053886729,0.0,0.9999999999999998,sham-C
58.0,0.0014478832977433687,0.07497268904415444,0.07352480574641085,0.0,1.0000000000000002,sham-C
59.0,0.0005927791582109876,0.07465733968105082,0.07406456052284005,0.0,0.9999999999999998,sham-C
60.0,0.0,0.07161629333373143,0.07329331543195328,0.0016770220982220696,1.0000000000000002,sham-C
61.0,0.0023910924794025012,0.07623397427441092,0.07384288179500853,0.0,0.9999999999999999,sham-C
62.0,0.0,0.07126818514142363,0.07430958719271374,0.0030414020512903317,1.0000000000000002,sham-C
63.0,0.0035810648373377774,0.07826627311574108,0.07468520827840353,0.0,0.9999999999999998,sham-C
64.0,0.0010000273076167243,0.07510332066694314,0.07410329335932642,0.0,1.0,sham-C
65.0,0.0,0.07265630352477781,0.07465623760420104,0.0019999340794231157,0.9999999999999999,sham-C
66.0,0.0,0.07007610949574428,0.07370168297171009,0.0036255734759658154,1.0,sham-C
67.0,0.0021140424284772363,0.07628227921758035,0.07416823678910345,0.0,0.9999999999999997,sham-C
68.0,0.0,0.07253339014256621,0.0737602068560731,0.0012268167135073282,1.0000000000000004,sham-C
69.0,0.00359710235960109,0.07772529185997179,0.07412818950037048,0.0,1.0000000000000002,sham-C
70.0,0.0,0.0732181729007948,0.07343047922465218,0.00021230632385760284,1.0000000000000002,sham-C
71.0,0.0,0.07070044543877718,0.07368396476408234,0.0029835193253051617,1.0,sham-C
72.0,0.004495051071024325,0.07905255817921364,0.07455750710818942,0.0,0.9999999999999999,sham-C
73.0,0.0,0.07319609042217645,0.07347980333428183,0.00028371291210538274,1.0,sham-C
74.0,0.0,0.07347856359995064,0.07413227262081568,0.0006537090208652563,1.0000000000000002,sham-C
75.0,0.0,0.07106613327119171,0.0741150851502913,0.003048951879099593,1.0,sham-C
76.0,0.003082561670100903,0.0775040241274314,0.07442146245733028,0.0,1.0000000000000002,sham-C
77.0,0.0,0.06909266015566984,0.07375159421386124,0.0046589340581914,1.0,sham-C
78.0,0.0019217675328833117,0.07671351988611774,0.07479175235323443,0.0,1.0,sham-C
79.0,0.0,0.07023888995627536,0.07360119535087728,0.0033623053946018056,0.9999999999999999,sham-C
80.0,0.0025910519946377164,0.07701139611872398,0.07442034412408627,0.0,1.0,sham-C
81.0,0.001668165329410165,0.0754636689791075,0.07379550364969711,0.0,1.0000000000000002,sham-C
82.0,0.003682457031441322,0.07793389748195856,0.07425144045051701,0.0,1.0000000000000002,sham-C
83.0,0.0,0.07259753146144177,0.0734847538703155,0.0008872224088737335,1.0,sham-C
84.0,0.0,0.07044069526154395,0.07360124500518028,0.0031605497436365537,1.0000000000000002,sham-C
85.0,0.0,0.07236901435702592,0.07401723304366548,0.0016482186866397797,1.0000000000000002,sham-C
86.0,2.037735370452598e-05,0.0738213244340784,0.07380094708037399,0.0,0.9999999999999999,sham-C
87.0,0.0038302328203632108,0.07838266069583333,0.07455242787547056,0.0,0.9999999999999996,sham-C
88.0,0.0,0.0746297794509021,0.07471872163305282,8.894218215049765e-05,0.9999999999999998,sham-C
89.0,0.0033179873311077746,0.07749738342058943,0.07417939608948121,0.0,1.0000000000000004,sham-C
90.0,0.0015590070580173698,0.07559824742431043,0.07403924036629306,0.0,1.0,sham-C
91.0,0.0,0.07251723771295526,0.0742477678768666,0.0017305301639113368,1.0,sham-C
92.0,0.0028904310724078286,0.07666688901553864,0.07377645794313081,0.0,1.0,sham-C
93.0,0.0,0.07306456951154283,0.07342021238755436,0.00035564287601153044,1.0,sham-C
94.0,0.0008020388496718933,0.07502262002263937,0.07422058117296748,0.0,1.0,sham-C
95.0,0.0,0.06656034454133986,0.07313454641057693,0.006574201869237073,1.0,sham-C
96.0,0.0002220135355976982,0.0739229405513353,0.0737009270157376,0.0,1.0,sham-C
97.0,0.0018748225711260336,0.07658611097120138,0.07471128840007557,0.0,0.9999999999999998,sham-C
98.0,0.0,0.07281649762786291,0.07432742519183988,0.0015109275639769715,1.0,sham-C
99.0,0.0009112747652031405,0.07503773354464016,0.0741264587794368,0.0,1.0000000000000002,sham-C
100.0,0.0,0.07368266183240801,0.07456711987100229,0.0008844580385942713,1.0,sham-C
101.0,0.004951629612970465,0.07980737147260841,0.07485574185963806,0.0,0.9999999999999999,sham-C
102.0,0.0,0.07254220769381914,0.07338411103612996,0.0008419033423103794,0.9999999999999996,sham-C
103.0,0.0,0.0717062220411433,0.07351596795565818,0.001809745914515104,1.0000000000000002,sham-C
104.0,0.0007695909660050404,0.07471516745717244,0.0739455764911674,0.0,1.0,sham-C
105.0,0.0005946445152168467,0.0744293553510158,0.07383471083579907,0.0,0.9999999999999999,sham-C
106.0,0.0,0.06980996337064305,0.0733325171905791,0.0035225538199359363,0.9999999999999999,sham-C
107.0,0.002334722101533182,0.07690135581235857,0.0745666337108255,0.0,0.9999999999999999,sham-C
108.0,0.0020001700087061147,0.0762726938810554,0.0742725238723494,0.0,0.9999999999999999,sham-C
109.0,0.0009166074856611361,0.07521677383560021,0.07430016634993919,0.0,0.9999999999999999,sham-C
110.0,0.0013177416808812792,0.0759281958840552,0.07461045420317425,0.0,0.9999999999999997,sham-C
111.0,0.0,0.06977129229792767,0.07396438121695725,0.004193088919029475,0.9999999999999999,sham-C
112.0,0.0033336656905806894,0.07723588433993034,0.07390221864934965,0.0,1.0,sham-C
113.0,0.0,0.07375477311007472,0.07412665915236938,0.00037188604229421163,0.9999999999999996,sham-C
114.0,0.0,0.06887040853217008,0.07367247924691844,0.004802070714748585,1.0000000000000002,sham-C
115.0,0.0013810041543834695,0.07451253955191195,0.07313153539752881,0.0,0.9999999999999997,sham-C
116.0,0.0035603104492241133,0.07771380480731271,0.07415349435808838,0.0,1.0000000000000002,sham-C
117.0,0.0,0.074240286394194,0.07424366664032289,3.380246128892317e-06,1.0,sham-C
118.0,0.001177145710217098,0.07514054029188721,0.07396339458167023,0.0,0.9999999999999999,sham-C
119.0,0.0,0.0718259382555464,0.07379331647360732,0.001967378218060589,0.9999999999999997,sham-C
120.0,0.0,0.0746267977951447,0.07483779178034822,0.00021099398520374457,1.0000000000000002,sham-C
121.0,0.0002944801110510431,0.07456566769547335,0.07427118758442242,0.0,0.9999999999999999,sham-C
122.0,0.0028741524380324623,0.07728315043661338,0.07440899799858092,0.0,1.0,sham-C
123.0,0.0011627866415157007,0.07546269603487343,0.07429990939335807,0.0,0.9999999999999997,sham-C
124.0,0.0,0.07236656742772696,0.07394586585420315,0.0015792984264759724,0.9999999999999998,sham-C
125.0,0.0,0.07098319377684881,0.07333292064795949,0.002349726871110902,1.0000000000000002,sham-C
126.0,0.0,0.07330764912260124,0.07369403409524666,0.00038638497264509297,0.9999999999999997,sham-C
127.0,0.0,0.07199370240669833,0.07360368051516564,0.0016099781084677467,1.0000000000000004,sham-C
128.0,0.0031553063662985714,0.07700491492455752,0.07384960855825873,0.0,1.0000000000000002,sham-C
129.0,0.0,0.07380697495980848,0.0741938004858973,0.0003868255260888187,1.0,sham-C
130.0,0.0,0.07151256291790808,0.07440008828886424,0.0028875253709563786,1.0000000000000002,sham-C
131.0,0.0,0.07345789024908678,0.07421844415866308,0.0007605539095765224,1.0000000000000002,sham-C
132.0,0.000928797997971742,0.0753609141193865,0.07443211612141454,0.0,1.0000000000000002,sham-C
133.0,0.0,0.06999842386693045,0.07418344823650569,0.00418502436957513,0.9999999999999999,sham-C
134.0,0.0019589097560104296,0.07606461000916331,0.07410570025315244,0.0,1.0000000000000004,sham-C
135.0,0.0,0.07293427968602972,0.07339846259857519,0.00046418291254535227,0.9999999999999999,sham-C
136.0,0.0,0.07255970283922175,0.07387486681525723,0.0013151639760353717,0.9999999999999999,sham-C
137.0,0.0,0.07315993795221165,0.07360913972155392,0.00044920176934226674,1.0,sham-C
138.0,0.0,0.07356172058965593,0.07368743913144937,0.00012571854179344033,1.0,sham-C
139.0,0.0,0.07344804633688695,0.07415097327212361,0.0007029269352366585,1.0,sham-C
140.0,0.0,0.07235559033560413,0.07428360454022565,0.0019280142046214088,0.9999999999999999,sham-C
141.0,0.002164742210257975,0.07641962741768626,0.07425488520742851,0.0,0.9999999999999998,sham-C
142.0,0.0,0.07466998747662479,0.07469203484483267,2.2047368208322204e-05,1.0000000000000004,sham-C
143.0,0.0046157390793495345,0.07926740294713541,0.07465166386778588,0.0,1.0,sham-C
144.0,0.0036691980354131015,0.07759229776593957,0.07392309973052646,0.0,1.0,sham-C
145.0,0.0,0.07307845776267952,0.07396861511999842,0.0008901573573188992,1.0,sham-C
146.0,0.0,0.06940265380879529,0.0738324837582861,0.0044298299494907045,0.9999999999999999,sham-C
147.0,0.0011151249051213341,0.07446166290061629,0.07334653799549473,0.0,1.0000000000000002,sham-C
148.0,0.0,0.07305736015836062,0.07327817938023096,0.00022081922187033864,1.0,sham-C
149.0,0.0,0.07098909334304948,0.0739200424284252,0.0029309490853757225,1.0,sham-C
150.0,0.0022732118969331916,0.07630135782148328,0.0740281459245502,0.0,0.9999999999999999,sham-C
151.0,0.0,0.07115012237551821,0.07378864812464703,0.002638525749128817,1.0,sham-C
152.0,0.0,0.07172456466211674,0.07420450307373228,0.002479938411614868,0.9999999999999993,sham-C
153.0,0.0007496200705150446,0.0754934429439631,0.07474382287344783,0.0,1.0000000000000002,sham-C
154.0,0.0,0.07136746283801454,0.07411362954788658,0.0027461667098720444,1.0,sham-C
155.0,0.00046740416803969786,0.07475652090087137,0.07428911673283123,0.0,1.0000000000000004,sham-C
156.0,0.0,0.06947500871903789,0.07392296702618584,0.004447958307147948,1.0,sham-C
157.0,0.003417899556602988,0.07740595423083296,0.07398805467422997,0.0,1.0,sham-C
158.0,0.0,0.06741907255294244,0.07343739060372001,0.00601831805077746,0.9999999999999999,sham-C
159.0,0.0002735227615282554,0.07438234083539719,0.07410881807386871,0.0,1.0000000000000002,sham-C
160.0,0.00017679582714724695,0.07359035466398156,0.07341355883683387,0.0,1.0000000000000004,sham-C
161.0,0.0,0.07252233948625375,0.07386952039320993,0.0013471809069564022,1.0000000000000002,sham-C
162.0,0.0,0.07402885968693873,0.074353881951434,0.0003250222644949341,0.9999999999999997,sham-C
163.0,0.0016219030265229861,0.07580816954266201,0.07418626651613924,0.0,0.9999999999999998,sham-C
164.0,0.0,0.07422943501704804,0.07430058540640694,7.115038935878726e-05,0.9999999999999999,sham-C
165.0,0.001063572195541873,0.07557636245624177,0.0745127902606999,0.0,1.0,sham-C
166.0,0.0007735847027507958,0.07499255514148695,0.07421897043873571,0.0,1.0000000000000004,sham-C
167.0,0.004872568208874384,0.07930826679264635,0.07443569858377197,0.0,1.0,sham-C
168.0,0.0,0.07202809850102887,0.07405884985600142,0.0020307513549725487,1.0,sham-C
169.0,0.003961185743791673,0.07779644842768563,0.07383526268389407,0.0,0.9999999999999999,sham-C
170.0,0.001993968685722436,0.07587349508874008,0.07387952640301787,0.0,0.9999999999999998,sham-C
171.0,0.0,0.07032713042276306,0.07380710725895134,0.003479976836187948,0.9999999999999997,sham-C
172.0,0.0,0.07206598083819427,0.0735844372433091,0.0015184564051146099,0.9999999999999998,sham-C
173.0,0.0009162691695036029,0.07456369096418114,0.07364742179467765,0.0,0.9999999999999999,sham-C
174.0,0.0,0.0736697197308478,0.07450244445214593,0.0008327247212983613,1.0000000000000002,sham-C
175.0,0.0,0.07236970100940154,0.07409055676600673,0.0017208557566054106,1.0000000000000002,sham-C
176.0,0.004145945419949504,0.07864538575564839,0.07449944033569866,0.0,1.0000000000000002,sham-C
177.0,0.0,0.07028597704131001,0.07389763864196786,0.003611661600658067,1.0000000000000002,sham-C
178.0,0.0,0.07072757294634768,0.0741410312006221,0.003413458254274193,0.9999999999999998,sham-C
179.0,0.0,0.07227199937918094,0.07383014073863803,0.0015581413594573101,1.0000000000000002,sham-C
180.0,0.0,0.07223980241235295,0.07374954311560755,0.0015097407032544918,0.9999999999999999,sham-C
181.0,0.0,0.0733429068499627,0.07388652648358751,0.0005436196336248145,1.0,sham-C
182.0,0.0007710762997970022,0.07477170217510487,0.07400062587530809,0.0,0.9999999999999998,sham-C
183.0,0.0020408237513895866,0.07599436385065306,0.07395354009926303,0.0,1.0000000000000004,sham-C
184.0,0.0,0.07149049438437549,0.07410852577580707,0.0026180313914312414,0.9999999999999997,sham-C
185.0,0.0,0.07025777057569571,0.07384077412530232,0.0035830035496070556,1.0000000000000004,sham-C
186.0,0.0020653577046576554,0.07630900938086005,0.07424365167620217,0.0,1.0000000000000002,sham-C
187.0,0.004928498814686488,0.07966263065483736,0.07473413184015087,0.0,1.0,sham-C
188.0,0.004187949441359473,0.07901063482254078,0.07482268538118153,0.0,0.9999999999999998,sham-C
189.0,0.0,0.07347814290299848,0.0735493629137347,7.122001073645023e-05,1.0000000000000002,sham-C
190.0,0.0,0.07315055527767034,0.073965539464944,0.0008149841872735486,0.9999999999999999,sham-C
191.0,0.0,0.06928066194568006,0.07356946816345633,0.004288806217776497,1.0000000000000002,sham-C
192.0,0.0008519360862122571,0.07437929712064739,0.07352736103443513,0.0,1.0,sham-C
193.0,0.0,0.06996074635136917,0.0735258749259734,0.003565128574603782,0.9999999999999996,sham-C
194.0,0.0012107384162263202,0.0756940419626908,0.07448330354646449,0.0,1.0,sham-C
195.0,0.0,0.07195360329804523,0.07394953622169165,0.001995932923646304,0.9999999999999999,sham-C
196.0,0.002960767425557176,0.07764143201767837,0.07468066459212075,0.0,1.0000000000000004,sham-C
197.0,0.0,0.07036339895961419,0.07423853147623305,0.003875132516619084,1.0000000000000002,sham-C
198.0,0.0035371128957022435,0.07791908608627907,0.07438197319057638,0.0,1.0000000000000004,sham-C
199.0,0.0020831034924810865,0.07632463881025497,0.07424153531777344,0.0,1.0000000000000004,sham-C
200.0,0.0,0.07232852849870453,0.0740397504195639,0.0017112219208592627,0.9999999999999999,sham-C
201.0,0.0,0.06872019092775372,0.0733510167351451,0.004630825807391159,0.9999999999999998,sham-C
202.0,0.0007148457728645141,0.07409395134454111,0.0733791055716766,0.0,1.0,sham-C
203.0,0.0,0.0719231150318016,0.07386807641146131,0.0019449613796601595,1.0000000000000004,sham-C
204.0,0.0,0.07260320734023895,0.07379307546244329,0.0011898681222043406,1.0,sham-C
205.0,0.001509688420396449,0.07548085917755065,0.07397117075715398,0.0,1.0000000000000002,sham-C
206.0,0.0021071562142367384,0.07659440334256895,0.07448724712833199,0.0,1.0000000000000002,sham-C
207.0,0.0,0.07060788327475476,0.07438548836177328,0.0037776050870184097,0.9999999999999999,sham-C
208.0,0.000345516199085405,0.07443059317395107,0.07408507697486577,0.0,0.9999999999999999,sham-C
209.0,0.0,0.06892969734900944,0.07367027215328126,0.004740574804272257,1.0000000000000004,sham-C
210.0,0.0,0.07261061205351016,0.07433619369378319,0.0017255816402732549,1.0000000000000002,sham-C
211.0,0.003126987678368387,0.0772472782356457,0.07412029055727731,0.0,1.0,sham-C
212.0,0.0008611340336368567,0.07463040001150767,0.07376926597787103,0.0,0.9999999999999998,sham-C
213.0,0.0,0.07290770165652471,0.07403363740811342,0.0011259357515889246,1.0000000000000002,sham-C
214.0,0.0,0.06984856880047285,0.07341399744183064,0.003565428641357671,0.9999999999999999,sham-C
215.0,0.003653774881282601,0.07762527112673068,0.0739714962454483,0.0,0.9999999999999998,sham-C
216.0,0.001881875522968146,0.07638066701023627,0.0744987914872679,0.0,1.0000000000000002,sham-C
217.0,0.0,0.07267875556948988,0.07412946194741499,0.001450706377925326,1.0000000000000002,sham-C
218.0,0.0036027335552080153,0.077682701121077,0.07407996756586877,0.0,1.0000000000000002,sham-C
219.0,0.0,0.0704361161362872,0.07404035938460396,0.003604243248316763,1.0,sham-C
220.0,0.0,0.07137913539223328,0.07412289644622194,0.002743761053988658,1.0,sham-C
221.0,0.0013445969166768768,0.07513309484229302,0.07378849792561626,0.0,0.9999999999999999,sham-C
222.0,0.003663047904145955,0.07797393323664381,0.07431088533249763,0.0,1.0000000000000002,sham-C
223.0,0.0,0.07215036551356091,0.07409664629142731,0.0019462807778659608,0.9999999999999996,sham-C
224.0,0.0005473414603939242,0.07402550605752367,0.07347816459712986,0.0,0.9999999999999999,sham-C
225.0,0.0012960731040365658,0.07551149105198007,0.07421541794794329,0.0,1.0000000000000002,sham-C
226.0,0.0,0.0726606350130885,0.07410177181067124,0.0014411367975827316,1.0,sham-C
227.0,0.0008109099780684303,0.07466026299779283,0.07384935301972417,0.0,1.0000000000000002,sham-C
228.0,0.0006524399914673573,0.0747250950764975,0.07407265508503036,0.0,0.9999999999999998,sham-C
229.0,0.0,0.07134079020110495,0.07436881864944944,0.0030280284483443776,0.9999999999999999,sham-C
230.0,0.0,0.07001145012538634,0.07359219585902343,0.003580745733637314,1.0000000000000002,sham-C
231.0,0.0,0.07257689107147924,0.07379146254760727,0.0012145714761280235,1.0,sham-C
232.0,0.0,0.07384021020100517,0.07414662722041487,0.00030641701940969934,1.0,sham-C
233.0,0.0002638774668572985,0.07453155794038446,0.07426768047352694,0.0,1.0000000000000002,sham-C
234.0,0.0014938676065980871,0.0750573757837174,0.0735635081771191,0.0,1.0000000000000002,sham-C
235.0,0.002142792956545958,0.07654960857749016,0.07440681562094453,0.0,0.9999999999999997,sham-C
236.0,0.0,0.07238328309803133,0.07406869889741607,0.0016854157993844154,0.9999999999999997,sham-C
237.0,0.0008918932354207154,0.07471237937665864,0.0738204861412377,0.0,1.0000000000000002,sham-C
238.0,0.0005482309219655424,0.0743084966582106,0.07376026573624506,0.0,1.0,sham-C
239.0,0.0,0.07123156656442431,0.0742547667339517,0.003023200169527396,1.0,sham-C
240.0,0.003596859326785773,0.0777580774145108,0.07416121808772513,0.0,0.9999999999999999,sham-C
241.0,0.0,0.07146720772517123,0.07355722120956976,0.002090013484398745,1.0000000000000002,sham-C
242.0,0.0,0.07366402768148284,0.07425145610873429,0.0005874284272516794,1.0000000000000002,sham-C
243.0,0.001982854247197574,0.07640470021132795,0.07442184596413037,0.0,1.0,sham-C
244.0,0.00033121850887685156,0.07416060120532308,0.07382938269644646,0.0,0.9999999999999998,sham-C
245.0,0.0,0.07221362067180515,0.07426997611042796,0.0020563554386232585,1.0000000000000004,sham-C
246.0,0.0,0.07360811339315587,0.07408068502820997,0.0004725716350540976,1.0,sham-C
247.0,0.002892884997555134,0.07711351310464343,0.07422062810708785,0.0,1.0000000000000004,sham-C
248.0,0.0,0.07045108308194026,0.07407497329263346,0.0036238902106932036,1.0,sham-C
249.0,0.0,0.071763546069747,0.07368667030521048,0.0019231242354637024,1.0000000000000002,sham-C
250.0,0.004322312483701296,0.07837638027508742,0.07405406779138612,0.0,1.0,sham-C
251.0,0.007032983182770902,0.0815358427261681,0.07450285954339719,0.0,1.0,sham-C
252.0,0.0018524956502028456,0.0760922571673015,0.07423976151709888,0.0,0.9999999999999998,sham-C
253.0,0.0009883217807867828,0.07481395408201474,0.07382563230122807,0.0,0.9999999999999999,sham-C
254.0,0.0,0.06940973636807302,0.07338144386191414,0.00397170749384157,1.0000000000000004,sham-C
255.0,0.0,0.07264937220448964,0.07423302339047844,0.0015836511859886881,0.9999999999999999,sham-C
256.0,0.003474159204895688,0.07748440626958053,0.0740102470646844,0.0,1.0000000000000004,sham-C
257.0,0.00457130552681928,0.07901346011151578,0.0744421545846965,0.0,1.0,sham-C
258.0,0.0,0.07158983253367168,0.07416737884007418,0.0025775463064023896,0.9999999999999999,sham-C
259.0,0.0003278240942933275,0.074632714153261,0.07430489005896801,0.0,0.9999999999999997,sham-C
260.0,0.0,0.07397068939442342,0.07410733376558443,0.00013664437116078787,0.9999999999999998,sham-C
261.0,0.0,0.07391615142663843,0.07406251498526562,0.0001463635586274048,1.0000000000000002,sham-C
262.0,0.0,0.07290436599232564,0.07419473197952153,0.0012903659871965623,1.0000000000000007,sham-C
263.0,0.0,0.07339086013406537,0.07358049073889383,0.00018963060482868332,1.0000000000000002,sham-C
264.0,0.0007481188791573778,0.07476170004634852,0.07401358116719137,0.0,0.9999999999999998,sham-C
265.0,0.0025976475389706266,0.07683062059509549,0.07423297305612464,0.0,1.0000000000000002,sham-C
266.0,0.0006627834321034642,0.07460896522788052,0.07394618179577739,0.0,0.9999999999999997,sham-C
267.0,0.007104901783041684,0.08155564695869422,0.07445074517565309,0.0,0.9999999999999994,sham-C
268.0,0.0010756936116391724,0.07578842832163324,0.07471273470999407,0.0,1.0,sham-C
269.0,0.0,0.07341786979016729,0.07364411783628733,0.00022624804612003668,1.0,sham-C
270.0,0.0,0.07072488336631966,0.07387253007089101,0.0031476467045713497,1.0,sham-C
271.0,0.0,0.07214655031831785,0.07395458353988482,0.0018080332215667516,0.9999999999999998,sham-C
272.0,0.0,0.07307709337128032,0.0739053604829144,0.0008282671116339735,0.9999999999999999,sham-C
273.0,0.0042736095606774605,0.07825504875482814,0.07398143919415068,0.0,1.0,sham-C
274.0,0.0,0.07337511662105567,0.07425449770627113,0.0008793810852150141,0.9999999999999996,sham-C
275.0,0.0,0.07292060815744583,0.07431161363823846,0.0013910054807928507,1.0000000000000002,sham-C
276.0,0.0,0.07325861213025897,0.07352932646003363,0.00027071432977465726,1.0,sham-C
277.0,0.0,0.067688178286327,0.0738024886257379,0.006114310339410789,0.9999999999999999,sham-C
278.0,0.003203367971693072,0.07737029304550713,0.07416692507381417,0.0,0.9999999999999999,sham-C
279.0,0.0,0.07363639398898192,0.07394196981160528,0.00030557582262358274,1.0000000000000002,sham-C
280.0,0.002013904532884636,0.0762958469347832,0.07428194240189856,0.0,1.0,sham-C
281.0,0.0,0.07228206106441837,0.07399212781288889,0.001710066748470962,1.0000000000000004,sham-C
282.0,0.0,0.07143620023765962,0.07364771918379509,0.00221151894613536,0.9999999999999999,sham-C
283.0,0.0,0.07384336107850342,0.07416101564568467,0.00031765456718124696,1.0,sham-C
284.0,0.0,0.07292022891045913,0.07415705158016661,0.0012368226697074824,1.0,sham-C
285.0,0.006179563487477058,0.08052111328176137,0.07434154979428431,0.0,1.0,sham-C
286.0,0.0,0.07061309563061169,0.07355077407736066,0.0029376784467487482,0.9999999999999998,sham-C
287.0,0.0,0.07034782352238289,0.07419202727832497,0.0038442037559425213,1.0000000000000004,sham-C
288.0,0.0007425410373826935,0.07479861900145113,0.07405607796406821,0.0,1.0000000000000002,sham-C
289.0,0.0020656626095130193,0.07584892496146023,0.07378326235194699,0.0,1.0000000000000002,sham-C
290.0,0.0019244720269382398,0.07655132375259144,0.07462685172565275,0.0,1.0000000000000004,sham-C
291.0,0.0,0.07250214578333258,0.07413389081295718,0.0016317450296245983,1.0,sham-C
292.0,0.0,0.07274059847194958,0.07362893140663473,0.0008883329346850433,0.9999999999999999,sham-C
293.0,0.0035925701959572676,0.07783821590998174,0.07424564571402459,0.0,0.9999999999999999,sham-C
294.0,0.0022669485740909323,0.07693694059642109,0.07466999202233038,0.0,0.9999999999999998,sham-C
295.0,0.002361500770064473,0.0763130149183675,0.07395151414830314,0.0,0.9999999999999999,sham-C
296.0,0.0,0.06973556984039919,0.0734422941871381,0.003706724346739132,1.0000000000000002,sham-C
297.0,0.0,0.07128498102293901,0.07431603260825759,0.0030310515853188003,1.0000000000000002,sham-C
298.0,0.0006278372724788372,0.07434094859098717,0.07371311131850855,0.0,0.9999999999999998,sham-C
299.0,0.0,0.07022939190616562,0.0735964806510363,0.003367088744870461,0.9999999999999998,sham-C
300.0,0.0,0.07404495961943236,0.07415559749222611,0.0001106378727937507,1.0,sham-C
301.0,0.0059105088721305155,0.08039835039600507,0.07448784152387433,0.0,1.0000000000000002,sham-C
302.0,0.003178120607980617,0.07705295578319316,0.07387483517521187,0.0,1.0000000000000007,sham-C
303.0,0.0,0.06907487382576183,0.07409621883157802,0.005021345005815858,0.9999999999999997,sham-C
304.0,0.0,0.07279433748272579,0.0740148129505599,0.0012204754678339924,0.9999999999999999,sham-C
305.0,0.0,0.07282266124065817,0.07386001146837595,0.0010373502277180036,1.0000000000000002,sham-C
306.0,0.0001528655598155293,0.0742449873182851,0.07409212175846913,0.0,1.0000000000000004,sham-C
307.0,0.0020445296750506436,0.0765651550039752,0.07452062532892434,0.0,1.0000000000000002,sham-C
308.0,0.0007452126510100188,0.07458879056269718,0.07384357791168727,0.0,0.9999999999999999,sham-C
309.0,0.0,0.0732654209328889,0.0740721508172213,0.0008067298843322801,0.9999999999999999,sham-C
310.0,0.0,0.0737146204595549,0.07389686067429768,0.0001822402147427793,1.0,sham-C
311.0,0.0032854749257551497,0.07728772692511798,0.07400225199936283,0.0,1.0,sham-C
312.0,0.0015242627828014887,0.07584740417700919,0.07432314139420781,0.0,0.9999999999999999,sham-C
313.0,0.0,0.07262720629954922,0.07397923361928394,0.0013520273197346055,0.9999999999999999,sham-C
314.0,0.005984229165038046,0.08009291735429702,0.07410868818925898,0.0,1.0,sham-C
315.0,0.0,0.0705988712095964,0.07365274647512488,0.0030538752655284718,1.0,sham-C
316.0,0.0016686415021882617,0.07593428104954758,0.0742656395473591,0.0,1.0000000000000002,sham-C
317.0,0.0,0.07167568059969831,0.07396538272050723,0.002289702120809367,1.0000000000000004,sham-C
318.0,0.0031776714151460217,0.0769237347429026,0.07374606332775668,0.0,0.9999999999999999,sham-C
319.0,6.607973447780857e-05,0.07451904875557025,0.074452969021092,0.0,1.0000000000000004,sham-C
320.0,0.0,0.0720644206566059,0.0744494121551994,0.0023849914985933918,0.9999999999999999,sham-C
321.0,0.0022440944736584756,0.07626494995351196,0.0740208554798536,0.0,0.9999999999999999,sham-C
322.0,0.0,0.07213775746110218,0.07372311947682353,0.0015853620157209036,0.9999999999999996,sham-C
323.0,0.0,0.07342932217979281,0.07430835347332154,0.0008790312935289535,1.0000000000000002,sham-C
324.0,0.0012834510952064448,0.07522993698202751,0.07394648588682129,0.0,0.9999999999999998,sham-C
325.0,0.0,0.0695215232567239,0.07341988800950172,0.0038983647527780496,1.0000000000000002,sham-C
326.0,0.0016464611387783101,0.075846898599645,0.07420043746086646,0.0,1.0000000000000002,sham-C
327.0,0.0002560447072554872,0.07429642006273585,0.07404037535548014,0.0,1.0000000000000002,sham-C
328.0,0.004282544849751879,0.07850341957064,0.0742208747208879,0.0,1.0000000000000002,sham-C
329.0,0.0002431700091503064,0.07475980636276502,0.07451663635361427,0.0,1.0000000000000004,sham-C
330.0,0.0008450197254938896,0.07482470459466461,0.07397968486917073,0.0,1.0,sham-C
331.0,0.0,0.07171195204312464,0.07358362998238366,0.001871677939259464,1.0000000000000004,sham-C
332.0,0.0,0.07343526598148364,0.07433018136677472,0.0008949153852908509,0.9999999999999998,sham-C
333.0,0.0038433962807524757,0.0777291352062246,0.0738857389254719,0.0,1.0000000000000002,sham-C
334.0,0.001903237219726961,0.07583416377704855,0.07393092655732159,0.0,1.0,sham-C
335.0,0.0,0.07015680388164025,0.07366857923165193,0.003511775350011681,1.0,sham-C
336.0,0.0,0.07088980796794475,0.07406675839545185,0.003176950427507097,1.0,sham-C
337.0,0.0037190102621146304,0.07769140281305442,0.07397239255094012,0.0,0.9999999999999997,sham-C
338.0,0.0008063251798655635,0.07508934190599481,0.07428301672612925,0.0,1.0,sham-C
339.0,0.0009565636808055444,0.07563086555802423,0.07467430187721824,0.0,1.0000000000000004,sham-C
340.0,0.0007733360392342403,0.07480421109268831,0.07403087505345418,0.0,0.9999999999999999,sham-C
341.0,0.0,0.06990346139484194,0.07364282418737611,0.0037393627925343953,1.0000000000000002,sham-C
342.0,0.0,0.07327868334473986,0.07411551309500841,0.0008368297502685529,1.0,sham-C
343.0,0.0023981096179750416,0.07640094983170842,0.07400284021373316,0.0,1.0000000000000002,sham-C
344.0,0.0012011140230718809,0.07503274709790309,0.07383163307483143,0.0,0.9999999999999998,sham-C
345.0,0.0008140605031816683,0.07506086058891737,0.07424680008573592,0.0,0.9999999999999998,sham-C
346.0,0.0,0.06968017583208974,0.07364380713601071,0.003963631303920856,0.9999999999999999,sham-C
347.0,0.0030049328580581403,0.07691066493914223,0.07390573208108386,0.0,1.0000000000000002,sham-C
348.0,0.0,0.07390809558719313,0.07419885556906247,0.0002907599818690043,0.9999999999999997,sham-C
349.0,0.0,0.0695476048155288,0.0742458049893473,0.004698200173818723,1.0000000000000002,sham-C
350.0,0.0009245135792614878,0.07431215275773084,0.07338763917846958,0.0,0.9999999999999998,sham-C
351.0,0.003398431716861827,0.07787241439221027,0.07447398267534822,0.0,1.0000000000000002,sham-C
352.0,0.0001931204250023022,0.07457200688944954,0.07437888646444679,0.0,1.0000000000000004,sham-C
353.0,0.0008759865797635102,0.07468245323596467,0.07380646665620128,0.0,0.9999999999999999,sham-C
354.0,0.0,0.06782346982628429,0.07337688797200392,0.005553418145719524,0.9999999999999999,sham-C
355.0,0.0007817034904609166,0.07486644146671684,0.07408473797625592,0.0,1.0,sham-C
356.0,0.002570483770679255,0.07674436173948096,0.0741738779688017,0.0,1.0,sham-C
357.0,0.0006597083024486583,0.07487059423473674,0.07421088593228808,0.0,1.0,sham-C
358.0,0.0042962577811425096,0.07884185694156876,0.07454559916042602,0.0,1.0000000000000002,sham-C
359.0,0.0015175975384342788,0.07576900445887635,0.07425140692044208,0.0,1.0,sham-C
360.0,0.0,0.07210545347353037,0.07384323665398307,0.001737783180452479,0.9999999999999998,sham-C
361.0,0.0,0.07234020213529213,0.07400400115117778,0.0016637990158858695,1.0000000000000002,sham-C
362.0,0.0003841700911422219,0.07428645549527957,0.07390228540413712,0.0,1.0000000000000002,sham-C
363.0,0.0,0.07366425679255562,0.07391932705891002,0.0002550702663544069,1.0,sham-C
364.0,0.0,0.07153673991099296,0.07393246965642908,0.002395729745436115,1.0,sham-C
365.0,0.0005933639383992606,0.07475342738245461,0.07416006344405535,0.0,1.0,sham-C
366.0,0.0,0.07351917647597306,0.07401078928829163,0.00049161281231902,1.0000000000000004,sham-C
367.0,0.0007892460897280795,0.07495412381969735,0.07416487772996883,0.0,1.0000000000000004,sham-C
368.0,0.0,0.0736775022262397,0.07406670247601344,0.0003892002497737357,1.0,sham-C
369.0,0.0020964048666516355,0.07643098694970352,0.07433458208305166,0.0,1.0000000000000002,sham-C
370.0,0.0,0.07000629867722719,0.07367126684713377,0.0036649681699061354,0.9999999999999996,sham-C
371.0,0.0,0.07174016907928626,0.07414547566561125,0.0024053065863249845,1.0,sham-C
372.0,0.005839322974661165,0.07981105681192435,0.07397173383726341,0.0,0.9999999999999998,sham-C
373.0,0.003052671228395476,0.07715767370088122,0.07410500247248586,0.0,0.9999999999999999,sham-C
374.0,0.0,0.07079162166477504,0.07404728266501981,0.0032556610002447695,1.0,sham-C
375.0,0.0,0.07309663586313442,0.07372531397806914,0.000628678114934722,1.0,sham-C
376.0,0.0,0.07135054407907893,0.07372011821790803,0.0023695741388289893,0.9999999999999999,sham-C
377.0,0.0,0.06936353388171579,0.07418041048343194,0.004816876601716369,1.0000000000000002,sham-C
378.0,0.0,0.0723386473742782,0.07388781235683417,0.0015491649825561948,1.0000000000000002,sham-C
379.0,0.0019149226781696171,0.07621850439284228,0.07430358171467288,0.0,0.9999999999999998,sham-C
380.0,0.0,0.07117940000744394,0.07412115651356777,0.002941756506124049,1.0000000000000002,sham-C
381.0,0.0015731042426316844,0.076247244957242,0.07467414071461032,0.0,1.0,sham-C
382.0,0.002328887771223087,0.07623202666244655,0.07390313889122346,0.0,1.0,sham-C
383.0,0.003993612305017713,0.07836582951523718,0.07437221721021947,0.0,1.0,sham-C
384.0,0.0,0.07360803375668734,0.07368701758984186,7.898383315452229e-05,1.0,sham-C
385.0,0.002171524157115856,0.07587350885878408,0.07370198470166844,0.0,0.9999999999999998,sham-C
386.0,0.006942681225222791,0.08101796897712488,0.0740752877519022,0.0,0.9999999999999999,sham-C
387.0,0.0,0.07317974460353249,0.07380814800924052,0.0006284034057078003,0.9999999999999998,sham-C
388.0,0.0,0.07193608831150544,0.07386913663498174,0.0019330483234765161,1.0000000000000002,sham-C
389.0,0.004719948372995164,0.0790409572454327,0.07432100887243775,0.0,0.9999999999999998,sham-C
390.0,0.0012817436968046714,0.07587864552931234,0.07459690183250767,0.0,1.0,sham-C
391.0,0.0008187294867675332,0.07532489185663249,0.07450616236986529,0.0,0.9999999999999997,sham-C
392.0,0.003634252362144874,0.07794131628651524,0.07430706392437036,0.0,1.0,sham-C
393.0,0.0019061305770722292,0.07652126609928933,0.07461513552221688,0.0,1.0000000000000002,sham-C
394.0,0.0,0.07229340924282668,0.0739611292737633,0.0016677200309365148,0.9999999999999999,sham-C
395.0,0.0026163479067569106,0.07593433175194941,0.0733179838451925,0.0,1.0,sham-C
396.0,0.0,0.07054789253279758,0.07365312062892626,0.003105228096128676,1.0,sham-C
397.0,0.002532024920213649,0.076568331880011,0.07403630695979713,0.0,1.0000000000000002,sham-C
398.0,0.0035841893385875068,0.07754925205488084,0.0739650627162931,0.0,1.0000000000000002,sham-C
399.0,0.0,0.07351349627451342,0.07400192572675168,0.0004884294522384813,1.0000000000000002,sham-C
0.0,0.0023884038479822234,0.0675744371660374,0.06518603331805517,0.0,1.0,pert-rand-0.25
1.0,0.0010287571741883772,0.06699808370691507,0.06596932653272702,0.0,0.9999999999999997,pert-rand-0.25
2.0,0.0,0.0636312165138142,0.06740949593684453,0.0037782794230298844,0.9999999999999996,pert-rand-0.25
3.0,0.0026389926358589832,0.07097806410780105,0.06833907147194251,0.0,0.9999999999999996,pert-rand-0.25
4.0,0.001961070128984166,0.07269226480620561,0.07073119467722178,0.0,0.9999999999999997,pert-rand-0.25
5.0,0.0,0.06760624631990542,0.0696588922819088,0.0020526459620033854,1.0,pert-rand-0.25
6.0,0.0,0.06549490610095332,0.06711900936963944,0.0016241032686856727,0.9999999999999996,pert-rand-0.25
7.0,0.0,0.0696203680123535,0.06964491242321014,2.4544410856863763e-05,1.0000000000000002,pert-rand-0.25
8.0,0.005603764358912189,0.07636654518580865,0.07076278082689647,0.0,1.0,pert-rand-0.25
9.0,0.0,0.06596167087132887,0.06630651960443557,0.00034484873310658415,0.9999999999999999,pert-rand-0.25
10.0,0.0,0.0706902869225845,0.07142038048328081,0.0007300935606961989,0.9999999999999999,pert-rand-0.25
11.0,0.0,0.06822664139840495,0.06906052208355595,0.0008338806851508895,0.9999999999999999,pert-rand-0.25
12.0,0.0,0.07094744563804278,0.07310872517390721,0.0021612795358646464,1.0000000000000002,pert-rand-0.25
13.0,0.0,0.07043895627869157,0.07209101341680457,0.0016520571381130056,1.0,pert-rand-0.25
14.0,0.0,0.06758549180152307,0.07239412973463111,0.00480863793310804,1.0,pert-rand-0.25
15.0,0.0025983058678213933,0.07442783990686341,0.07182953403904202,0.0,1.0,pert-rand-0.25
16.0,0.0020007978225988765,0.07723192714902138,0.07523112932642251,0.0,1.0,pert-rand-0.25
17.0,0.0004312699977104817,0.0718215129787807,0.07139024298106955,0.0,1.0000000000000007,pert-rand-0.25
18.0,0.0013074229544671745,0.07283030401915824,0.07152288106469085,0.0,1.0000000000000002,pert-rand-0.25
19.0,0.0031780094379809665,0.07583845301381809,0.0726604435758369,0.0,1.0000000000000002,pert-rand-0.25
20.0,0.0,0.06858446728452261,0.07125156370516361,0.00266709642064078,0.9999999999999998,pert-rand-0.25
21.0,0.0,0.06638664778016046,0.07072646618462342,0.004339818404462847,0.9999999999999999,pert-rand-0.25
22.0,0.0005560466754632731,0.07311549901064351,0.07255945233518091,0.0,0.9999999999999993,pert-rand-0.25
23.0,0.0,0.07212907173730798,0.07297938582080421,0.0008503140834962286,1.0,pert-rand-0.25
24.0,0.0,0.07266799939820356,0.07372712201435228,0.001059122616148267,0.9999999999999996,pert-rand-0.25
25.0,0.0,0.07271263431347808,0.07468345970459633,0.0019708253911181473,0.9999999999999999,pert-rand-0.25
26.0,0.003910109060000444,0.07655846517096498,0.07264835611096454,0.0,1.0,pert-rand-0.25
27.0,0.0,0.07467654386390032,0.0750911610493088,0.00041461718540836134,0.9999999999999999,pert-rand-0.25
28.0,0.0,0.07052263774410661,0.0729561330585552,0.002433495314448808,1.0000000000000002,pert-rand-0.25
29.0,0.0,0.07114312893420482,0.07187866018763467,0.0007355312534294001,0.9999999999999996,pert-rand-0.25
30.0,0.0019206908926879818,0.07431554327340262,0.07239485238071475,0.0,0.9999999999999999,pert-rand-0.25
31.0,0.0,0.06898200219372441,0.07186758220655143,0.002885580012826683,0.9999999999999997,pert-rand-0.25
32.0,0.0034319204473706177,0.07509391550905109,0.07166199506168058,0.0,0.9999999999999999,pert-rand-0.25
33.0,0.0,0.07342253892282735,0.0738109056733488,0.0003883667505213406,0.9999999999999999,pert-rand-0.25
34.0,0.0,0.07143642019486585,0.07350017332625947,0.0020637531313938418,1.0000000000000002,pert-rand-0.25
35.0,0.0009572491466294242,0.07566327963699337,0.07470603049036417,0.0,0.9999999999999998,pert-rand-0.25
36.0,0.0,0.07454692140010599,0.07474164415980067,0.00019472275969512065,1.0000000000000004,pert-rand-0.25
37.0,0.0,0.07139443897819508,0.07491993352530735,0.0035254945471124843,1.0000000000000002,pert-rand-0.25
38.0,0.0010218763317582091,0.07475468784858874,0.07373281151683053,0.0,1.0,pert-rand-0.25
39.0,0.0,0.07350316138984936,0.07399092215555514,0.00048776076570600235,1.0000000000000002,pert-rand-0.25
40.0,0.00021273684479150567,0.0729482529303016,0.0727355160855101,0.0,1.0,pert-rand-0.25
41.0,0.0,0.07308275348602167,0.07323483544521514,0.000152081959193473,1.0,pert-rand-0.25
42.0,0.0036251803827456186,0.076740176246898,0.07311499586415238,0.0,1.0,pert-rand-0.25
43.0,0.002695967525970344,0.07507057006013573,0.07237460253416517,0.0,1.0000000000000002,pert-rand-0.25
44.0,0.0,0.07102657651468869,0.07353655771200718,0.0025099811973184893,1.0,pert-rand-0.25
45.0,0.0027753191586078474,0.077532578628845,0.07475725947023726,0.0,0.9999999999999999,pert-rand-0.25
46.0,0.000524834727431811,0.07479986099828628,0.07427502627085425,0.0,1.0000000000000002,pert-rand-0.25
47.0,0.0,0.07111864123236722,0.07465767330401307,0.0035390320716454093,0.9999999999999996,pert-rand-0.25
48.0,0.0019305929591264537,0.07646737597578168,0.074536783016655,0.0,1.0000000000000002,pert-rand-0.25
49.0,0.0024067376202319135,0.07646598241213853,0.07405924479190662,0.0,1.0,pert-rand-0.25
50.0,0.0,0.07029421837257943,0.07396303153362216,0.0036688131610423946,0.9999999999999997,pert-rand-0.25
51.0,0.000827303523531997,0.07368032456760232,0.07285302104406988,0.0,1.0000000000000004,pert-rand-0.25
52.0,0.0029803988713044127,0.0763472775519114,0.07336687868060654,0.0,1.0000000000000004,pert-rand-0.25
53.0,0.0,0.07069088451482508,0.07312401743298647,0.0024331329181612738,0.9999999999999999,pert-rand-0.25
54.0,0.0,0.07210835181436814,0.07326718844402735,0.00115883662965921,1.0,pert-rand-0.25
55.0,0.004018246882363741,0.0775285358096649,0.07351028892730116,0.0,1.0,pert-rand-0.25
56.0,0.0,0.07256734397930242,0.07427130681878857,0.0017039628394863726,1.0000000000000002,pert-rand-0.25
57.0,0.0,0.07239309915538361,0.0746160792074565,0.002222980052072776,0.9999999999999999,pert-rand-0.25
58.0,0.0036513499464680965,0.07834125317099105,0.07468990322452296,0.0,1.0,pert-rand-0.25
59.0,0.0,0.07431134362333403,0.07453449477830631,0.00022315115497228977,1.0,pert-rand-0.25
60.0,0.0,0.07060160225657142,0.07388008420067971,0.0032784819441082913,1.0,pert-rand-0.25
61.0,0.0026064093285220746,0.07667266622504987,0.07406625689652757,0.0,1.0000000000000002,pert-rand-0.25
62.0,0.0017595282335949314,0.07558367665250065,0.07382414841890572,0.0,1.0,pert-rand-0.25
63.0,0.0,0.06854469484163994,0.07253514468505606,0.003990449843415789,0.9999999999999997,pert-rand-0.25
64.0,0.0015316317486699926,0.07532887390075782,0.07379724215208805,0.0,0.9999999999999998,pert-rand-0.25
65.0,0.0024501319365745067,0.07575792472493004,0.07330779278835564,0.0,0.9999999999999999,pert-rand-0.25
66.0,0.0,0.07044445114327269,0.07361962416246959,0.0031751730191968974,1.0,pert-rand-0.25
67.0,0.0,0.07417474303418814,0.07445601206981622,0.0002812690356283065,1.0000000000000002,pert-rand-0.25
68.0,0.0036308473458501744,0.07829803506024025,0.0746671877143894,0.0,1.0000000000000007,pert-rand-0.25
69.0,0.0,0.07175756431414637,0.0741812924051054,0.002423728090959032,1.0,pert-rand-0.25
70.0,0.0,0.0728263362717314,0.07471992863476862,0.0018935923630370999,0.9999999999999999,pert-rand-0.25
71.0,0.0038534757335652037,0.07789679976483344,0.07404332403126856,0.0,0.9999999999999997,pert-rand-0.25
72.0,0.0,0.07262309758835506,0.07363531217595021,0.0010122145875955946,1.0000000000000004,pert-rand-0.25
73.0,0.0,0.07095073295780496,0.07360375008625852,0.002653017128453561,1.0,pert-rand-0.25
74.0,0.002873103824466039,0.07682745799385127,0.07395435416938545,0.0,0.9999999999999998,pert-rand-0.25
75.0,0.0009124482752667085,0.07399885814455742,0.07308640986929071,0.0,1.0,pert-rand-0.25
76.0,0.0,0.06980497151717646,0.07346959528147501,0.003664623764298991,1.0000000000000004,pert-rand-0.25
77.0,0.0023428992800926807,0.07651409845977386,0.07417119917968096,0.0,1.0000000000000002,pert-rand-0.25
78.0,0.0018476532872129248,0.07594484809361468,0.07409719480640153,0.0,1.0000000000000002,pert-rand-0.25
79.0,0.0,0.07128203977293301,0.07460121333933256,0.003319173566399436,0.9999999999999999,pert-rand-0.25
80.0,0.0007237014510670381,0.07503025992415235,0.0743065584730851,0.0,1.0000000000000002,pert-rand-0.25
81.0,0.0031498802135436765,0.07781807869212143,0.07466819847857731,0.0,1.0000000000000004,pert-rand-0.25
82.0,0.0021003876700469437,0.07648050486424784,0.07438011719420046,0.0,1.0000000000000004,pert-rand-0.25
83.0,0.0,0.07312400234712313,0.07396637654891836,0.0008423742017952263,1.0,pert-rand-0.25
84.0,0.0,0.06631863739001154,0.07306949283314235,0.00675085544313081,1.0,pert-rand-0.25
85.0,0.0002980676137444016,0.07349193728125791,0.07319386966751407,0.0,0.9999999999999994,pert-rand-0.25
86.0,0.002182784816582739,0.07624372402932478,0.07406093921274226,0.0,0.9999999999999998,pert-rand-0.25
87.0,0.0,0.06900610793332351,0.07362513402133486,0.0046190260880115686,1.0000000000000002,pert-rand-0.25
88.0,0.00033806255658652695,0.07367492380396068,0.07333686124737415,0.0,1.0,pert-rand-0.25
89.0,0.0,0.07381146064161226,0.07451813811127161,0.0007066774696595779,1.0000000000000002,pert-rand-0.25
90.0,0.0,0.06986771753011922,0.0745296724808383,0.004661954950719083,1.0,pert-rand-0.25
91.0,0.0,0.07241660178451381,0.07384010323361856,0.0014235014491049691,1.0000000000000002,pert-rand-0.25
92.0,0.0015686377191053147,0.07581278096824429,0.07424414324913897,0.0,1.0,pert-rand-0.25
93.0,0.0,0.07409030941238459,0.0745199952508887,0.0004296858385037794,0.9999999999999997,pert-rand-0.25
94.0,0.0024584806729500697,0.07646185576174913,0.0740033750887994,0.0,0.9999999999999997,pert-rand-0.25
95.0,0.001486615189416396,0.07505665430026354,0.07357003911084736,0.0,0.9999999999999998,pert-rand-0.25
96.0,0.0,0.0725075998562068,0.07386259764235625,0.0013549977861496698,1.0000000000000002,pert-rand-0.25
97.0,0.006003763045345112,0.07959721572514789,0.07359345267980255,0.0,1.0000000000000002,pert-rand-0.25
98.0,0.0020698598336625906,0.07586383358131088,0.07379397374764829,0.0,1.0,pert-rand-0.25
99.0,0.0,0.07313775242976184,0.07413145704579482,0.0009937046160328755,0.9999999999999999,pert-rand-0.25
100.0,0.00020060642940311624,0.07409586712617222,0.0738952606967691,0.0,1.0,pert-rand-0.25
101.0,0.002888204587445986,0.07727452244075139,0.07438631785330552,0.0,0.9999999999999999,pert-rand-0.25
102.0,0.0,0.07121324232922444,0.07460888156835854,0.0033956392391343293,1.0000000000000002,pert-rand-0.25
103.0,0.0,0.06757188151626758,0.07373023079825303,0.00615834928198522,0.9999999999999998,pert-rand-0.25
104.0,0.0030317373726908015,0.07713790113135466,0.07410616375866419,0.0,0.9999999999999997,pert-rand-0.25
105.0,0.0,0.07281447588675838,0.07374176901262786,0.0009272931258694772,1.0,pert-rand-0.25
106.0,0.0001431863763501351,0.0744534699312116,0.07431028355486147,0.0,1.0,pert-rand-0.25
107.0,0.002687866767025038,0.07634697877450436,0.07365911200747943,0.0,0.9999999999999999,pert-rand-0.25
108.0,0.0,0.06860820997064687,0.0731608125511144,0.004552602580467302,0.9999999999999998,pert-rand-0.25
109.0,0.002662810311343633,0.07697734657758604,0.07431453626624251,0.0,0.9999999999999999,pert-rand-0.25
110.0,0.0031216593606684384,0.07737700567265526,0.0742553463119866,0.0,1.0000000000000002,pert-rand-0.25
111.0,0.0,0.07075053927981245,0.07392942130754099,0.0031788820277289798,1.0000000000000004,pert-rand-0.25
112.0,0.0,0.07366352425529077,0.07412385616051576,0.00046033190522543066,1.0000000000000004,pert-rand-0.25
113.0,0.003492789224784021,0.07820935452360644,0.0747165652988222,0.0,1.0000000000000002,pert-rand-0.25
114.0,0.0,0.0709137068985548,0.07377192432045843,0.0028582174219036194,1.0,pert-rand-0.25
115.0,0.0034135917722530884,0.07771049229620264,0.0742969005239491,0.0,1.0000000000000004,pert-rand-0.25
116.0,0.0,0.0741492638644039,0.07437871305570609,0.000229449191302189,1.0,pert-rand-0.25
117.0,0.0,0.07097817034089426,0.07299198227367676,0.0020138119327827164,1.0000000000000002,pert-rand-0.25
118.0,0.0006609175149725477,0.07458690082087549,0.07392598330590294,0.0,1.0,pert-rand-0.25
119.0,0.0,0.07137881212873931,0.07395450153369054,0.0025756894049514534,1.0000000000000002,pert-rand-0.25
120.0,0.0,0.06894961341051609,0.07279327483915643,0.0038436614286401216,0.9999999999999998,pert-rand-0.25
121.0,0.00013756720533097955,0.07414686290891193,0.07400929570358072,0.0,1.0000000000000002,pert-rand-0.25
122.0,0.0016856991272180544,0.07657349691168536,0.07488779778446708,0.0,1.0000000000000002,pert-rand-0.25
123.0,0.0023611466445925267,0.07687040570818238,0.0745092590635894,0.0,1.0000000000000004,pert-rand-0.25
124.0,0.0,0.0703029445658363,0.07397394736174512,0.0036710027959088176,1.0,pert-rand-0.25
125.0,0.0003937741001399653,0.07480146493349604,0.07440769083335619,0.0,0.9999999999999999,pert-rand-0.25
126.0,0.0057029561755790326,0.07997413621922456,0.07427118004364575,0.0,0.9999999999999998,pert-rand-0.25
127.0,0.0,0.07379253934574881,0.07390056315203486,0.00010802380628593955,0.9999999999999999,pert-rand-0.25
128.0,0.0035750453329350673,0.07779621715672391,0.07422117182378862,0.0,1.0000000000000002,pert-rand-0.25
129.0,0.0035021286459140377,0.0774790616581511,0.07397693301223707,0.0,1.0,pert-rand-0.25
130.0,0.0,0.07209947717761556,0.07350437842319102,0.0014049012455750187,0.9999999999999996,pert-rand-0.25
131.0,0.0016497540540876265,0.07553541086421012,0.07388565681012249,0.0,1.0,pert-rand-0.25
132.0,0.0021827776789242748,0.07632605253507929,0.07414327485615502,0.0,1.0,pert-rand-0.25
133.0,0.0,0.07053580990269404,0.07384362974085246,0.003307819838157977,0.9999999999999996,pert-rand-0.25
134.0,0.0,0.07062635696182351,0.07385665799768693,0.0032303010358634143,1.0,pert-rand-0.25
135.0,0.0,0.07215079326713614,0.0743815645492173,0.0022307712820811565,1.0,pert-rand-0.25
136.0,0.001673953307167908,0.0763458790653877,0.07467192575821957,0.0,1.0000000000000002,pert-rand-0.25
137.0,0.0008562453329686859,0.07474594600639528,0.0738897006734267,0.0,0.9999999999999999,pert-rand-0.25
138.0,0.00650463619602526,0.08151385537335232,0.07500921917732728,0.0,0.9999999999999998,pert-rand-0.25
139.0,0.0,0.0710064375223809,0.07348371629692674,0.0024772787745456215,0.9999999999999998,pert-rand-0.25
140.0,0.0,0.07010899215926747,0.07336467833247551,0.003255686173207595,0.9999999999999996,pert-rand-0.25
141.0,0.0014927269157907208,0.07519251863896148,0.0736997917231712,0.0,0.9999999999999996,pert-rand-0.25
142.0,0.0,0.07073454508508004,0.07344688628325147,0.002712341198171875,1.0000000000000004,pert-rand-0.25
143.0,0.0034282386243118523,0.07713742912694554,0.07370919050263369,0.0,1.0,pert-rand-0.25
144.0,0.0,0.07132684831444247,0.07420506602057453,0.00287821770613228,1.0000000000000002,pert-rand-0.25
145.0,0.0037886166104214025,0.07829490302467823,0.07450628641425716,0.0,0.9999999999999997,pert-rand-0.25
146.0,0.0,0.0730545173984063,0.07410505323264549,0.0010505358342389748,0.9999999999999998,pert-rand-0.25
147.0,0.0,0.07136595729195672,0.074236771227977,0.002870813936019956,0.9999999999999997,pert-rand-0.25
148.0,0.0030495408645814237,0.07776655189099269,0.07471701102641104,0.0,1.0000000000000002,pert-rand-0.25
149.0,0.0007793707484564649,0.07482264426411134,0.07404327351565487,0.0,1.0,pert-rand-0.25
150.0,0.0,0.07015151558647004,0.07378184785133157,0.0036303322648615355,1.0,pert-rand-0.25
151.0,0.002019079290864756,0.07591285299447281,0.07389377370360806,0.0,1.0,pert-rand-0.25
152.0,0.002259507200455535,0.07613204837395027,0.07387254117349507,0.0,0.9999999999999997,pert-rand-0.25
153.0,0.0,0.07002334049876224,0.07354292313912714,0.0035195826403648933,1.0,pert-rand-0.25
154.0,0.0025984450795292213,0.0764463988380224,0.07384795375849351,0.0,0.9999999999999997,pert-rand-0.25
155.0,0.0,0.07395995289041668,0.07412514525564928,0.0001651923652326026,1.0,pert-rand-0.25
156.0,0.0,0.07228215083625145,0.07401297346368374,0.0017308226274322935,1.0,pert-rand-0.25
157.0,0.0011346259820427251,0.0756445386374549,0.07450991265541229,0.0,0.9999999999999999,pert-rand-0.25
158.0,0.0,0.07311333845750889,0.07425545496045372,0.0011421165029444902,0.9999999999999997,pert-rand-0.25
159.0,7.0860567918829e-05,0.07415383848689161,0.07408297791897289,0.0,0.9999999999999999,pert-rand-0.25
160.0,0.0019828900923137827,0.07657910267150503,0.07459621257919125,0.0,1.0,pert-rand-0.25
161.0,0.0,0.07233937262744261,0.07397051068291816,0.001631138055475434,0.9999999999999999,pert-rand-0.25
162.0,0.0015517584653718108,0.07499602984850662,0.07344427138313492,0.0,0.9999999999999999,pert-rand-0.25
163.0,0.003720313632812,0.07806867831038034,0.07434836467756845,0.0,0.9999999999999999,pert-rand-0.25
164.0,0.0,0.07158220716087604,0.07345633841749521,0.0018741312566189494,0.9999999999999998,pert-rand-0.25
165.0,0.004350606786059252,0.07791703417472773,0.07356642738866825,0.0,1.0000000000000002,pert-rand-0.25
166.0,0.0,0.07015155898685399,0.0738514171949275,0.003699858208073392,0.9999999999999999,pert-rand-0.25
167.0,0.00026611345257154806,0.07459919583831431,0.0743330823857431,0.0,0.9999999999999997,pert-rand-0.25
168.0,0.0006903948442771313,0.07453498757797483,0.07384459273369726,0.0,1.0000000000000004,pert-rand-0.25
169.0,0.0,0.07432072559615399,0.07466372073382987,0.0003429951376757723,0.9999999999999999,pert-rand-0.25
170.0,0.0,0.07353516932903115,0.07449548286815277,0.0009603135391220707,1.0000000000000004,pert-rand-0.25
171.0,0.0007904787294018556,0.07497466039924539,0.07418418166984364,0.0,0.9999999999999999,pert-rand-0.25
172.0,0.002572362544583373,0.07661932390080062,0.07404696135621736,0.0,0.9999999999999999,pert-rand-0.25
173.0,0.0,0.07293155049342848,0.07428981491941855,0.0013582644259900745,1.0,pert-rand-0.25
174.0,0.0030643753537256124,0.07657779983622515,0.07351342448249931,0.0,1.0000000000000002,pert-rand-0.25
175.0,0.0010094736863550668,0.07469908871366648,0.07368961502731142,0.0,1.0,pert-rand-0.25
176.0,0.0,0.07081574587222339,0.07347561638460276,0.0026598705123793698,1.0,pert-rand-0.25
177.0,0.0,0.0720713081110187,0.07376852341237672,0.0016972153013580238,1.0,pert-rand-0.25
178.0,0.0036825948779514173,0.07798077744124354,0.07429818256329224,0.0,0.9999999999999999,pert-rand-0.25
179.0,0.0010149849675944456,0.07556461330640163,0.07454962833880718,0.0,1.0,pert-rand-0.25
180.0,0.0,0.07430419731102544,0.07443682090533477,0.0001326235943095444,1.0000000000000002,pert-rand-0.25
181.0,0.0,0.072818800118577,0.07414560266019843,0.0013268025416214302,1.0,pert-rand-0.25
182.0,0.0015290265330816233,0.07590616913983506,0.07437714260675343,0.0,1.0,pert-rand-0.25
183.0,0.0,0.07321196562806653,0.07421248501781463,0.0010005193897481002,1.0,pert-rand-0.25
184.0,0.0,0.07036705107615737,0.07348557313232396,0.0031185220561660287,0.9999999999999994,pert-rand-0.25
185.0,0.002088593186407861,0.07599299021900974,0.07390439703260143,0.0,1.0000000000000004,pert-rand-0.25
186.0,0.0,0.07202529495978771,0.07399527154402052,0.001969976584232702,0.9999999999999999,pert-rand-0.25
187.0,0.004269677414684203,0.07806571310565813,0.07379603569097393,0.0,1.0,pert-rand-0.25
188.0,0.0,0.07171962008489352,0.07363639798629407,0.0019167779013999908,0.9999999999999994,pert-rand-0.25
189.0,0.0,0.07220293842721981,0.07422394987871372,0.0020210114514934707,0.9999999999999996,pert-rand-0.25
190.0,0.003476948798904811,0.0777990586976185,0.07432210989871368,0.0,1.0,pert-rand-0.25
191.0,0.0,0.07356337127908974,0.07391644098285044,0.000353069703760589,0.9999999999999999,pert-rand-0.25
192.0,0.0,0.07109940790949731,0.07434216570389696,0.0032427577944000863,1.0000000000000004,pert-rand-0.25
193.0,0.0030176559716357243,0.07745173448288578,0.07443407851124983,0.0,1.0000000000000002,pert-rand-0.25
194.0,0.0010913584664933307,0.07512131192556915,0.07402995345907581,0.0,1.0,pert-rand-0.25
195.0,0.0,0.07016148992026072,0.07377154470506098,0.003610054784799921,0.9999999999999997,pert-rand-0.25
196.0,0.0016955691620147428,0.07572647830936008,0.07403090914734545,0.0,0.9999999999999999,pert-rand-0.25
197.0,0.0025139362522856867,0.07639129097821251,0.07387735472592682,0.0,1.0,pert-rand-0.25
198.0,0.0,0.07039154268702563,0.07370297763480282,0.003311434947776748,0.9999999999999996,pert-rand-0.25
199.0,0.00013787651613417218,0.07403621224509704,0.07389833572896287,0.0,1.0,pert-rand-0.25
200.0,0.0034683865530587,0.07772451122420465,0.07425612467114573,0.0,1.0000000000000002,pert-rand-0.25
201.0,0.0,0.07117407365203943,0.07388155099856386,0.002707477346524212,0.9999999999999998,pert-rand-0.25
202.0,0.0,0.07307312481556072,0.07425473817440054,0.001181613358840039,1.0000000000000002,pert-rand-0.25
203.0,0.0036461868119053165,0.07810602007356304,0.0744598332616575,0.0,1.0000000000000002,pert-rand-0.25
204.0,0.0,0.07273750744954932,0.07396660513466413,0.0012290976851148105,1.0,pert-rand-0.25
205.0,0.0,0.07140716397269409,0.07411275326263256,0.0027055892899381373,0.9999999999999997,pert-rand-0.25
206.0,0.003445336179982661,0.07777497717815551,0.07432964099817263,0.0,1.0000000000000002,pert-rand-0.25
207.0,0.0001670346216541274,0.07376386558157555,0.07359683095992153,0.0,0.9999999999999999,pert-rand-0.25
208.0,0.0,0.0702344957964749,0.07366296269582884,0.0034284668993539436,1.0,pert-rand-0.25
209.0,0.002453185332147223,0.07671794709171786,0.07426476175957109,0.0,0.9999999999999996,pert-rand-0.25
210.0,0.0016674669087743954,0.07556704462835517,0.07389957771958056,0.0,1.0000000000000002,pert-rand-0.25
211.0,0.0,0.07023555865557585,0.07380007023974855,0.0035645115841724806,0.9999999999999998,pert-rand-0.25
212.0,0.0010169356757128156,0.07542666109860852,0.07440972542289592,0.0,0.9999999999999998,pert-rand-0.25
213.0,0.002993264517423322,0.07721584712958318,0.07422258261215986,0.0,1.0,pert-rand-0.25
214.0,0.0,0.07061401411476997,0.07389718355465069,0.0032831694398813838,1.0000000000000007,pert-rand-0.25
215.0,0.0,0.07401835861342088,0.07438699760309841,0.00036863898967709474,0.9999999999999996,pert-rand-0.25
216.0,0.0035691443889720453,0.07774527234319706,0.07417612795422435,0.0,1.0000000000000007,pert-rand-0.25
217.0,0.0,0.0717875219584807,0.07382491022505389,0.0020373882665734033,1.0000000000000002,pert-rand-0.25
218.0,0.0,0.0719890838036299,0.07398764428883586,0.001998560485205969,1.0,pert-rand-0.25
219.0,0.003719456392721865,0.0778009607285266,0.07408150433580452,0.0,1.0000000000000002,pert-rand-0.25
220.0,0.0,0.07302704454940856,0.07370918850354347,0.0006821439541347951,0.9999999999999999,pert-rand-0.25
221.0,0.0,0.07089937380396871,0.07392347409019895,0.0030241002862301247,0.9999999999999999,pert-rand-0.25
222.0,0.0031050699647882096,0.07742804940949788,0.07432297944470978,0.0,0.9999999999999999,pert-rand-0.25
223.0,0.0008433004687188328,0.07486912714506633,0.0740258266763476,0.0,0.9999999999999999,pert-rand-0.25
224.0,0.0,0.07040337368694649,0.07392294700887125,0.0035195733219244296,0.9999999999999997,pert-rand-0.25
225.0,0.0026745446033297204,0.07733267426917223,0.07465812966584284,0.0,0.9999999999999997,pert-rand-0.25
226.0,0.004268942579108925,0.07849880605423154,0.07422986347512261,0.0,1.0,pert-rand-0.25
227.0,0.0,0.07249248096217653,0.07363800948278865,0.0011455285206117827,0.9999999999999997,pert-rand-0.25
228.0,0.0022433052591556146,0.07675852839069042,0.07451522313153491,0.0,0.9999999999999999,pert-rand-0.25
229.0,0.003236060460612533,0.07705979288408793,0.0738237324234754,0.0,1.0,pert-rand-0.25
230.0,0.002418824334909919,0.075864022781158,0.07344519844624764,0.0,1.0000000000000004,pert-rand-0.25
231.0,0.0025285376516638314,0.07689182676902084,0.07436328911735712,0.0,0.9999999999999999,pert-rand-0.25
232.0,0.0035870401294333387,0.0777871269178565,0.07420008678842338,0.0,0.9999999999999998,pert-rand-0.25
233.0,0.00038910180487428114,0.07395585020154738,0.07356674839667288,0.0,1.0000000000000002,pert-rand-0.25
234.0,0.0,0.06860649391208073,0.0738705273700716,0.005264033457990425,0.9999999999999996,pert-rand-0.25
235.0,0.0,0.07266552153937478,0.07439470629837475,0.0017291847590001908,1.0000000000000002,pert-rand-0.25
236.0,0.0,0.07382036422451965,0.07392556153468344,0.00010519731016400691,1.0000000000000002,pert-rand-0.25
237.0,0.0017310933345947577,0.07625841036803371,0.07452731703343907,0.0,0.9999999999999999,pert-rand-0.25
238.0,0.0,0.0724015203712578,0.07431694664071276,0.0019154262694546231,0.9999999999999997,pert-rand-0.25
239.0,0.0,0.07209249511725058,0.07370098226297395,0.0016084871457232586,0.9999999999999999,pert-rand-0.25
240.0,0.0,0.07238745509094957,0.07383690032555335,0.0014494452346039965,1.0000000000000002,pert-rand-0.25
241.0,0.0,0.07375580522260394,0.07397011099429573,0.0002143057716920138,1.0000000000000002,pert-rand-0.25
242.0,0.0022500733829066144,0.07619758246930619,0.07394750908639969,0.0,0.9999999999999999,pert-rand-0.25
243.0,0.0,0.06878073160382514,0.07348060553390579,0.004699873930080867,1.0000000000000002,pert-rand-0.25
244.0,0.0,0.07370193224741906,0.07396320849851046,0.0002612762510914024,1.0,pert-rand-0.25
245.0,0.0036160082827865203,0.07789083640341321,0.07427482812062669,0.0,1.0,pert-rand-0.25
246.0,0.0,0.07186268414177643,0.07410662089823683,0.0022439367564606183,1.0000000000000002,pert-rand-0.25
247.0,0.0,0.07224519254075368,0.07401007709859309,0.0017648845578390748,0.9999999999999997,pert-rand-0.25
248.0,0.0,0.07123200358577964,0.07413346674273247,0.0029014631569530547,1.0000000000000002,pert-rand-0.25
249.0,0.0,0.07160471280303726,0.07366378015826702,0.002059067355229538,0.9999999999999998,pert-rand-0.25
250.0,0.0,0.0723816429778803,0.07413486017282445,0.0017532171949440345,0.9999999999999999,pert-rand-0.25
251.0,0.004413838264798575,0.07896907940358155,0.07455524113878309,0.0,0.9999999999999999,pert-rand-0.25
252.0,0.0014378211941601382,0.07517407364115103,0.07373625244699089,0.0,1.0,pert-rand-0.25
253.0,0.000254118993236796,0.0740883157986707,0.0738341968054339,0.0,1.0,pert-rand-0.25
254.0,0.0046695865718966445,0.07963073201492676,0.07496114544303034,0.0,0.9999999999999998,pert-rand-0.25
255.0,0.0005627787167405973,0.07413784005632218,0.07357506133958136,0.0,1.0000000000000002,pert-rand-0.25
256.0,0.0,0.07004148256599207,0.07363005047240989,0.0035885679064178166,1.0,pert-rand-0.25
257.0,0.0007290768761591959,0.0751468901156811,0.07441781323952212,0.0,0.9999999999999998,pert-rand-0.25
258.0,0.00311040743267732,0.07746803205508579,0.07435762462240825,0.0,1.0000000000000002,pert-rand-0.25
259.0,0.0,0.07075237349316521,0.07368967411830674,0.0029373006251415257,1.0,pert-rand-0.25
260.0,0.0015921053338048274,0.0760794623937362,0.07448735705993137,0.0,1.0,pert-rand-0.25
261.0,0.0,0.07149320515174296,0.07364315449782943,0.002149949346086366,0.9999999999999999,pert-rand-0.25
262.0,0.0012678592066467376,0.07525150930129687,0.07398365009465069,0.0,0.9999999999999994,pert-rand-0.25
263.0,0.0,0.07164202579584544,0.07378140511098474,0.0021393793151397444,1.0000000000000004,pert-rand-0.25
264.0,0.0,0.07007870016122597,0.073803409954734,0.0037247097935079188,0.9999999999999999,pert-rand-0.25
265.0,0.0,0.07396067954656016,0.07411814932570493,0.00015746977914521398,1.0000000000000004,pert-rand-0.25
266.0,0.0,0.06772207145214293,0.07360351806784071,0.005881446615697783,1.0,pert-rand-0.25
267.0,9.921029573045637e-05,0.07415840132083873,0.07405919102510805,0.0,1.0000000000000002,pert-rand-0.25
268.0,0.0,0.07059758671317584,0.07392510272748154,0.003327516014305254,0.9999999999999996,pert-rand-0.25
269.0,0.0,0.07060776037915018,0.07387164383118128,0.00326388345203088,0.9999999999999998,pert-rand-0.25
270.0,0.0015856953195980683,0.07576263688191931,0.07417694156232124,0.0,1.0,pert-rand-0.25
271.0,0.0,0.07266097413628536,0.07432223269996296,0.0016612585636774924,0.9999999999999999,pert-rand-0.25
272.0,0.0,0.07124259496715935,0.07364936323045101,0.00240676826329167,1.0,pert-rand-0.25
273.0,0.003810915199742304,0.0785144357405605,0.07470352054081797,0.0,1.0000000000000002,pert-rand-0.25
274.0,0.003578805774025584,0.07770217721746686,0.07412337144344128,0.0,1.0,pert-rand-0.25
275.0,0.002733542259589772,0.07672134898439253,0.07398780672480276,0.0,1.0,pert-rand-0.25
276.0,0.0,0.07236370868493136,0.07378584297889823,0.0014221342939668702,1.0,pert-rand-0.25
277.0,0.0,0.07306684586219969,0.07403546891890866,0.0009686230567088616,0.9999999999999999,pert-rand-0.25
278.0,0.0,0.06671642263493771,0.07290875900532778,0.00619233637038985,0.9999999999999998,pert-rand-0.25
279.0,0.002636621022430008,0.07726105704796837,0.07462443602553837,0.0,1.0,pert-rand-0.25
280.0,0.003355861318269149,0.07776286408221078,0.07440700276394141,0.0,1.0000000000000002,pert-rand-0.25
281.0,0.0,0.07257639578096575,0.0740961993652044,0.0015198035842388657,1.0000000000000002,pert-rand-0.25
282.0,0.003011062165092393,0.07760838315447471,0.07459732098938243,0.0,0.9999999999999999,pert-rand-0.25
283.0,0.0,0.07073920697924407,0.07420287907799394,0.0034636720987505365,1.0000000000000007,pert-rand-0.25
284.0,0.002961874844782608,0.07693259979436151,0.07397072494957868,0.0,1.0000000000000002,pert-rand-0.25
285.0,0.0,0.06884120817193318,0.07370256789604401,0.004861359724110836,1.0,pert-rand-0.25
286.0,0.004540700242529949,0.07882966035713745,0.0742889601146075,0.0,1.0,pert-rand-0.25
287.0,0.0,0.07186846489454757,0.07350612555491953,0.0016376606603717425,0.9999999999999998,pert-rand-0.25
288.0,0.0,0.07012706238790489,0.07342571043135138,0.0032986480434464838,1.0,pert-rand-0.25
289.0,0.001719516511146879,0.07548894236038506,0.07376942584923829,0.0,0.9999999999999999,pert-rand-0.25
290.0,0.0,0.0702613865723074,0.07386268545973551,0.003601298887428106,1.0,pert-rand-0.25
291.0,0.0,0.07385574851292231,0.0743094163262561,0.0004536678133340022,1.0000000000000002,pert-rand-0.25
292.0,0.0,0.06844356064574542,0.07372222476446044,0.005278664118715026,1.0,pert-rand-0.25
293.0,0.0037330823699115445,0.07841685615292282,0.07468377378301128,0.0,1.0,pert-rand-0.25
294.0,0.0,0.07381732040100775,0.07491816744092905,0.0011008470399210823,0.9999999999999998,pert-rand-0.25
295.0,0.005068380765168579,0.07938047870533649,0.07431209794016791,0.0,1.0,pert-rand-0.25
296.0,0.0,0.07368002680377361,0.07396727677792858,0.00028724997415463527,0.9999999999999997,pert-rand-0.25
297.0,0.004403179307695626,0.07846293731985599,0.07405975801216047,0.0,0.9999999999999999,pert-rand-0.25
298.0,0.0,0.0700779479427609,0.07349952172503738,0.003421573782276255,0.9999999999999998,pert-rand-0.25
299.0,0.0009419505198009492,0.07389815451359616,0.07295620399379543,0.0,0.9999999999999998,pert-rand-0.25
300.0,0.002222341085372781,0.07618920443381194,0.07396686334843872,0.0,1.0000000000000004,pert-rand-0.25
301.0,0.0009184086629350219,0.0749118626159313,0.07399345395299606,0.0,1.0000000000000002,pert-rand-0.25
302.0,0.0,0.07104283456476868,0.0741450946962452,0.0031022601314767417,1.0000000000000002,pert-rand-0.25
303.0,0.0014510202070326939,0.0758074224598897,0.07435640225285778,0.0,0.9999999999999992,pert-rand-0.25
304.0,0.0,0.0721697924706699,0.07473931702431469,0.0025695245536445643,0.9999999999999998,pert-rand-0.25
305.0,0.0,0.07301056553139906,0.07434744138261407,0.0013368758512148915,0.9999999999999999,pert-rand-0.25
306.0,0.003741166801152218,0.07837328735430305,0.07463212055315105,0.0,0.9999999999999998,pert-rand-0.25
307.0,0.0,0.07225715965080681,0.07369450546143697,0.0014373458106298198,0.9999999999999997,pert-rand-0.25
308.0,0.00011951707829926939,0.07391170651479606,0.07379218943649679,0.0,1.0,pert-rand-0.25
309.0,0.0,0.072526875763119,0.07348760405308974,0.00096072828997118,1.0000000000000004,pert-rand-0.25
310.0,0.002822622003234576,0.07639313939489534,0.07357051739166054,0.0,1.0000000000000002,pert-rand-0.25
311.0,0.003708719582035336,0.07765887192307841,0.07395015234104307,0.0,1.0,pert-rand-0.25
312.0,0.0,0.07208064447709628,0.07391414563129972,0.001833501154203221,0.9999999999999998,pert-rand-0.25
313.0,0.0,0.07081071540526684,0.07386932856874362,0.0030586131634766645,0.9999999999999999,pert-rand-0.25
314.0,0.00706092346738918,0.08199980161769038,0.07493887815030131,0.0,0.9999999999999999,pert-rand-0.25
315.0,0.0014433284398440716,0.07640957969349138,0.07496625125364709,0.0,1.0000000000000002,pert-rand-0.25
316.0,0.0,0.07419535243860564,0.07424658112424931,5.122868564366723e-05,1.0,pert-rand-0.25
317.0,0.0033426596793235674,0.07771013814329075,0.0743674784639674,0.0,0.9999999999999998,pert-rand-0.25
318.0,0.0,0.07345375721034642,0.07417900394506804,0.0007252467347214075,0.9999999999999998,pert-rand-0.25
319.0,0.0,0.06595862672748942,0.0729226165245388,0.006963989797049375,1.0,pert-rand-0.25
320.0,0.0,0.0709258906582062,0.07299000191905469,0.002064111260847934,0.9999999999999994,pert-rand-0.25
321.0,0.0,0.07282671564925303,0.07365271648329008,0.000826000834036722,0.9999999999999997,pert-rand-0.25
322.0,0.0028975867128989696,0.07660955995888785,0.073711973245989,0.0,0.9999999999999999,pert-rand-0.25
323.0,0.0,0.0727564329655217,0.07372724110790063,0.0009708081423787096,0.9999999999999998,pert-rand-0.25
324.0,0.005718837463827509,0.08079979808166926,0.07508096061784153,0.0,1.0000000000000002,pert-rand-0.25
325.0,0.00021730454402257848,0.07472617595412889,0.07450887141010609,0.0,1.0000000000000002,pert-rand-0.25
326.0,0.0,0.07287213204396936,0.0740846990488303,0.0012125670048611648,1.0000000000000002,pert-rand-0.25
327.0,0.004299849326474314,0.07920175628673531,0.07490190696026078,0.0,1.0000000000000002,pert-rand-0.25
328.0,0.0,0.07226457110384188,0.07402291887243484,0.0017583477685934046,1.0000000000000004,pert-rand-0.25
329.0,0.0010217455576303491,0.07465286136542049,0.07363111580779025,0.0,0.9999999999999999,pert-rand-0.25
330.0,0.004805118776837203,0.07854671282193415,0.0737415940450965,0.0,1.0000000000000004,pert-rand-0.25
331.0,0.000970264277647237,0.07504426653116458,0.07407400225351801,0.0,0.9999999999999993,pert-rand-0.25
332.0,0.0,0.07304658669468389,0.07326081960553799,0.0002142329108538732,0.9999999999999998,pert-rand-0.25
333.0,0.0,0.07191764239349419,0.07368529775137767,0.0017676553578837018,1.0000000000000002,pert-rand-0.25
334.0,6.737418805169426e-05,0.07407259120855825,0.07400521702050611,0.0,1.0000000000000004,pert-rand-0.25
335.0,0.0044985376458136495,0.0793116690064517,0.07481313136063816,0.0,0.9999999999999999,pert-rand-0.25
336.0,0.0,0.07242982776168594,0.07424605784794425,0.001816230086258308,1.0,pert-rand-0.25
337.0,0.0,0.07226531051375207,0.07442216645442723,0.002156855940675162,1.0,pert-rand-0.25
338.0,0.003489473828016454,0.07775391098454976,0.07426443715653286,0.0,1.0000000000000004,pert-rand-0.25
339.0,0.0,0.07430402624267707,0.07430889141354968,4.865170872614399e-06,1.0,pert-rand-0.25
340.0,0.0,0.0726371183551271,0.07383695328954565,0.0011998349344184422,0.9999999999999999,pert-rand-0.25
341.0,0.002118377881404454,0.07611433685248681,0.07399595897108258,0.0,0.9999999999999998,pert-rand-0.25
342.0,0.0,0.07184373971498692,0.07332475729537313,0.0014810175803861014,0.9999999999999999,pert-rand-0.25
343.0,0.0013987151092402783,0.07525622449176805,0.073857509382528,0.0,0.9999999999999998,pert-rand-0.25
344.0,0.0,0.07195339386713306,0.07392206234139109,0.0019686684742580285,1.0,pert-rand-0.25
345.0,0.002513511141718827,0.07652795494074383,0.07401444379902511,0.0,0.9999999999999999,pert-rand-0.25
346.0,0.0,0.07394931272524974,0.0739776831966551,2.8370471405247955e-05,0.9999999999999999,pert-rand-0.25
347.0,0.0010189689282913417,0.07579990192134711,0.07478093299305533,0.0,1.0000000000000004,pert-rand-0.25
348.0,0.0014018147682329785,0.07576495454750898,0.07436313977927611,0.0,0.9999999999999999,pert-rand-0.25
349.0,0.002928677045889394,0.07697750403410386,0.07404882698821469,0.0,0.9999999999999998,pert-rand-0.25
350.0,0.0,0.071071917746381,0.07408159159498795,0.00300967384860662,0.9999999999999997,pert-rand-0.25
351.0,0.0006997244524638013,0.07475318334155001,0.07405345888908621,0.0,1.0,pert-rand-0.25
352.0,0.003587706537249158,0.07719942550475278,0.0736117189675034,0.0,1.0000000000000002,pert-rand-0.25
353.0,0.001678093610382847,0.07579745304778718,0.07411935943740411,0.0,1.0000000000000002,pert-rand-0.25
354.0,0.0,0.07205045782980135,0.07386099597529261,0.0018105381454917024,1.0000000000000004,pert-rand-0.25
355.0,0.0,0.07271505010387136,0.07356667249282811,0.000851622388956752,1.0,pert-rand-0.25
356.0,0.0,0.0739689390985605,0.07406657000532857,9.763090676762065e-05,0.9999999999999996,pert-rand-0.25
357.0,0.002457197830922908,0.07715694323944455,0.07469974540852142,0.0,1.0000000000000002,pert-rand-0.25
358.0,0.0,0.07230703540170302,0.07413550584300688,0.0018284704413038533,1.0,pert-rand-0.25
359.0,0.0017491704476826353,0.07608448899268483,0.07433531854500197,0.0,1.0000000000000002,pert-rand-0.25
360.0,0.000979864935304109,0.07535547208577631,0.0743756071504722,0.0,1.0,pert-rand-0.25
361.0,0.003257263675574329,0.07750264199746071,0.07424537832188594,0.0,1.0000000000000004,pert-rand-0.25
362.0,0.0,0.07017468942003013,0.07336783825806881,0.003193148838038673,1.0,pert-rand-0.25
363.0,0.0016890850794710754,0.07504349396045251,0.07335440888098166,0.0,0.9999999999999998,pert-rand-0.25
364.0,0.0006746922420468593,0.07453444644277729,0.07385975420073021,0.0,1.0000000000000002,pert-rand-0.25
365.0,0.0,0.07320726992691307,0.07348869665296409,0.0002814267260512482,1.0000000000000002,pert-rand-0.25
366.0,0.0020441247533602436,0.07630851317588427,0.07426438842252425,0.0,0.9999999999999998,pert-rand-0.25
367.0,0.0,0.06908544001497097,0.07378483366311361,0.004699393648142536,0.9999999999999999,pert-rand-0.25
368.0,0.0021939554928389615,0.07670879106071116,0.0745148355678722,0.0,1.0,pert-rand-0.25
369.0,0.0008516325634884137,0.07552031072458032,0.0746686781610919,0.0,1.0,pert-rand-0.25
370.0,0.0,0.07391266492383597,0.07454059973531091,0.0006279348114749395,1.0,pert-rand-0.25
371.0,0.00358712188403687,0.07760141596052494,0.07401429407648785,0.0,1.0000000000000002,pert-rand-0.25
372.0,0.0,0.07337509629977568,0.07403797266200407,0.0006628763622286149,1.0000000000000002,pert-rand-0.25
373.0,0.0,0.06950631461558054,0.073906539487817,0.004400224872236347,0.9999999999999999,pert-rand-0.25
374.0,0.0026155995225922712,0.07604907702731856,0.07343347750472629,0.0,1.0,pert-rand-0.25
375.0,0.0,0.06893902345038616,0.0732286494198473,0.004289625969461031,0.9999999999999999,pert-rand-0.25
376.0,0.0002552391495105333,0.07430042388425107,0.07404518473474098,0.0,0.9999999999999996,pert-rand-0.25
377.0,0.0,0.07232128692422402,0.07396506665304481,0.0016437797288202383,0.9999999999999994,pert-rand-0.25
378.0,0.0,0.0722543979088186,0.07388993265542065,0.001635534746602496,1.0000000000000004,pert-rand-0.25
379.0,0.002904732436884938,0.07786821102500241,0.07496347858811747,0.0,1.0,pert-rand-0.25
380.0,0.0037194138968796864,0.07842122946645214,0.074701815569572,0.0,1.0000000000000004,pert-rand-0.25
381.0,0.0003193755889838723,0.07479207538527288,0.07447269979628879,0.0,1.0000000000000002,pert-rand-0.25
382.0,0.0050275085134892095,0.07901633374650663,0.07398882523301742,0.0,1.0,pert-rand-0.25
383.0,0.0,0.07056078749300077,0.07362539325423423,0.003064605761233352,0.9999999999999999,pert-rand-0.25
384.0,0.0,0.07222615921056974,0.0734071492869951,0.001180990076425359,1.0,pert-rand-0.25
385.0,0.0,0.06693288235356887,0.07292368420066675,0.005990801847097327,0.9999999999999994,pert-rand-0.25
386.0,0.002014668117228835,0.07593450023498338,0.07391983211775432,0.0,1.0000000000000002,pert-rand-0.25
387.0,0.005220976424241908,0.07988151088968953,0.07466053446544807,0.0,0.9999999999999996,pert-rand-0.25
388.0,0.00030534135568971443,0.07455840403566505,0.07425306267997511,0.0,1.0000000000000002,pert-rand-0.25
389.0,0.0,0.07394580419672914,0.07461956351116372,0.0006737593144344745,0.9999999999999999,pert-rand-0.25
390.0,3.925064223286867e-05,0.0742663400534127,0.07422708941118028,0.0,0.9999999999999996,pert-rand-0.25
391.0,0.0016465907749620978,0.07617825593546734,0.07453166516050547,0.0,0.9999999999999998,pert-rand-0.25
392.0,0.0,0.07044636920379066,0.07403860250584604,0.003592233302055159,0.9999999999999998,pert-rand-0.25
393.0,0.003572753538033213,0.0775541190963196,0.07398136555828616,0.0,1.0000000000000002,pert-rand-0.25
394.0,0.0,0.07030171972931876,0.07365425159987127,0.003352531870552511,1.0,pert-rand-0.25
395.0,0.001806715002963255,0.0757084892848312,0.07390177428186817,0.0,0.9999999999999998,pert-rand-0.25
396.0,0.0036759742647100024,0.07764787516448912,0.07397190089977923,0.0,0.9999999999999999,pert-rand-0.25
397.0,0.0012829243530279033,0.07511799891330773,0.07383507456028005,0.0,0.9999999999999998,pert-rand-0.25
398.0,0.0,0.0729781039960653,0.07399522316029572,0.0010171191642304178,1.0,pert-rand-0.25
399.0,0.0,0.07203183656632661,0.07383192743310818,0.0018000908667820115,1.0000000000000004,pert-rand-0.25
0.0,0.00020328668028368746,0.02602587256106026,0.025822585880776572,0.0,1.0,pert-rand-0.5
1.0,0.0022744479284406705,0.027995011190444785,0.025720563262003893,0.0,1.0000000000000002,pert-rand-0.5
2.0,0.0,0.032356199869176816,0.036008513421323496,0.003652313552147124,1.0000000000000004,pert-rand-0.5
3.0,0.00242753039768151,0.03599952103739623,0.0335719906397145,0.0,1.0000000000000002,pert-rand-0.5
4.0,0.0020090554338456634,0.04167204066191199,0.03966298522806633,0.0,1.0,pert-rand-0.5
5.0,0.0,0.03845526391532239,0.041355764775142134,0.0029005008598201876,1.0000000000000004,pert-rand-0.5
6.0,0.0,0.035687575907659586,0.036587872781997155,0.0009002968743374584,0.9999999999999999,pert-rand-0.5
7.0,0.0,0.042563526491210535,0.04429853864576028,0.001735012154549631,0.9999999999999999,pert-rand-0.5
8.0,0.00366850622103998,0.049625002290295095,0.04595649606925467,0.0,1.0000000000000004,pert-rand-0.5
9.0,0.0016318140296769368,0.03901860564703363,0.037386791617356696,0.0,1.0,pert-rand-0.5
10.0,0.0,0.05052844630246911,0.05124652509404193,0.0007180787915730402,1.0000000000000002,pert-rand-0.5
11.0,0.0,0.04428363501354582,0.0453558384890167,0.0010722034754703236,0.9999999999999994,pert-rand-0.5
12.0,0.0,0.05480914568459183,0.0572170762027453,0.002407930518153467,1.0,pert-rand-0.5
13.0,0.0,0.05050891491485099,0.05360517002219156,0.003096255107340462,0.9999999999999999,pert-rand-0.5
14.0,0.0,0.05269195356076439,0.05753185216579493,0.004839898605030424,0.9999999999999999,pert-rand-0.5
15.0,0.0038228467513838904,0.056286857095335874,0.05246401034395176,0.0,1.0000000000000002,pert-rand-0.5
16.0,0.0,0.06373263504397464,0.06435123924710051,0.000618604203125761,0.9999999999999999,pert-rand-0.5
17.0,0.0,0.05571027646109061,0.05607354336520376,0.00036326690411381257,1.0000000000000007,pert-rand-0.5
18.0,0.0009669467863799852,0.05684691816440246,0.05587997137802225,0.0,1.0000000000000002,pert-rand-0.5
19.0,0.0030540332935702352,0.0632282520721954,0.060174218778625166,0.0,1.0,pert-rand-0.5
20.0,0.0,0.05767471334628227,0.05947936425313094,0.0018046509068485594,0.9999999999999999,pert-rand-0.5
21.0,0.0,0.05152691259230657,0.0550341905723134,0.0035072779800067178,0.9999999999999999,pert-rand-0.5
22.0,0.00037627406267726204,0.06291652574323381,0.06254025168055666,0.0,0.9999999999999999,pert-rand-0.5
23.0,0.0,0.06311882266130442,0.0645585797509367,0.0014397570896327316,1.0000000000000004,pert-rand-0.5
24.0,0.00021480004637319805,0.06394330565445894,0.06372850560808585,0.0,0.9999999999999999,pert-rand-0.5
25.0,0.0,0.06519432810973647,0.06745171191415844,0.002257383804421753,0.9999999999999998,pert-rand-0.5
26.0,0.003714739872050621,0.06536922165928294,0.06165448178723243,0.0,0.9999999999999999,pert-rand-0.5
27.0,0.0006587407693936509,0.0710773870496233,0.07041864628022987,0.0,0.9999999999999998,pert-rand-0.5
28.0,0.0,0.06433876211517298,0.06684461790898943,0.0025058557938169024,1.0000000000000004,pert-rand-0.5
29.0,0.0,0.06130964485008539,0.06175591292945071,0.0004462680793652085,0.9999999999999999,pert-rand-0.5
30.0,0.003281042734792905,0.06738983347624328,0.0641087907414506,0.0,0.9999999999999998,pert-rand-0.5
31.0,0.0,0.06196592445303928,0.06373347573381083,0.001767551280771551,1.0,pert-rand-0.5
32.0,0.0018182734712837156,0.0637191949870537,0.061900921515769536,0.0,1.0000000000000004,pert-rand-0.5
33.0,0.0,0.06705945280014558,0.06792695598760723,0.000867503187461427,0.9999999999999998,pert-rand-0.5
34.0,0.0,0.06631165249250759,0.06820299924187978,0.0018913467493728575,1.0000000000000007,pert-rand-0.5
35.0,0.0,0.06941338681795184,0.06961454819539337,0.0002011613774413057,0.9999999999999998,pert-rand-0.5
36.0,0.0,0.07195628099516727,0.07228898406629802,0.0003327030711307577,1.0,pert-rand-0.5
37.0,0.0,0.06824428948773908,0.07194934372571382,0.0037050542379745144,0.9999999999999998,pert-rand-0.5
38.0,0.0014438410167632032,0.07112751778935356,0.06968367677259013,0.0,1.0000000000000002,pert-rand-0.5
39.0,7.388290803067576e-05,0.07167237429336004,0.07159849138532914,0.0,1.0000000000000002,pert-rand-0.5
40.0,0.0,0.06806699912529357,0.06857356969623629,0.0005065705709427215,1.0,pert-rand-0.5
41.0,0.0,0.06651576327591413,0.0678141103846317,0.001298347108717457,0.9999999999999999,pert-rand-0.5
42.0,0.0031594337268470163,0.07272469946078686,0.06956526573393984,0.0,1.0,pert-rand-0.5
43.0,0.0010317085976108142,0.06704673412748852,0.0660150255298777,0.0,1.0,pert-rand-0.5
44.0,0.0,0.06642414418172327,0.06898512083674224,0.002560976655018865,0.9999999999999999,pert-rand-0.5
45.0,0.0016959681363972745,0.07461728920311983,0.07292132106672256,0.0,1.0,pert-rand-0.5
46.0,0.00028162348028493156,0.0723825497915056,0.07210092631122045,0.0,1.0000000000000002,pert-rand-0.5
47.0,0.0,0.06993318773023605,0.07330386995047355,0.0033706822202372866,0.9999999999999998,pert-rand-0.5
48.0,0.0008181623715675101,0.07418454223886695,0.07336637986729944,0.0,1.0,pert-rand-0.5
49.0,0.0033788865532093926,0.0745868532949181,0.0712079667417087,0.0,1.0,pert-rand-0.5
50.0,0.0,0.06965070167012755,0.07345198372216744,0.0038012820520401114,1.0000000000000002,pert-rand-0.5
51.0,0.0007889809090813049,0.07043229496573389,0.06964331405665258,0.0,1.0,pert-rand-0.5
52.0,0.002481354738567365,0.07268484612042991,0.07020349138186255,0.0,1.0,pert-rand-0.5
53.0,0.0,0.06820961321988861,0.06936726063966692,0.001157647419778307,1.0,pert-rand-0.5
54.0,0.0,0.06846824432627874,0.07058648716948746,0.0021182428432087175,1.0,pert-rand-0.5
55.0,0.004542647958392321,0.07423082998666386,0.06968818202827132,0.0,1.0000000000000002,pert-rand-0.5
56.0,0.0,0.0723130345980103,0.07321582816089733,0.0009027935628874717,1.0000000000000004,pert-rand-0.5
57.0,0.0,0.07086250560358698,0.0733206552987945,0.0024581496952074122,0.9999999999999999,pert-rand-0.5
58.0,0.003665854325849316,0.07758112447772159,0.07391527015187238,0.0,0.9999999999999999,pert-rand-0.5
59.0,0.00011029326116496208,0.07471778097362347,0.07460748771245851,0.0,1.0,pert-rand-0.5
60.0,0.0,0.06991875472010523,0.073002187533869,0.0030834328137639977,1.0000000000000002,pert-rand-0.5
61.0,0.0017981555532430304,0.07373833200170887,0.07194017644846595,0.0,0.9999999999999999,pert-rand-0.5
62.0,0.0032256389929653517,0.07640641302825135,0.07318077403528611,0.0,0.9999999999999999,pert-rand-0.5
63.0,0.0,0.06457928960609105,0.06920373720295359,0.004624447596862757,1.0000000000000002,pert-rand-0.5
64.0,0.0010864824960900021,0.07265429662950007,0.0715678141334104,0.0,0.9999999999999997,pert-rand-0.5
65.0,0.002347668107070433,0.07279808910416974,0.07045042099709886,0.0,1.0000000000000004,pert-rand-0.5
66.0,0.0,0.06955611936296213,0.07206167765507443,0.0025055582921125197,1.0000000000000002,pert-rand-0.5
67.0,0.0,0.07205296708139186,0.07324169768325794,0.0011887306018657506,0.9999999999999997,pert-rand-0.5
68.0,0.0037767860039020773,0.07865112698753873,0.07487434098363677,0.0,0.9999999999999999,pert-rand-0.5
69.0,0.0,0.07184607519449515,0.07362594822616308,0.0017798730316681555,1.0000000000000002,pert-rand-0.5
70.0,0.0,0.07197992840426548,0.07518963952540181,0.003209711121136327,1.0,pert-rand-0.5
71.0,0.004012627751475595,0.07735454615292037,0.07334191840144455,0.0,1.0000000000000002,pert-rand-0.5
72.0,0.0,0.07239918261198386,0.07286178343735805,0.000462600825373749,0.9999999999999996,pert-rand-0.5
73.0,0.0,0.0701372960346589,0.07264264643967688,0.002505350405018425,1.0000000000000004,pert-rand-0.5
74.0,0.0015093301142342641,0.0745331192302141,0.07302378911598018,0.0,0.9999999999999997,pert-rand-0.5
75.0,0.002339731515321297,0.07272265717521553,0.07038292565989424,0.0,1.0,pert-rand-0.5
76.0,0.0,0.0677403894152524,0.0718101043838747,0.0040697149686221845,0.9999999999999999,pert-rand-0.5
77.0,0.0019361781828071134,0.07520698760472766,0.07327080942192032,0.0,1.0000000000000002,pert-rand-0.5
78.0,0.002134824692949233,0.07540906082955967,0.07327423613661055,0.0,0.9999999999999999,pert-rand-0.5
79.0,0.0,0.07263641127744891,0.07525704323943638,0.002620631961987696,1.0000000000000002,pert-rand-0.5
80.0,0.0,0.07335166606147103,0.0733727964407257,2.113037925488559e-05,1.0000000000000002,pert-rand-0.5
81.0,0.00339030627016923,0.07893005223459681,0.07553974596442736,0.0,1.0000000000000002,pert-rand-0.5
82.0,0.0020021958607268076,0.07660035152651612,0.07459815566578931,0.0,1.0,pert-rand-0.5
83.0,0.0,0.07125965159262071,0.07300599869921875,0.001746347106597823,0.9999999999999998,pert-rand-0.5
84.0,0.0,0.06485602007866653,0.07153614017121424,0.006680120092547925,1.0000000000000002,pert-rand-0.5
85.0,0.0005869012063280943,0.07286884992146025,0.07228194871513227,0.0,0.9999999999999999,pert-rand-0.5
86.0,0.0025769240400583815,0.0751834468210113,0.07260652278095292,0.0,1.0,pert-rand-0.5
87.0,0.0,0.06801189853592327,0.07221954241741735,0.004207643881494083,1.0,pert-rand-0.5
88.0,0.0,0.07096399886463667,0.07173108623607616,0.000767087371439712,1.0000000000000002,pert-rand-0.5
89.0,0.0,0.0739074606195873,0.07436806124930817,0.00046060062972086424,1.0,pert-rand-0.5
90.0,0.0,0.07025696347127552,0.07466161566278717,0.004404652191511649,1.0,pert-rand-0.5
91.0,0.0,0.07293656633322909,0.07425045764416194,0.0013138913109325134,0.9999999999999997,pert-rand-0.5
92.0,0.001767334185865943,0.07526963362809935,0.07350229944223319,0.0,1.0000000000000002,pert-rand-0.5
93.0,0.0,0.07232300472942899,0.0745762251837726,0.0022532204543435075,0.9999999999999999,pert-rand-0.5
94.0,0.0026198905007874806,0.0769038217844713,0.07428393128368382,0.0,1.0,pert-rand-0.5
95.0,0.0014309227147110137,0.0739568375790165,0.0725259148643056,0.0,0.9999999999999999,pert-rand-0.5
96.0,0.0,0.0726367408318298,0.07315963126135072,0.0005228904295209169,1.0,pert-rand-0.5
97.0,0.005319978199985975,0.07757726325417336,0.07225728505418716,0.0,1.0000000000000002,pert-rand-0.5
98.0,0.001924841848527148,0.074509794390615,0.07258495254208763,0.0,1.0000000000000002,pert-rand-0.5
99.0,0.0,0.07260063135335537,0.07382994337738602,0.0012293120240308708,1.0000000000000002,pert-rand-0.5
100.0,0.0,0.07271985734748698,0.07342170096793554,0.0007018436204484502,0.9999999999999999,pert-rand-0.5
101.0,0.002420612626277352,0.07724563366072723,0.07482502103444988,0.0,1.0,pert-rand-0.5
102.0,0.0,0.07178363439013347,0.07501459493437435,0.0032309605442408795,1.0,pert-rand-0.5
103.0,0.0,0.06834596923323533,0.07383424704212682,0.005488277808891717,1.0000000000000002,pert-rand-0.5
104.0,0.003890696371764979,0.07820003034199452,0.07430933397022987,0.0,0.9999999999999997,pert-rand-0.5
105.0,0.0,0.07331277083002563,0.07342625692820481,0.00011348609817940503,1.0000000000000002,pert-rand-0.5
106.0,0.00011652243881055124,0.07417081763594013,0.07405429519712992,0.0,0.9999999999999997,pert-rand-0.5
107.0,0.0033511912164776447,0.07596961187664375,0.07261842066016588,0.0,1.0000000000000002,pert-rand-0.5
108.0,0.0,0.06810516923595644,0.07251203226940683,0.004406863033449948,0.9999999999999996,pert-rand-0.5
109.0,0.0014042986219306997,0.0746902958971698,0.07328599727523888,0.0,1.0000000000000002,pert-rand-0.5
110.0,0.003739272585895903,0.07742285012177685,0.07368357753588106,0.0,0.9999999999999999,pert-rand-0.5
111.0,0.0,0.07115412314497926,0.07394550441409942,0.0027913812691200413,0.9999999999999999,pert-rand-0.5
112.0,0.0,0.07271682054349027,0.07383107950428991,0.0011142589608000852,1.0000000000000004,pert-rand-0.5
113.0,0.003471555242984148,0.0785526301139261,0.07508107487094207,0.0,0.9999999999999999,pert-rand-0.5
114.0,0.0,0.071170323273408,0.07403279754543013,0.0028624742720217977,0.9999999999999997,pert-rand-0.5
115.0,0.0032452738784258806,0.0770696033010081,0.07382432942258221,0.0,1.0,pert-rand-0.5
116.0,1.9248113076297813e-05,0.07468330876590779,0.07466406065283104,0.0,1.0000000000000004,pert-rand-0.5
117.0,0.0,0.06990514147147775,0.07232976325509277,0.002424621783614911,0.9999999999999999,pert-rand-0.5
118.0,0.0005728480814241044,0.07379457346788176,0.07322172538645799,0.0,0.9999999999999997,pert-rand-0.5
119.0,0.0,0.07211902108123858,0.07326482189570171,0.0011458008144631382,1.0,pert-rand-0.5
120.0,0.0,0.06714169449001073,0.07192868238879135,0.004786987898780293,0.9999999999999997,pert-rand-0.5
121.0,0.0005957570178720673,0.07418694119819458,0.07359118418032229,0.0,1.0000000000000002,pert-rand-0.5
122.0,0.0006479522913658275,0.07554965801247215,0.07490170572110588,0.0,1.0000000000000004,pert-rand-0.5
123.0,0.003004588368024308,0.07793526691884889,0.07493067855082458,0.0,1.0,pert-rand-0.5
124.0,0.0,0.07057485261358698,0.07415312358486792,0.003578270971281161,1.0000000000000002,pert-rand-0.5
125.0,0.0,0.07424433878048586,0.07439980435128823,0.0001554655708022601,0.9999999999999999,pert-rand-0.5
126.0,0.005400308001587861,0.07996335654421438,0.07456304854262652,0.0,1.0,pert-rand-0.5
127.0,0.0,0.07347558771206875,0.07371913425570287,0.00024354654363389905,0.9999999999999998,pert-rand-0.5
128.0,0.0031414650757544127,0.0774069192734963,0.07426545419774189,0.0,1.0,pert-rand-0.5
129.0,0.00297958379739649,0.07614697989369001,0.07316739609629375,0.0,0.9999999999999998,pert-rand-0.5
130.0,0.0,0.07238696749291096,0.07294054687441032,0.0005535793814992473,0.9999999999999999,pert-rand-0.5
131.0,0.0014890433483010224,0.07506791073589492,0.0735788673875939,0.0,1.0,pert-rand-0.5
132.0,0.0032299257785023405,0.07686617902682369,0.07363625324832146,0.0,0.9999999999999999,pert-rand-0.5
133.0,0.0,0.07083011207960332,0.07395433754780623,0.0031242254682031234,1.0000000000000002,pert-rand-0.5
134.0,0.0,0.07046816443799275,0.07374159636968902,0.003273431931696491,1.0000000000000002,pert-rand-0.5
135.0,0.0,0.07182397588394518,0.07457068967137204,0.0027467137874266356,0.9999999999999998,pert-rand-0.5
136.0,0.0025589742990628217,0.07761261585645873,0.07505364155739569,0.0,1.0000000000000002,pert-rand-0.5
137.0,0.00044797502949478485,0.07400900171237157,0.07356102668287678,0.0,1.0,pert-rand-0.5
138.0,0.006957986635089952,0.08184370259589868,0.07488571596080851,0.0,1.0000000000000002,pert-rand-0.5
139.0,0.0,0.07145026400474452,0.07347364994200034,0.002023385937255706,0.9999999999999999,pert-rand-0.5
140.0,0.0,0.0700515535029651,0.0729496138079565,0.002898060304991179,0.9999999999999998,pert-rand-0.5
141.0,0.00162582901648467,0.07476687476043575,0.0731410457439512,0.0,0.9999999999999999,pert-rand-0.5
142.0,0.0,0.07110608927290096,0.0728387779116818,0.0017326886387805107,0.9999999999999997,pert-rand-0.5
143.0,0.0036997384753260087,0.07743273407428175,0.07373299559895585,0.0,0.9999999999999999,pert-rand-0.5
144.0,0.0,0.07143959372048525,0.07404362531865927,0.002604031598173684,0.9999999999999997,pert-rand-0.5
145.0,0.0037343049813405305,0.0784407098359643,0.07470640485462443,0.0,0.9999999999999993,pert-rand-0.5
146.0,0.0,0.07369883131405497,0.07406817857684589,0.00036934726279058694,0.9999999999999997,pert-rand-0.5
147.0,0.0,0.07100995801280807,0.07423782242517885,0.0032278644123707734,1.0,pert-rand-0.5
148.0,0.002432140442764741,0.07743496796751059,0.07500282752474607,0.0,0.9999999999999998,pert-rand-0.5
149.0,0.0016554456108160975,0.07559448233102639,0.0739390367202104,0.0,0.9999999999999999,pert-rand-0.5
150.0,0.0,0.07004797318920786,0.07369968395304238,0.003651710763834415,0.9999999999999999,pert-rand-0.5
151.0,0.0011167303347672242,0.07475001185380115,0.07363328151903348,0.0,1.0000000000000004,pert-rand-0.5
152.0,0.0029743173075622575,0.07634897672741081,0.07337465941984855,0.0,1.0,pert-rand-0.5
153.0,0.0,0.07005750096387531,0.07336936587108311,0.0033118649072074735,0.9999999999999997,pert-rand-0.5
154.0,0.003231364044203433,0.07677413750026396,0.07354277345606053,0.0,1.0,pert-rand-0.5
155.0,0.0,0.07378911958379097,0.07428243655328515,0.000493316969494173,1.0,pert-rand-0.5
156.0,0.0,0.07292680161107468,0.07416483137990837,0.0012380297688333597,0.9999999999999997,pert-rand-0.5
157.0,0.0014499855998157951,0.07591847765599047,0.07446849205617467,0.0,1.0,pert-rand-0.5
158.0,0.0,0.07272682735882374,0.07437803987684177,0.0016512125180182524,1.0000000000000002,pert-rand-0.5
159.0,0.0,0.07356369911822114,0.0740186287192921,0.00045492960107074154,0.9999999999999998,pert-rand-0.5
160.0,0.0023778443149209405,0.07699987893732296,0.07462203462240247,0.0,0.9999999999999996,pert-rand-0.5
161.0,0.0,0.0721313191048949,0.07386643124971137,0.0017351121448169193,1.0000000000000004,pert-rand-0.5
162.0,0.002269751561925548,0.07552405093570536,0.07325429937378014,0.0,0.9999999999999997,pert-rand-0.5
163.0,0.0039890529364593474,0.07817400893257154,0.0741849559961123,0.0,0.9999999999999999,pert-rand-0.5
164.0,0.0,0.07121858398950542,0.07311820162729432,0.0018996176377887863,0.9999999999999999,pert-rand-0.5
165.0,0.005032439455218807,0.07852514681843337,0.07349270736321412,0.0,1.0000000000000004,pert-rand-0.5
166.0,0.0,0.06998832948836875,0.07367682332779824,0.003688493839429152,0.9999999999999997,pert-rand-0.5
167.0,0.0007898022364245527,0.07531235863680741,0.07452255640038308,0.0,0.9999999999999998,pert-rand-0.5
168.0,0.00010026423771758441,0.0740689676341082,0.07396870339639117,0.0,0.9999999999999994,pert-rand-0.5
169.0,0.0,0.0741951324214063,0.07433648315031627,0.00014135072890997247,1.0,pert-rand-0.5
170.0,0.0,0.07414617502824594,0.07473626927212895,0.0005900942438832324,1.0000000000000002,pert-rand-0.5
171.0,0.0006431843667797921,0.07483780767974335,0.07419462331296334,0.0,1.0000000000000002,pert-rand-0.5
172.0,0.0029987460398067656,0.07701024992616712,0.07401150388636046,0.0,0.9999999999999999,pert-rand-0.5
173.0,0.0,0.07355846238846464,0.07416157508656185,0.00060311269809743,1.0000000000000002,pert-rand-0.5
174.0,0.0024267956052379525,0.07556962141362189,0.07314282580838394,0.0,1.0,pert-rand-0.5
175.0,0.0023641508725510407,0.07606297422209796,0.07369882334954725,0.0,0.9999999999999997,pert-rand-0.5
176.0,0.0,0.07037249170314008,0.07338614770636975,0.00301365600322967,1.0,pert-rand-0.5
177.0,0.0,0.07205860714193424,0.07373918870653984,0.0016805815646052658,0.9999999999999997,pert-rand-0.5
178.0,0.0033469990304985098,0.07766805882577676,0.07432105979527859,0.0,0.9999999999999997,pert-rand-0.5
179.0,0.0015533068152691065,0.07601628622510792,0.07446297940983904,0.0,0.9999999999999998,pert-rand-0.5
180.0,0.00035672884357673684,0.07501257420361607,0.07465584536003944,0.0,0.9999999999999999,pert-rand-0.5
181.0,0.0,0.07216937670906165,0.0739996573362055,0.0018302806271438543,1.0,pert-rand-0.5
182.0,0.0016440705331672856,0.0760786064413872,0.07443453590821991,0.0,1.0,pert-rand-0.5
183.0,0.0,0.07253170135953968,0.07418986987460219,0.001658168515062508,1.0,pert-rand-0.5
184.0,0.0,0.06980581645562256,0.07330723615845647,0.00350141970283413,1.0000000000000002,pert-rand-0.5
185.0,0.0021972508076554265,0.0759504802789055,0.0737532294712504,0.0,0.9999999999999997,pert-rand-0.5
186.0,0.0,0.07115830375215304,0.07366707914663673,0.0025087753944836866,1.0,pert-rand-0.5
187.0,0.004622473064313182,0.07848013848889202,0.07385766542457928,0.0,0.9999999999999996,pert-rand-0.5
188.0,0.0,0.07249281257340146,0.07366958084572617,0.001176768272324713,1.0,pert-rand-0.5
189.0,0.0,0.0716266339228917,0.07418172349465169,0.002555089571759872,0.9999999999999999,pert-rand-0.5
190.0,0.003095562128121454,0.07757198902389795,0.07447642689577627,0.0,1.0000000000000002,pert-rand-0.5
191.0,0.0005305727635236401,0.07435554760969132,0.07382497484616746,0.0,1.0000000000000002,pert-rand-0.5
192.0,0.0,0.0707156431137832,0.07429927320964302,0.0035836300958596023,0.9999999999999998,pert-rand-0.5
193.0,0.00245254849403731,0.07691903330884897,0.074466484814812,0.0,0.9999999999999997,pert-rand-0.5
194.0,0.0017715900044569244,0.07570900619719123,0.07393741619273464,0.0,0.9999999999999997,pert-rand-0.5
195.0,0.0,0.07020987002867862,0.07371241546385954,0.003502545435180582,0.9999999999999997,pert-rand-0.5
196.0,0.0009396944473440971,0.07464689410146397,0.07370719965411965,0.0,1.0000000000000002,pert-rand-0.5
197.0,0.002967230558234668,0.07685252278992949,0.0738852922316946,0.0,1.0000000000000002,pert-rand-0.5
198.0,0.0,0.07076175490590964,0.07365958746850298,0.002897832562593239,0.9999999999999999,pert-rand-0.5
199.0,0.0,0.07314213460671959,0.07380441674729887,0.0006622821405789514,0.9999999999999997,pert-rand-0.5
200.0,0.0037385831745915254,0.07810582310715075,0.074367239932559,0.0,1.0000000000000002,pert-rand-0.5
201.0,0.0,0.07158108498672733,0.07379339139642216,0.002212306409694831,1.0,pert-rand-0.5
202.0,0.0,0.07253638023768705,0.07427434081866557,0.001737960580978748,1.0000000000000002,pert-rand-0.5
203.0,0.003473134486227769,0.07792843151913509,0.07445529703290732,0.0,1.0,pert-rand-0.5
204.0,0.0,0.07357453490819266,0.0740055327694994,0.00043099786130718076,1.0000000000000004,pert-rand-0.5
205.0,0.0,0.07087014966948257,0.07411447498565904,0.0032443253161764662,1.0,pert-rand-0.5
206.0,0.003126917877394053,0.07724123922292847,0.07411432134553464,0.0,0.9999999999999998,pert-rand-0.5
207.0,0.0008788323406105913,0.07446542476081563,0.07358659242020482,0.0,1.0000000000000002,pert-rand-0.5
208.0,0.0,0.06984999605363007,0.07344836428615231,0.003598368232522131,0.9999999999999999,pert-rand-0.5
209.0,0.001847825674452741,0.07610495827376873,0.07425713259931555,0.0,1.0000000000000004,pert-rand-0.5
210.0,0.0023020727631468674,0.07637460279039399,0.07407253002724756,0.0,0.9999999999999996,pert-rand-0.5
211.0,0.0,0.07027527676784984,0.07368906096750516,0.003413784199655212,0.9999999999999999,pert-rand-0.5
212.0,0.0002022086585353744,0.07466684026410575,0.07446463160557015,0.0,1.0000000000000002,pert-rand-0.5
213.0,0.0035351959532099464,0.07780081287257734,0.07426561691936762,0.0,0.9999999999999998,pert-rand-0.5
214.0,0.0,0.07092693264404715,0.07385301909593867,0.0029260864518912966,0.9999999999999998,pert-rand-0.5
215.0,0.0,0.07327319613320227,0.0743682915012196,0.0010950953680173292,1.0,pert-rand-0.5
216.0,0.003648197217842042,0.07777971059994582,0.07413151338210389,0.0,0.9999999999999999,pert-rand-0.5
217.0,0.0,0.07263128910754246,0.07389814917005233,0.001266860062509867,1.0,pert-rand-0.5
218.0,0.0,0.07101115253639922,0.07372835766778452,0.002717205131385292,1.0,pert-rand-0.5
219.0,0.00353978791606413,0.07753170401032583,0.07399191609426148,0.0,1.0000000000000002,pert-rand-0.5
220.0,0.00012057823304600923,0.07387551860026864,0.07375494036722263,0.0,1.0,pert-rand-0.5
221.0,0.0,0.07046279920395637,0.07386368857024794,0.0034008893662915707,1.0,pert-rand-0.5
222.0,0.002563282093024255,0.07698019225917707,0.07441691016615293,0.0,0.9999999999999999,pert-rand-0.5
223.0,0.0016091145754830727,0.07555538237074622,0.07394626779526314,0.0,1.0,pert-rand-0.5
224.0,0.0,0.07039014257614928,0.07391270970569941,0.003522567129549903,0.9999999999999998,pert-rand-0.5
225.0,0.0024688805829460314,0.0771894073886441,0.07472052680569785,0.0,1.0000000000000002,pert-rand-0.5
226.0,0.0053210907051738365,0.07967517574634697,0.07435408504117325,0.0,0.9999999999999999,pert-rand-0.5
227.0,0.0,0.07273021459939888,0.0735674337522082,0.000837219152809543,1.0000000000000002,pert-rand-0.5
228.0,0.0034133708657071438,0.07784532711547087,0.07443195624976351,0.0,1.0000000000000002,pert-rand-0.5
229.0,0.0034744089802545286,0.07738386893851823,0.07390945995826348,0.0,1.0000000000000002,pert-rand-0.5
230.0,0.0029769351334858474,0.07638567970632182,0.07340874457283575,0.0,1.0000000000000002,pert-rand-0.5
231.0,0.0039037366176877253,0.07818038889964463,0.07427665228195712,0.0,0.9999999999999998,pert-rand-0.5
232.0,0.0034798686233770137,0.07790409756567951,0.07442422894230272,0.0,0.9999999999999998,pert-rand-0.5
233.0,0.000541718825604165,0.07402000343851411,0.07347828461291006,0.0,0.9999999999999999,pert-rand-0.5
234.0,0.0,0.06819092831117235,0.07375348042656182,0.005562552115389474,1.0,pert-rand-0.5
235.0,0.0,0.07240721647308446,0.07435708423550413,0.001949867762420121,1.0000000000000004,pert-rand-0.5
236.0,0.000585635136277185,0.07452240668811849,0.07393677155184064,0.0,1.0000000000000007,pert-rand-0.5
237.0,0.0016514070994708696,0.07623386956846834,0.07458246246899769,0.0,0.9999999999999998,pert-rand-0.5
238.0,0.0,0.07244437200593334,0.0742953617889397,0.0018509897830062405,0.9999999999999999,pert-rand-0.5
239.0,0.0,0.07193092709718973,0.07373665904021898,0.0018057319430289098,0.9999999999999997,pert-rand-0.5
240.0,0.0,0.07201608127794046,0.07369111522935912,0.0016750339514184365,0.9999999999999998,pert-rand-0.5
241.0,0.0,0.07292112801525752,0.07388476632904517,0.0009636383137878735,1.0000000000000002,pert-rand-0.5
242.0,0.00304986855100553,0.07714933358223197,0.07409946503122655,0.0,0.9999999999999999,pert-rand-0.5
243.0,0.0,0.06898338327352938,0.07342858790840578,0.004445204634876632,1.0000000000000002,pert-rand-0.5
244.0,0.0,0.0729755525750968,0.07400799619953424,0.0010324436244376622,1.0000000000000002,pert-rand-0.5
245.0,0.003801278581365364,0.0780258177633315,0.07422453918196625,0.0,0.9999999999999999,pert-rand-0.5
246.0,0.0,0.07245901753108264,0.07408472637465657,0.0016257088435737144,0.9999999999999998,pert-rand-0.5
247.0,0.0,0.07158162832616122,0.07400398219196891,0.0024223538658075805,0.9999999999999999,pert-rand-0.5
248.0,0.0,0.07152632166002193,0.07410485034984016,0.002578528689818449,1.0000000000000002,pert-rand-0.5
249.0,0.0,0.0727465933966116,0.07378621461177826,0.0010396212151666528,1.0,pert-rand-0.5
250.0,0.0,0.07222136130428125,0.07397755076531753,0.0017561894610361728,0.9999999999999999,pert-rand-0.5
251.0,0.004538874696778938,0.07908988017752638,0.07455100548074789,0.0,0.9999999999999996,pert-rand-0.5
252.0,0.0017258884431498034,0.07556023757344854,0.07383434913029885,0.0,0.9999999999999999,pert-rand-0.5
253.0,7.457605567062764e-05,0.07375633791798597,0.07368176186231512,0.0,1.0000000000000002,pert-rand-0.5
254.0,0.003813413166793289,0.07883527619793762,0.07502186303114433,0.0,1.0,pert-rand-0.5
255.0,0.0004071617882128731,0.07406161991109617,0.07365445812288329,0.0,1.0,pert-rand-0.5
256.0,0.0,0.07014476108461798,0.0735290451678976,0.0033842840832796206,1.0,pert-rand-0.5
257.0,0.0,0.07435052339601311,0.074401260926924,5.073753091111577e-05,1.0000000000000002,pert-rand-0.5
258.0,0.0034325414539688737,0.07777566858478879,0.07434312713082036,0.0,0.9999999999999996,pert-rand-0.5
259.0,0.0,0.0714745346315433,0.07380403909125399,0.002329504459710696,1.0,pert-rand-0.5
260.0,0.0016919270295082667,0.0761015167065684,0.07440958967706046,0.0,0.9999999999999997,pert-rand-0.5
261.0,0.0,0.07253854784929814,0.07372827729081743,0.0011897294415195159,1.0000000000000002,pert-rand-0.5
262.0,0.0015517639502360403,0.07547602055169111,0.07392425660145485,0.0,1.0000000000000002,pert-rand-0.5
263.0,0.0,0.07104983870760817,0.07370078751243703,0.0026509488048288565,1.0,pert-rand-0.5
264.0,0.0,0.06961029372201577,0.0737751329348747,0.004164839212858595,0.9999999999999997,pert-rand-0.5
265.0,0.0006900381154768542,0.07481749375890145,0.07412745564342482,0.0,0.9999999999999998,pert-rand-0.5
266.0,0.0,0.06779291119188025,0.0736438962344329,0.005850985042552659,1.0,pert-rand-0.5
267.0,0.0005215156604959637,0.07455995498884449,0.07403843932834886,0.0,0.9999999999999997,pert-rand-0.5
268.0,0.0,0.07098714312516718,0.07392176399992822,0.0029346208747610403,1.0,pert-rand-0.5
269.0,0.0,0.07145979041103878,0.07397022222608896,0.0025104318150501737,1.0,pert-rand-0.5
270.0,0.0008227387309925893,0.07488150997323184,0.07405877124223981,0.0,0.9999999999999994,pert-rand-0.5
271.0,0.0,0.07282791028647573,0.07437737120587251,0.0015494609193965614,0.9999999999999998,pert-rand-0.5
272.0,0.0,0.06975860012277635,0.07354037646284284,0.0037817763400669335,1.0000000000000004,pert-rand-0.5
273.0,0.0037990545914271534,0.07834803442523142,0.07454897983380437,0.0,0.9999999999999999,pert-rand-0.5
274.0,0.003776642214396664,0.07801478917224669,0.07423814695785036,0.0,0.9999999999999997,pert-rand-0.5
275.0,0.0032050972727301064,0.07725620511364273,0.07405110784091273,0.0,0.9999999999999999,pert-rand-0.5
276.0,0.0,0.07173134679073412,0.07379078553748986,0.0020594387467555153,0.9999999999999998,pert-rand-0.5
277.0,0.0,0.0734491791248455,0.07408130095847876,0.000632121833633037,0.9999999999999998,pert-rand-0.5
278.0,0.0,0.06625655017818155,0.07281155234932568,0.006555002171143909,0.9999999999999998,pert-rand-0.5
279.0,0.002008981367627838,0.07647894710630654,0.0744699657386787,0.0,1.0,pert-rand-0.5
280.0,0.002922512396889343,0.07731437998672352,0.07439186758983451,0.0,0.9999999999999997,pert-rand-0.5
281.0,0.0,0.0724265700126745,0.07409115965688806,0.0016645896442133434,0.9999999999999998,pert-rand-0.5
282.0,0.0020927287198311273,0.07652189444396207,0.07442916572413116,0.0,0.9999999999999998,pert-rand-0.5
283.0,0.0,0.07042537194024767,0.07420379379412045,0.00377842185387256,0.9999999999999998,pert-rand-0.5
284.0,0.0025556496605598777,0.07659746849749394,0.07404181883693384,0.0,1.0000000000000002,pert-rand-0.5
285.0,0.0,0.0695739990349129,0.0736556449950756,0.004081645960162583,0.9999999999999999,pert-rand-0.5
286.0,0.004904767473958183,0.07936335276867101,0.07445858529471261,0.0,1.0000000000000002,pert-rand-0.5
287.0,0.0,0.07210972112568337,0.0735204697651638,0.0014107486394806523,1.0000000000000002,pert-rand-0.5
288.0,0.0,0.07128978933362862,0.0735345238132159,0.0022447344795870627,0.9999999999999998,pert-rand-0.5
289.0,0.0018767997488418064,0.07554233876857408,0.07366553901973205,0.0,1.0000000000000002,pert-rand-0.5
290.0,0.0,0.07122756784487372,0.07382495724281157,0.002597389397937855,1.0,pert-rand-0.5
291.0,0.0,0.07347715957872247,0.07427071971395649,0.0007935601352337951,0.9999999999999998,pert-rand-0.5
292.0,0.0,0.06783267093365963,0.07365620631168124,0.005823535378021827,1.0000000000000002,pert-rand-0.5
293.0,0.0034568332757123343,0.07797294674272037,0.07451611346700782,0.0,1.0000000000000002,pert-rand-0.5
294.0,0.0,0.07360280497761029,0.07495937704158218,0.0013565720639721057,1.0000000000000002,pert-rand-0.5
295.0,0.004315394702462116,0.07861369924648276,0.07429830454402042,0.0,1.0000000000000002,pert-rand-0.5
296.0,0.0003671795965642932,0.07452383680029673,0.07415665720373243,0.0,1.0,pert-rand-0.5
297.0,0.0053056912581370685,0.07948234334168114,0.07417665208354451,0.0,0.9999999999999996,pert-rand-0.5
298.0,0.0,0.07030708743242431,0.07369605179250549,0.0033889643600808483,0.9999999999999997,pert-rand-0.5
299.0,0.0012672280132914882,0.07421417634498195,0.07294694833169046,0.0,1.0,pert-rand-0.5
300.0,0.0010222990828147038,0.0747564279531987,0.07373412887038433,0.0,0.9999999999999997,pert-rand-0.5
301.0,0.0009825875074578327,0.07486209253814158,0.07387950503068352,0.0,1.0000000000000002,pert-rand-0.5
302.0,0.0,0.07095628706171886,0.07406768208036374,0.0031113950186448802,1.0,pert-rand-0.5
303.0,0.0007924360595689128,0.07499651715642508,0.07420408109685628,0.0,0.9999999999999999,pert-rand-0.5
304.0,0.0,0.07280732310027127,0.07474994296438864,0.0019426198641175896,1.0000000000000002,pert-rand-0.5
305.0,0.0,0.07225309534749869,0.07430041693309242,0.002047321585593953,1.0000000000000002,pert-rand-0.5
306.0,0.0036447066487457214,0.07838470669130237,0.07474000004255643,0.0,1.0000000000000002,pert-rand-0.5
307.0,0.0,0.07313559127532532,0.07379795698869496,0.0006623657133698613,1.0000000000000002,pert-rand-0.5
308.0,0.0,0.07336014585589434,0.07387453644912689,0.0005143905932323278,0.9999999999999998,pert-rand-0.5
309.0,0.0,0.07302487449538919,0.07358975042663118,0.0005648759312417706,0.9999999999999998,pert-rand-0.5
310.0,0.002349376095948874,0.07587278638893791,0.07352341029298937,0.0,0.9999999999999997,pert-rand-0.5
311.0,0.0038740567088115796,0.07778854672440327,0.07391449001559147,0.0,1.0000000000000002,pert-rand-0.5
312.0,0.0,0.07192231551070027,0.07373510593125088,0.0018127904205503809,0.9999999999999998,pert-rand-0.5
313.0,0.0,0.06940462548379189,0.07374990952633897,0.004345284042547082,1.0,pert-rand-0.5
314.0,0.006787613942959236,0.08155209767680893,0.0747644837338497,0.0,1.0,pert-rand-0.5
315.0,0.0006627970211738887,0.07560991786916982,0.07494712084799593,0.0,1.0,pert-rand-0.5
316.0,0.0,0.07380608906585073,0.07425214478544218,0.00044605571959144275,1.0,pert-rand-0.5
317.0,0.002850214380837768,0.07724497286495291,0.07439475848411514,0.0,1.0,pert-rand-0.5
318.0,0.0,0.07344372451612591,0.07428320004149291,0.0008394755253672281,1.0000000000000002,pert-rand-0.5
319.0,0.0,0.06592926996192139,0.07312265861444922,0.007193388652528054,1.0000000000000002,pert-rand-0.5
320.0,0.0,0.0715768906303551,0.07295028587579233,0.0013733952454368925,0.9999999999999997,pert-rand-0.5
321.0,0.0,0.07357068251943799,0.07369978653713982,0.00012910401770205304,1.0000000000000002,pert-rand-0.5
322.0,0.0023472687211101295,0.07590878233663068,0.07356151361552032,0.0,1.0000000000000002,pert-rand-0.5
323.0,0.0,0.0734527061442316,0.07366671339543351,0.0002140072512021307,1.0000000000000002,pert-rand-0.5
324.0,0.006421126172661662,0.08139107419121738,0.0749699480185555,0.0,1.0000000000000002,pert-rand-0.5
325.0,1.7730476586930166e-05,0.0745438556089244,0.07452612513233725,0.0,1.0000000000000002,pert-rand-0.5
326.0,0.0,0.07258165387188797,0.07410343763872929,0.0015217837668413114,1.0,pert-rand-0.5
327.0,0.004740050396711881,0.07962684223334726,0.07488679183663538,0.0,1.0,pert-rand-0.5
328.0,0.0,0.07320051121262061,0.07422547600814766,0.0010249647955269392,0.9999999999999999,pert-rand-0.5
329.0,0.001008792901709521,0.07473042225986237,0.07372162935815285,0.0,1.0,pert-rand-0.5
330.0,0.00478814157301688,0.07861753377669234,0.07382939220367546,0.0,1.0,pert-rand-0.5
331.0,0.001373548891857812,0.07551081503275814,0.07413726614089988,0.0,1.0000000000000004,pert-rand-0.5
332.0,0.0,0.07257880547070927,0.07321827647629531,0.0006394710055860342,1.0,pert-rand-0.5
333.0,0.0,0.07251778781861273,0.0735879485229336,0.0010701607043210881,1.0000000000000002,pert-rand-0.5
334.0,0.0,0.07284692343578714,0.07382804650167973,0.0009811230658925973,1.0,pert-rand-0.5
335.0,0.004824770188225136,0.07960862782970812,0.07478385764148299,0.0,1.0,pert-rand-0.5
336.0,0.0,0.07317495044178157,0.0742266247614547,0.0010516743196731237,1.0,pert-rand-0.5
337.0,0.0,0.07165610657484711,0.07436914497245561,0.0027130383976081696,0.9999999999999997,pert-rand-0.5
338.0,0.003148652282535025,0.07748736783747123,0.07433871555493621,0.0,1.0,pert-rand-0.5
339.0,0.0007843401422243934,0.07517554490751865,0.07439120476529437,0.0,0.9999999999999999,pert-rand-0.5
340.0,0.0,0.0721345865405234,0.07385616733045519,0.001721580789932009,1.0000000000000002,pert-rand-0.5
341.0,0.0008915666404981648,0.07488802392814797,0.07399645728764992,0.0,0.9999999999999999,pert-rand-0.5
342.0,0.0,0.07162807882839872,0.07335153963941654,0.0017234608110178185,1.0,pert-rand-0.5
343.0,0.0017241336001642127,0.07555058010165072,0.07382644650148662,0.0,0.9999999999999999,pert-rand-0.5
344.0,0.0,0.07205357857802785,0.07386698612636156,0.001813407548334145,1.0000000000000004,pert-rand-0.5
345.0,0.0029703262038809353,0.07699129849659747,0.07402097229271654,0.0,1.0,pert-rand-0.5
346.0,7.354842767548497e-05,0.07398920077064064,0.07391565234296515,0.0,1.0,pert-rand-0.5
347.0,0.0013844463413145158,0.07610794985675762,0.07472350351544321,0.0,0.9999999999999999,pert-rand-0.5
348.0,0.0006859778170706932,0.07513383799958073,0.07444786018251004,0.0,1.0,pert-rand-0.5
349.0,0.003465680116209846,0.07746858949793745,0.07400290938172738,0.0,1.0000000000000002,pert-rand-0.5
350.0,0.0,0.07153062687269873,0.07414401049410724,0.002613383621408727,1.0000000000000002,pert-rand-0.5
351.0,0.0005348642421869609,0.07470824871847181,0.07417338447628463,0.0,1.0000000000000002,pert-rand-0.5
352.0,0.003760910797230732,0.07743147084212665,0.07367056004489592,0.0,1.0,pert-rand-0.5
353.0,0.001748596536480851,0.07581666240498586,0.07406806586850512,0.0,0.9999999999999999,pert-rand-0.5
354.0,0.0,0.07194419610504732,0.07386997993381972,0.0019257838287722873,0.9999999999999999,pert-rand-0.5
355.0,0.0,0.07111506685311375,0.07341526707427493,0.002300200221161175,1.0,pert-rand-0.5
356.0,0.00011083039867210154,0.07406405137630157,0.07395322097762946,0.0,1.0,pert-rand-0.5
357.0,0.0017948757707282326,0.07645063937555974,0.07465576360483106,0.0,1.0000000000000004,pert-rand-0.5
358.0,0.0,0.07235520836500342,0.07417397926950886,0.001818770904505329,0.9999999999999999,pert-rand-0.5
359.0,0.0005267274942948319,0.07478709206543055,0.0742603645711355,0.0,1.0000000000000002,pert-rand-0.5
360.0,0.0012903129684419534,0.07571649911463618,0.07442618614619456,0.0,0.9999999999999997,pert-rand-0.5
361.0,0.0036357330964611467,0.07798841450180682,0.0743526814053459,0.0,0.9999999999999998,pert-rand-0.5
362.0,0.0,0.07142455807826265,0.07351397467238885,0.0020894165941266474,1.0000000000000004,pert-rand-0.5
363.0,0.0031033387970169635,0.07664834343463123,0.07354500463761449,0.0,0.9999999999999998,pert-rand-0.5
364.0,0.0,0.07367343201438925,0.07374437652035071,7.094450596167867e-05,1.0000000000000002,pert-rand-0.5
365.0,0.0005007096637115183,0.07400189969556958,0.07350119003185784,0.0,1.0000000000000002,pert-rand-0.5
366.0,0.002628248470661676,0.07678315048301343,0.07415490201235153,0.0,1.0000000000000002,pert-rand-0.5
367.0,0.0,0.06902916594743158,0.07368695918268298,0.004657793235251617,1.0000000000000002,pert-rand-0.5
368.0,0.0033740797170668246,0.07794481246005946,0.07457073274299297,0.0,0.9999999999999997,pert-rand-0.5
369.0,0.0012113213468529782,0.0758140163240344,0.07460269497718097,0.0,1.0000000000000004,pert-rand-0.5
370.0,0.0,0.0744702547552798,0.07466861271325365,0.0001983579579736272,0.9999999999999998,pert-rand-0.5
371.0,0.003294014773838505,0.07734908993320522,0.07405507515936671,0.0,1.0,pert-rand-0.5
372.0,0.0,0.07355709327156834,0.07406468296951874,0.0005075896979502836,0.9999999999999999,pert-rand-0.5
373.0,0.0,0.06998979402636385,0.07401438558757056,0.004024591561206603,0.9999999999999999,pert-rand-0.5
374.0,0.0021369649159515003,0.07562544933931159,0.07348848442336009,0.0,1.0,pert-rand-0.5
375.0,0.0,0.06996291223331852,0.07322182275687783,0.0032589105235593108,1.0,pert-rand-0.5
376.0,0.0,0.07337410196180572,0.07392661120549282,0.0005525092436871049,1.0,pert-rand-0.5
377.0,0.0,0.07248554433900933,0.07390634220766656,0.0014207978686571199,0.9999999999999999,pert-rand-0.5
378.0,0.0,0.07095595123171106,0.07371642535462408,0.002760474122912804,0.9999999999999998,pert-rand-0.5
379.0,0.0030905817874344876,0.07797076929053426,0.07488018750309955,0.0,1.0000000000000002,pert-rand-0.5
380.0,0.003596160663912107,0.07836748260631499,0.07477132194240244,0.0,1.0000000000000004,pert-rand-0.5
381.0,0.001553531981463463,0.0762158154125574,0.07466228343109416,0.0,0.9999999999999998,pert-rand-0.5
382.0,0.0059352648016856024,0.08007966121003474,0.07414439640834947,0.0,0.9999999999999997,pert-rand-0.5
383.0,0.0,0.07036696090835193,0.07367902698630568,0.003312066077953535,0.9999999999999998,pert-rand-0.5
384.0,0.0,0.0719092743530898,0.07344345702794153,0.001534182674851614,0.9999999999999999,pert-rand-0.5
385.0,0.0,0.06733169598534272,0.0729516840132719,0.005619988027928624,0.9999999999999994,pert-rand-0.5
386.0,0.001251111810754324,0.07495622415277481,0.07370511234202026,0.0,1.0000000000000002,pert-rand-0.5
387.0,0.005835774137626704,0.08049376497996219,0.07465799084233571,0.0,0.9999999999999998,pert-rand-0.5
388.0,0.0010391977463442004,0.07526460307530614,0.07422540532896149,0.0,1.0000000000000004,pert-rand-0.5
389.0,0.0,0.07306577750404952,0.07448626071059627,0.001420483206546752,1.0,pert-rand-0.5
390.0,0.0,0.07384703483214228,0.07424308078243269,0.0003960459502906355,1.0000000000000002,pert-rand-0.5
391.0,0.0022127041066565267,0.07679064609741681,0.0745779419907604,0.0,0.9999999999999999,pert-rand-0.5
392.0,0.0,0.06952700905442155,0.0741009494889544,0.004573940434533297,1.0000000000000004,pert-rand-0.5
393.0,0.0036722970223661555,0.07776946549879149,0.07409716847642511,0.0,1.0000000000000002,pert-rand-0.5
394.0,0.0,0.0695421882376952,0.07354834442285552,0.004006156185160092,0.9999999999999998,pert-rand-0.5
395.0,0.0017393775697096547,0.07570035909922401,0.07396098152951436,0.0,1.0,pert-rand-0.5
396.0,0.003440797131212925,0.07741616368279369,0.07397536655158099,0.0,0.9999999999999998,pert-rand-0.5
397.0,0.002449258134580856,0.07634937052440605,0.0739001123898253,0.0,0.9999999999999999,pert-rand-0.5
398.0,0.0,0.07261503773418432,0.07390843045038176,0.001293392716197883,1.0000000000000004,pert-rand-0.5
399.0,0.0,0.07132149133872345,0.07369823596705793,0.0023767446283340377,0.9999999999999996,pert-rand-0.5
0.0,0.0,0.0,0.005861153448217471,0.005861153448217471,1.0,pert-rand-1
1.0,0.002838699731869343,0.0,0.006183693231382903,0.009022392963252135,0.9999999999999999,pert-rand-1
2.0,0.0,0.007938409544492986,0.009073086387719753,0.0011346768432269894,1.0000000000000002,pert-rand-1
3.0,0.0005219913182783475,0.0,0.0007876678824403349,0.0013096592007186825,1.0,pert-rand-1
4.0,0.0007823475347263908,0.0,0.000315949679475902,0.0010982972142020708,0.9999999999999998,pert-rand-1
5.0,0.0,0.00549589111622506,0.007839961766362369,0.002344070650137531,1.0000000000000002,pert-rand-1
6.0,0.0010922495364009688,0.01075846757165655,0.009666218035255802,0.0,0.9999999999999998,pert-rand-1
7.0,0.0,0.010385086629281615,0.01405308200313915,0.0036679953738575355,1.0,pert-rand-1
8.0,0.0,0.009839284257928682,0.012563388219808846,0.0027241039618801643,1.0,pert-rand-1
9.0,0.004259650038890728,0.022153452779567928,0.0178938027406772,0.0,1.0,pert-rand-1
10.0,0.0,0.018564885386120666,0.01859471508632038,2.9829700199490716e-05,0.9999999999999998,pert-rand-1
11.0,0.0,0.015841369017746798,0.016493564683998985,0.0006521956662519646,0.9999999999999998,pert-rand-1
12.0,0.0,0.024259268755809416,0.025189065581828318,0.0009297968260191247,1.0000000000000002,pert-rand-1
13.0,0.0,0.014934514021828882,0.01846940150183185,0.0035348874800027463,0.9999999999999998,pert-rand-1
14.0,0.0,0.023808092031945227,0.024535178660670454,0.0007270866287247824,0.9999999999999996,pert-rand-1
15.0,0.003209982594176264,0.02207098277667474,0.018861000182498255,0.0,1.0000000000000002,pert-rand-1
16.0,0.0,0.020067355663734965,0.02618457209234737,0.006117216428612293,0.9999999999999999,pert-rand-1
17.0,0.0,0.03049307782534516,0.03241311030289096,0.0019200324775457966,1.0,pert-rand-1
18.0,0.0,0.030671662989966375,0.031257830440289625,0.0005861674503231384,0.9999999999999999,pert-rand-1
19.0,0.0,0.03228259282576196,0.032402739110697465,0.00012014628493528523,0.9999999999999998,pert-rand-1
20.0,0.002117680968222402,0.04253840687341892,0.04042072590519652,0.0,1.0,pert-rand-1
21.0,0.0021901303615294854,0.030586960031919075,0.02839682967038959,0.0,1.0,pert-rand-1
22.0,0.0,0.03747546285968628,0.03783126406885651,0.0003558012091701146,0.9999999999999999,pert-rand-1
23.0,0.0,0.04133907052203423,0.04273787741653001,0.0013988068944955634,0.9999999999999998,pert-rand-1
24.0,0.0033800894840649853,0.0336783481585301,0.03029825867446534,0.0,0.9999999999999998,pert-rand-1
25.0,0.0,0.033894819307392465,0.03462119989912338,0.000726380591731135,1.0000000000000002,pert-rand-1
26.0,0.0,0.0365735058824177,0.03713849238337619,0.0005649865009587085,1.0000000000000002,pert-rand-1
27.0,0.002944110787074017,0.04622465338142123,0.04328054259434744,0.0,0.9999999999999998,pert-rand-1
28.0,0.0,0.053376265081280794,0.05349331583720418,0.00011705075592338687,1.0,pert-rand-1
29.0,0.0008766555402719423,0.04301630944470758,0.04213965390443564,0.0,1.0,pert-rand-1
30.0,0.003852650469348795,0.04977322473161028,0.045920574262261926,0.0,0.9999999999999996,pert-rand-1
31.0,0.003650736198460569,0.052702072202632566,0.049051336004172,0.0,1.0,pert-rand-1
32.0,0.0,0.044011479392737085,0.0490865787974053,0.005075099404668437,1.0000000000000002,pert-rand-1
33.0,0.0,0.03636764707413587,0.03772205958588126,0.0013544125117456174,1.0000000000000002,pert-rand-1
34.0,0.0007829783380508548,0.05022083324751536,0.04943785490946473,0.0,0.9999999999999998,pert-rand-1
35.0,0.0,0.038954884613548124,0.042465120208221796,0.003510235594673672,1.0,pert-rand-1
36.0,0.0,0.05064078181596732,0.05085872733724983,0.00021794552128273637,1.0000000000000002,pert-rand-1
37.0,0.0,0.04414291964956285,0.04417085366684703,2.7934017284625412e-05,1.0000000000000004,pert-rand-1
38.0,0.0012546570919058642,0.062290414264709604,0.06103575717280352,0.0,1.0000000000000002,pert-rand-1
39.0,0.001850321072999539,0.05677177616847717,0.054921455095477745,0.0,0.9999999999999999,pert-rand-1
40.0,0.0,0.06266830159131498,0.06483032024052149,0.0021620186492065097,1.0,pert-rand-1
41.0,0.0,0.04696726804069273,0.050490458727739385,0.0035231906870470953,1.0000000000000004,pert-rand-1
42.0,0.0,0.061026940444260935,0.06308049990047737,0.002053559456216436,1.0,pert-rand-1
43.0,0.0,0.05164246265926087,0.05754183294743698,0.005899370288176109,1.0,pert-rand-1
44.0,0.0005429159326328925,0.0533451875398121,0.052802271607178985,0.0,1.0000000000000002,pert-rand-1
45.0,0.0,0.0474885354994421,0.05164094429160404,0.0041524087921619435,1.0,pert-rand-1
46.0,0.0,0.058191159859068975,0.05893950432088069,0.000748344461812378,1.0000000000000007,pert-rand-1
47.0,0.0014286622141737038,0.0562514773172158,0.05482281510304232,0.0,0.9999999999999998,pert-rand-1
48.0,0.0,0.05597815904747616,0.05991164318325648,0.0039334841357803185,1.0,pert-rand-1
49.0,0.0027052628605042095,0.05891274375923716,0.05620748089873273,0.0,1.0000000000000002,pert-rand-1
50.0,0.0005435384328604798,0.06976780658356851,0.06922426815070803,0.0,1.0,pert-rand-1
51.0,0.0,0.06961888787455983,0.06984747453982854,0.00022858666526859306,0.9999999999999999,pert-rand-1
52.0,0.0,0.061694378751940615,0.06408194087149477,0.002387562119554154,1.0,pert-rand-1
53.0,0.005168952628373136,0.06133307431276558,0.05616412168439244,0.0,1.0,pert-rand-1
54.0,0.0,0.06193612286902361,0.06482139520520214,0.002885272336178746,1.0000000000000002,pert-rand-1
55.0,0.0008018716036388707,0.06203333777272202,0.061231466169082926,0.0,1.0000000000000002,pert-rand-1
56.0,0.003100094396138342,0.059241464955296586,0.056141370559158243,0.0,1.0,pert-rand-1
57.0,1.4877167736959684e-05,0.05622312678479369,0.05620824961705684,0.0,0.9999999999999999,pert-rand-1
58.0,0.0,0.06144358131563399,0.06242629760769358,0.0009827162920598154,1.0000000000000002,pert-rand-1
59.0,0.001341512717597304,0.06524715988500529,0.06390564716740776,0.0,1.0000000000000002,pert-rand-1
60.0,0.0016044180831782384,0.06865321293990401,0.06704879485672555,0.0,1.0000000000000002,pert-rand-1
61.0,0.0,0.05900074840849401,0.0625808202776591,0.003580071869164869,0.9999999999999998,pert-rand-1
62.0,0.004683993383536644,0.0717570055402581,0.06707301215672157,0.0,0.9999999999999999,pert-rand-1
63.0,0.0,0.07062420086733745,0.07165017427573861,0.0010259734084008265,0.9999999999999997,pert-rand-1
64.0,0.0,0.06218541292337876,0.06409591094621692,0.0019104980228380475,0.9999999999999999,pert-rand-1
65.0,0.0,0.062413019552332916,0.06363295627260712,0.0012199367202744282,1.0000000000000002,pert-rand-1
66.0,0.003527008841278434,0.06895238530107561,0.06542537645979696,0.0,1.0000000000000002,pert-rand-1
67.0,0.0,0.05938595408953096,0.06254890324598983,0.003162949156459094,1.0000000000000002,pert-rand-1
68.0,0.0,0.06388715352269747,0.06438840838243054,0.000501254859732847,0.9999999999999998,pert-rand-1
69.0,0.0030602618490014333,0.0675576987222255,0.06449743687322429,0.0,0.9999999999999998,pert-rand-1
70.0,0.0,0.06256499577571595,0.06654196913800081,0.0039769733622848635,1.0,pert-rand-1
71.0,0.0,0.07174861094678242,0.0724005402744674,0.0006519293276848748,0.9999999999999999,pert-rand-1
72.0,0.0024385861985640744,0.07510581849386089,0.07266723229529681,0.0,1.0,pert-rand-1
73.0,0.0014970915320628997,0.07412854112995948,0.07263144959789636,0.0,1.0000000000000002,pert-rand-1
74.0,0.0,0.06500150001690685,0.07087265873072746,0.005871158713820823,1.0000000000000002,pert-rand-1
75.0,0.005032518336212766,0.073266529399588,0.06823401106337479,0.0,1.0000000000000004,pert-rand-1
76.0,0.0,0.0664704859573364,0.06663644731088147,0.0001659613535452964,1.0000000000000002,pert-rand-1
77.0,0.0,0.0666119261934579,0.06874403909214177,0.002132112898683536,0.9999999999999997,pert-rand-1
78.0,0.0003493996238510544,0.06682101770409621,0.06647161808024538,0.0,0.9999999999999998,pert-rand-1
79.0,0.0039018551331533313,0.06822550086438506,0.06432364573123173,0.0,1.0,pert-rand-1
80.0,0.0,0.06359113412541206,0.06657175927534331,0.0029806251499311376,0.9999999999999999,pert-rand-1
81.0,0.0,0.07088859412970039,0.0709777352983968,8.914116869629396e-05,0.9999999999999999,pert-rand-1
82.0,0.0,0.06981275188964875,0.07062793204927287,0.0008151801596236741,0.9999999999999996,pert-rand-1
83.0,0.0,0.06820343770432968,0.07116680977718093,0.0029633720728508006,0.9999999999999996,pert-rand-1
84.0,0.0029354222759365722,0.07219714707932168,0.06926172480338466,0.0,1.0000000000000004,pert-rand-1
85.0,0.0008946441950703488,0.07388531635049178,0.07299067215542143,0.0,1.0,pert-rand-1
86.0,0.0008422274052661827,0.07233658529935671,0.07149435789409075,0.0,0.9999999999999998,pert-rand-1
87.0,0.003359777454647883,0.06977179319114613,0.06641201573649802,0.0,1.0000000000000002,pert-rand-1
88.0,0.0,0.06325910037674376,0.0671687355957149,0.003909635218971141,1.0,pert-rand-1
89.0,0.001315787321542805,0.06853297421590843,0.06721718689436562,0.0,1.0,pert-rand-1
90.0,0.002644412590714351,0.07048127300751506,0.06783686041680048,0.0,1.0000000000000002,pert-rand-1
91.0,0.0009519904853053651,0.06925863121303055,0.06830664072772552,0.0,0.9999999999999997,pert-rand-1
92.0,0.00034341784504188233,0.07026833312977443,0.06992491528473277,0.0,0.9999999999999998,pert-rand-1
93.0,0.0,0.06606800510589994,0.07254941197362874,0.006481406867728801,1.0,pert-rand-1
94.0,0.0,0.07529634079025294,0.07551871308484781,0.00022237229459487473,1.0,pert-rand-1
95.0,0.0,0.07140953236100178,0.07216086309665792,0.0007513307356565857,1.0000000000000004,pert-rand-1
96.0,0.003739885902345197,0.07712441037554219,0.07338452447319677,0.0,1.0000000000000002,pert-rand-1
97.0,0.0,0.0670480384351031,0.0720240191101168,0.004975980675013925,1.0000000000000002,pert-rand-1
98.0,0.0,0.07046386167010232,0.07157328393424645,0.001109422264144122,1.0,pert-rand-1
99.0,0.0,0.0672731179678756,0.06783220889406916,0.0005590909261933286,0.9999999999999998,pert-rand-1
100.0,0.0,0.06918139769207365,0.0723124427288454,0.0031310450367716403,0.9999999999999999,pert-rand-1
101.0,0.0,0.0656816711436714,0.06874462887346189,0.00306295772979015,0.9999999999999997,pert-rand-1
102.0,0.001955810978813366,0.07144488978899166,0.06948907881017807,0.0,1.0000000000000002,pert-rand-1
103.0,0.005189739874028598,0.07650667575496684,0.07131693588093801,0.0,1.0000000000000002,pert-rand-1
104.0,0.002206155033570467,0.07646045186943007,0.07425429683585971,0.0,0.9999999999999999,pert-rand-1
105.0,0.00377318687766659,0.07904826407870247,0.07527507720103599,0.0,0.9999999999999999,pert-rand-1
106.0,0.0,0.07335238513834863,0.07335733430801639,4.949169667978204e-06,1.0000000000000002,pert-rand-1
107.0,0.0012300241816769475,0.0716844367566647,0.07045441257498708,0.0,1.0000000000000007,pert-rand-1
108.0,0.002468744381216137,0.07658792693589933,0.07411918255468297,0.0,1.0000000000000002,pert-rand-1
109.0,0.0,0.0657090926184305,0.07146989464953657,0.0057608020311060715,1.0,pert-rand-1
110.0,0.0012288142554595094,0.0702002261930903,0.06897141193763079,0.0,1.0,pert-rand-1
111.0,0.002743125441663552,0.07166949537925826,0.06892636993759482,0.0,0.9999999999999999,pert-rand-1
112.0,0.0,0.06754700638792177,0.06969194513119548,0.0021449387432739275,1.0000000000000002,pert-rand-1
113.0,0.0,0.07101292757829114,0.07262010320353873,0.0016071756252478142,1.0000000000000002,pert-rand-1
114.0,0.0013203466515667728,0.07267267392315913,0.07135232727159235,0.0,1.0,pert-rand-1
115.0,0.0,0.07047515767731727,0.07234209793134494,0.0018669402540273383,0.9999999999999997,pert-rand-1
116.0,0.0011786128461159784,0.0749168260833839,0.0737382132372677,0.0,1.0000000000000002,pert-rand-1
117.0,0.0,0.07559740607600496,0.07603309033727734,0.0004356842612726064,1.0000000000000002,pert-rand-1
118.0,0.0,0.07177065996850196,0.07201341697461694,0.00024275700611486872,0.9999999999999999,pert-rand-1
119.0,0.006843265515844799,0.07856723783917152,0.07172397232332695,0.0,0.9999999999999998,pert-rand-1
120.0,0.0,0.071393710509698,0.07323286366102444,0.0018391531513264336,1.0,pert-rand-1
121.0,0.0016727385595390887,0.07289154739321835,0.07121880883367937,0.0,0.9999999999999999,pert-rand-1
122.0,0.0,0.06556586460691616,0.07024942594940964,0.004683561342493925,1.0000000000000004,pert-rand-1
123.0,0.0015456061129335286,0.07299478736878129,0.07144918125584754,0.0,1.0000000000000002,pert-rand-1
124.0,0.001772948339516689,0.07266079523810465,0.07088784689858807,0.0,0.9999999999999999,pert-rand-1
125.0,0.0,0.0716888620562186,0.07398876575079294,0.0022999036945745566,1.0000000000000002,pert-rand-1
126.0,0.0,0.07064049768998526,0.07416315952567898,0.003522661835693608,0.9999999999999999,pert-rand-1
127.0,0.0,0.07436239168152681,0.0749223407603703,0.0005599490788434913,1.0,pert-rand-1
128.0,0.0,0.07149321921543295,0.0744851730695032,0.0029919538540704727,1.0000000000000002,pert-rand-1
129.0,0.0,0.06932355657615963,0.07270480472612018,0.0033812481499604363,0.9999999999999999,pert-rand-1
130.0,0.0040133601523755225,0.07723805924857308,0.07322469909619733,0.0,1.0000000000000002,pert-rand-1
131.0,0.0,0.0712097981657478,0.07261945074404963,0.0014096525783018343,1.0,pert-rand-1
132.0,0.003119557217066804,0.07542950462516829,0.07230994740810104,0.0,1.0000000000000004,pert-rand-1
133.0,0.00233996946693682,0.07375581314745627,0.07141584368051901,0.0,1.0000000000000004,pert-rand-1
134.0,0.0013782102067103619,0.07191235239178395,0.07053414218507337,0.0,1.0000000000000002,pert-rand-1
135.0,0.0,0.07194165363205274,0.07266549012158197,0.0007238364895294502,1.0000000000000002,pert-rand-1
136.0,0.0028299406997605026,0.07574040455241704,0.07291046385265676,0.0,0.9999999999999998,pert-rand-1
137.0,0.0,0.07165787497439258,0.07376601903216429,0.0021081440577719324,1.0000000000000002,pert-rand-1
138.0,0.0,0.07262820765161226,0.07336650424645685,0.0007382965948444786,0.9999999999999999,pert-rand-1
139.0,0.002913508156499489,0.07784639357661272,0.07493288542011323,0.0,1.0,pert-rand-1
140.0,0.002829982548930854,0.07781166109420656,0.07498167854527549,0.0,1.0000000000000002,pert-rand-1
141.0,0.0,0.07186443890629879,0.07197778878093519,0.00011334987463662571,1.0000000000000002,pert-rand-1
142.0,0.005105389973872332,0.07828973220649504,0.07318434223262282,0.0,0.9999999999999999,pert-rand-1
143.0,0.0,0.07194451226450016,0.07231787727951677,0.0003733650150168355,1.0000000000000002,pert-rand-1
144.0,0.0023063953134996318,0.07373109078580997,0.07142469547231012,0.0,1.0000000000000002,pert-rand-1
145.0,0.0,0.07038440917352884,0.07204408962190356,0.001659680448374612,0.9999999999999999,pert-rand-1
146.0,0.002901056240393274,0.07476955780467032,0.07186850156427704,0.0,1.0,pert-rand-1
147.0,0.0,0.0736883404980575,0.07372769688325798,3.9356385200250976e-05,0.9999999999999998,pert-rand-1
148.0,0.0,0.07043195727785379,0.07413618574208936,0.0037042284642350154,0.9999999999999994,pert-rand-1
149.0,0.0031946788275800664,0.07781916111939036,0.07462448229181029,0.0,1.0,pert-rand-1
150.0,0.001351799433808365,0.07608006344231244,0.07472826400850408,0.0,1.0,pert-rand-1
151.0,0.0,0.06896016035811581,0.0731936114036501,0.004233451045534298,1.0,pert-rand-1
152.0,0.001997567777653142,0.07603998984066762,0.07404242206301426,0.0,1.0000000000000002,pert-rand-1
153.0,0.002394156011592097,0.07558458007912439,0.07319042406753229,0.0,1.0,pert-rand-1
154.0,0.0017021986756071694,0.0752138033619627,0.07351160468635554,0.0,1.0,pert-rand-1
155.0,0.0,0.07155313068537406,0.07269630134058314,0.0011431706552086363,0.9999999999999996,pert-rand-1
156.0,0.002569786899897508,0.07399044981682934,0.07142066291693183,0.0,1.0,pert-rand-1
157.0,0.0008434173179527882,0.0736597971771773,0.07281637985922429,0.0,1.0000000000000002,pert-rand-1
158.0,0.0,0.07221010592136534,0.07366902124395347,0.00145891532258835,1.0000000000000002,pert-rand-1
159.0,0.0,0.07267457579764636,0.0745526849792566,0.0018781091816099105,0.9999999999999997,pert-rand-1
160.0,0.0006644003541287358,0.0748581707062892,0.07419377035216024,0.0,1.0000000000000002,pert-rand-1
161.0,0.0003725562863029497,0.07424795199160594,0.07387539570530355,0.0,0.9999999999999994,pert-rand-1
162.0,0.0023304996503065167,0.07768888619385184,0.07535838654354565,0.0,0.9999999999999997,pert-rand-1
163.0,0.0,0.07333453451332916,0.07343877264838417,0.0001042381350552235,1.0000000000000002,pert-rand-1
164.0,0.0009169346955183455,0.07422874473572705,0.07331181004020881,0.0,0.9999999999999999,pert-rand-1
165.0,0.0007678588638562189,0.07351735272897653,0.07274949386512009,0.0,1.0000000000000002,pert-rand-1
166.0,0.0015706209822420325,0.07373519331006118,0.07216457232781925,0.0,0.9999999999999999,pert-rand-1
167.0,0.001946812106565332,0.07570330443449125,0.07375649232792592,0.0,1.0,pert-rand-1
168.0,0.0,0.06983265472828859,0.07211350589694765,0.0022808511686588373,0.9999999999999998,pert-rand-1
169.0,0.0008150643973570126,0.07347692191955346,0.0726618575221969,0.0,0.9999999999999996,pert-rand-1
170.0,0.002127866214778562,0.07656933125827536,0.07444146504349636,0.0,1.0000000000000004,pert-rand-1
171.0,0.0,0.07368440870053017,0.07458415370556626,0.0008997450050357569,0.9999999999999997,pert-rand-1
172.0,0.0007220032253351105,0.07521169281108353,0.07448968958574853,0.0,0.9999999999999999,pert-rand-1
173.0,0.003587498865667782,0.07682678026837375,0.07323928140270608,0.0,0.9999999999999999,pert-rand-1
174.0,0.0,0.07062609954881771,0.07435290488034973,0.0037268053315320238,1.0,pert-rand-1
175.0,0.005084428401212371,0.0795455597622956,0.07446113136108301,0.0,1.0000000000000002,pert-rand-1
176.0,0.0,0.07291417216749241,0.07301926968724703,0.00010509751975462667,1.0,pert-rand-1
177.0,0.0009755067591001865,0.07396081701736201,0.07298531025826183,0.0,1.0,pert-rand-1
178.0,0.0,0.0688298885870986,0.07184149926256411,0.0030116106754649596,0.9999999999999994,pert-rand-1
179.0,0.001865150277246208,0.07528298095884711,0.07341783068160113,0.0,0.9999999999999998,pert-rand-1
180.0,0.0021883344070487976,0.07621085687833484,0.07402252247128627,0.0,0.9999999999999998,pert-rand-1
181.0,0.0,0.07283566074364356,0.07395086929415018,0.001115208550506619,1.0,pert-rand-1
182.0,0.0,0.07461641305527222,0.0747274116303932,0.00011099857512097966,1.0,pert-rand-1
183.0,0.0,0.07144816073548066,0.0738551962531736,0.002407035517693168,1.0000000000000002,pert-rand-1
184.0,0.0,0.07436522390350642,0.07452838938779949,0.00016316548429307076,1.0,pert-rand-1
185.0,0.0,0.07320481896073683,0.07347431152726447,0.00026949256652786246,1.0000000000000002,pert-rand-1
186.0,0.0,0.07221238829797594,0.07353756793748911,0.0013251796395130633,0.9999999999999999,pert-rand-1
187.0,0.0,0.07394809658295753,0.07419508707718325,0.0002469904942257184,1.0,pert-rand-1
188.0,0.003741650511597472,0.07640343708284081,0.07266178657124334,0.0,1.0,pert-rand-1
189.0,0.0,0.07213532448927396,0.07322760049678834,0.0010922760075142701,0.9999999999999999,pert-rand-1
190.0,0.0,0.07009913433569692,0.07311033354714791,0.0030111992114507657,0.9999999999999998,pert-rand-1
191.0,0.0037846604140432394,0.07764404524831137,0.07385938483426835,0.0,0.9999999999999998,pert-rand-1
192.0,0.0,0.07375076529967783,0.0738142127685022,6.344746882480656e-05,1.0000000000000004,pert-rand-1
193.0,0.0,0.07050141623328332,0.07376428304319749,0.0032628668099138336,0.9999999999999997,pert-rand-1
194.0,0.002307821546625788,0.07713326071285365,0.07482543916622797,0.0,0.9999999999999999,pert-rand-1
195.0,0.0019359081581737936,0.07577437861873548,0.07383847046056147,0.0,1.0000000000000002,pert-rand-1
196.0,0.0,0.06989472242043382,0.07353732593111384,0.0036426035106800203,1.0,pert-rand-1
197.0,0.0009360412687713371,0.07497991780128688,0.07404387653251576,0.0,0.9999999999999998,pert-rand-1
198.0,0.0031880967706315877,0.07658079966980358,0.0733927028991721,0.0,0.9999999999999999,pert-rand-1
199.0,0.0,0.06998552601763852,0.07323898701925724,0.003253461001618718,1.0,pert-rand-1
200.0,0.0,0.07261036471190252,0.07282464114191733,0.00021427643001470376,0.9999999999999999,pert-rand-1
201.0,0.003081816602828913,0.0765783117967258,0.073496495193897,0.0,0.9999999999999999,pert-rand-1
202.0,0.0,0.0723879972703323,0.0739189244590659,0.0015309271887340437,1.0000000000000004,pert-rand-1
203.0,0.0,0.07176286755086969,0.07396659688936547,0.0022037293384959966,1.0000000000000002,pert-rand-1
204.0,0.0038709207695052372,0.07873302312577479,0.07486210235626967,0.0,0.9999999999999999,pert-rand-1
205.0,0.0,0.07235108600748585,0.07340624335349599,0.0010551573460101382,1.0,pert-rand-1
206.0,0.0,0.07143725482936691,0.07404767813717661,0.002610423307809584,0.9999999999999999,pert-rand-1
207.0,0.002802554062618201,0.07734844824892528,0.07454589418630708,0.0,1.0,pert-rand-1
208.0,0.000810874861438049,0.07448838294310844,0.07367750808167073,0.0,0.9999999999999997,pert-rand-1
209.0,0.0,0.07049537400347883,0.07390374516817655,0.003408371164697721,1.0,pert-rand-1
210.0,0.001837694717992111,0.07515639511820416,0.07331870040021227,0.0,0.9999999999999998,pert-rand-1
211.0,0.002228707584165379,0.07560852089354975,0.07337981330938459,0.0,0.9999999999999998,pert-rand-1
212.0,0.0,0.06972126046915084,0.07341576105312075,0.0036945005839699174,1.0,pert-rand-1
213.0,0.0009953192968605862,0.07507409114933461,0.07407877185247402,0.0,1.0,pert-rand-1
214.0,0.0027306522228344177,0.07711732981239217,0.07438667758955786,0.0,0.9999999999999999,pert-rand-1
215.0,0.0,0.0710524222013389,0.07362464381097666,0.0025722216096382144,1.0000000000000004,pert-rand-1
216.0,0.0,0.07343705157204594,0.07460267724611391,0.0011656256740679716,1.0,pert-rand-1
217.0,0.0040465553022897005,0.0783847715084629,0.07433821620617298,0.0,1.0000000000000002,pert-rand-1
218.0,0.0,0.07133192179830328,0.07335484816625992,0.0020229263679566456,1.0,pert-rand-1
219.0,0.0,0.07185057011318796,0.07400493956465726,0.0021543694514692957,1.0,pert-rand-1
220.0,0.003546379846018688,0.07728527818292119,0.07373889833690206,0.0,1.0000000000000004,pert-rand-1
221.0,0.0,0.07357199533278891,0.0737357586408709,0.00016376330808176576,0.9999999999999998,pert-rand-1
222.0,0.0,0.06978472337164643,0.07310194318160768,0.003317219809961469,1.0000000000000002,pert-rand-1
223.0,0.0027190461288868484,0.07628301757143907,0.073563971442552,0.0,1.0000000000000002,pert-rand-1
224.0,0.001593458845492668,0.07578185760473688,0.07418839875924421,0.0,1.0,pert-rand-1
225.0,0.0,0.07187724284391672,0.07381914773573828,0.0019419048918215553,1.0,pert-rand-1
226.0,0.002656230877247978,0.07766029722665446,0.07500406634940626,0.0,1.0000000000000002,pert-rand-1
227.0,0.0019155787243153588,0.07553702209161584,0.07362144336730059,0.0,0.9999999999999999,pert-rand-1
228.0,0.004023646068618714,0.07811631261757657,0.07409266654895785,0.0,1.0,pert-rand-1
229.0,0.0,0.07461257021755197,0.07495278829045682,0.0003402180729050741,1.0000000000000002,pert-rand-1
230.0,0.001613547619254252,0.07553205945799335,0.0739185118387391,0.0,1.0,pert-rand-1
231.0,0.004813774728811504,0.07850190089388964,0.0736881261650777,0.0,1.0000000000000004,pert-rand-1
232.0,0.0,0.07183960292252967,0.07376541294247552,0.0019258100199457395,0.9999999999999999,pert-rand-1
233.0,0.0004945480525790913,0.07402918630903987,0.07353463825646034,0.0,1.0000000000000004,pert-rand-1
234.0,0.0011497014735362132,0.07446629649553937,0.07331659502200272,0.0,1.0000000000000004,pert-rand-1
235.0,0.0,0.07357984654520222,0.07367249996840619,9.265342320396996e-05,1.0,pert-rand-1
236.0,0.0028330761326105236,0.07754398238810545,0.07471090625549448,0.0,1.0000000000000004,pert-rand-1
237.0,0.0,0.07267343215060906,0.07369278426964698,0.0010193521190379196,1.0,pert-rand-1
238.0,0.0011731345169385676,0.07535644306557865,0.07418330854863964,0.0,1.0000000000000004,pert-rand-1
239.0,0.0,0.07435524450730546,0.07442521406200642,6.996955470139898e-05,1.0000000000000004,pert-rand-1
240.0,0.0,0.07342935863824462,0.07374148361175936,0.000312124973514738,1.0,pert-rand-1
241.0,0.0,0.07117078997070503,0.07422629202545916,0.0030555020547541334,1.0,pert-rand-1
242.0,0.0022753572224892826,0.07629034168760551,0.07401498446511656,0.0,0.9999999999999997,pert-rand-1
243.0,0.003035835056718228,0.0770126973884453,0.07397686233172718,0.0,0.9999999999999999,pert-rand-1
244.0,0.0,0.07065499628329674,0.07364899844394013,0.002994002160643161,0.9999999999999998,pert-rand-1
245.0,0.0,0.07282973662353132,0.07341029758117412,0.0005805609576428061,1.0,pert-rand-1
246.0,0.003569562271017457,0.07778733719341413,0.07421777492239645,0.0,1.0000000000000002,pert-rand-1
247.0,0.0,0.07181443896513584,0.07375522695111925,0.0019407879859836275,1.0000000000000002,pert-rand-1
248.0,0.002538708376605303,0.07699011707955905,0.07445140870295353,0.0,1.0000000000000002,pert-rand-1
249.0,0.004987634968949939,0.07957700943691104,0.07458937446796154,0.0,0.9999999999999996,pert-rand-1
250.0,0.0008166507493750919,0.07432886406546158,0.0735122133160866,0.0,0.9999999999999999,pert-rand-1
251.0,0.0,0.07314429718133852,0.07427508922397086,0.0011307920426322227,0.9999999999999999,pert-rand-1
252.0,0.000930425257324341,0.0752920964561492,0.07436167119882464,0.0,1.0000000000000002,pert-rand-1
253.0,0.0,0.07310688220399308,0.07363955799627353,0.000532675792280668,1.0000000000000002,pert-rand-1
254.0,0.0,0.06801448986187664,0.07314614528143404,0.0051316554195570685,0.9999999999999997,pert-rand-1
255.0,0.0,0.07308099471802998,0.07414256678158715,0.0010615720635569481,0.9999999999999998,pert-rand-1
256.0,0.0023093985454039068,0.07621493579849714,0.07390553725309323,0.0,1.0,pert-rand-1
257.0,0.0,0.07032559281352291,0.07363592734617097,0.0033103345326485067,1.0000000000000004,pert-rand-1
258.0,3.421633977218619e-05,0.07432615995488079,0.0742919436151086,0.0,1.0,pert-rand-1
259.0,0.003625272946825908,0.07789714633610179,0.07427187338927621,0.0,0.9999999999999997,pert-rand-1
260.0,0.0,0.07344283004619534,0.07373037614952449,0.0002875461033291504,1.0,pert-rand-1
261.0,0.0047889459556871294,0.07968596003084705,0.07489701407515992,0.0,1.0,pert-rand-1
262.0,0.0008855327242274225,0.07472437466603021,0.07383884194180235,0.0,1.0000000000000004,pert-rand-1
263.0,0.0,0.07326787820173908,0.07426853423794744,0.0010006560362083583,1.0,pert-rand-1
264.0,0.0,0.07336974335178836,0.07352686836448852,0.0001571250127003765,1.0000000000000002,pert-rand-1
265.0,0.0036457212143563567,0.077486755433265,0.07384103421890864,0.0,1.0,pert-rand-1
266.0,0.0023328088024532345,0.07641277322215001,0.074079964419697,0.0,0.9999999999999998,pert-rand-1
267.0,0.0015540590192886228,0.07514313359240532,0.07358907457311714,0.0,0.9999999999999996,pert-rand-1
268.0,0.0030981519177882832,0.07765391603886806,0.07455576412107989,0.0,0.9999999999999999,pert-rand-1
269.0,0.004400670285432007,0.07874758793679404,0.07434691765136181,0.0,1.0000000000000002,pert-rand-1
270.0,0.0,0.07023087591282473,0.07378131465791482,0.003550438745090534,1.0000000000000004,pert-rand-1
271.0,0.0012196816301669466,0.0753704097842185,0.07415072815405166,0.0,0.9999999999999999,pert-rand-1
272.0,0.0,0.06911648724306585,0.07370937012876189,0.004592882885696259,1.0000000000000002,pert-rand-1
273.0,0.0,0.07243575464355234,0.07366529992037496,0.001229545276822841,1.0000000000000002,pert-rand-1
274.0,0.0,0.07378852400244984,0.07421728955607698,0.00042876555362714175,1.0,pert-rand-1
275.0,0.0011722032944736505,0.07557649974317937,0.07440429644870572,0.0,1.0,pert-rand-1
276.0,0.0,0.07191816725304179,0.07376933578103628,0.0018511685279943846,0.9999999999999999,pert-rand-1
277.0,0.0017569770243914817,0.07558201575769008,0.07382503873329882,0.0,0.9999999999999998,pert-rand-1
278.0,0.0012290277017338314,0.0755257412144068,0.0742967135126733,0.0,0.9999999999999997,pert-rand-1
279.0,0.0,0.0695389358424443,0.07290246907845077,0.003363533236006133,0.9999999999999997,pert-rand-1
280.0,0.0,0.07112456725321703,0.0741131979636187,0.002988630710401896,1.0000000000000002,pert-rand-1
281.0,3.3061975576176295e-06,0.07384171622588664,0.07383841002832936,0.0,0.9999999999999997,pert-rand-1
282.0,0.0,0.0684488101371239,0.07309656230933215,0.00464775217220792,0.9999999999999997,pert-rand-1
283.0,0.0001096530334889767,0.07443602801742566,0.07432637498393646,0.0,1.0000000000000002,pert-rand-1
284.0,0.0,0.07155345350596409,0.07423421130039098,0.0026807577944271133,1.0000000000000002,pert-rand-1
285.0,0.0052257312956141,0.07955653634393567,0.07433080504832135,0.0,1.0000000000000002,pert-rand-1
286.0,0.0,0.07407909503610455,0.07425252868076149,0.00017343364465682853,0.9999999999999999,pert-rand-1
287.0,0.0017084241938267741,0.07567186781501789,0.07396344362119112,0.0,1.0,pert-rand-1
288.0,0.005537432185930502,0.08020125419936841,0.07466382201343835,0.0,0.9999999999999996,pert-rand-1
289.0,0.00010554948701191336,0.07357212073708985,0.07346657125007794,0.0,1.0,pert-rand-1
290.0,0.005414074486622122,0.07977011146517143,0.07435603697854964,0.0,0.9999999999999997,pert-rand-1
291.0,0.0,0.07245788391794061,0.07363842600171377,0.0011805420837729397,0.9999999999999998,pert-rand-1
292.0,9.800332926013233e-05,0.0739980732858363,0.07390006995657661,0.0,0.9999999999999996,pert-rand-1
293.0,0.0,0.07083072253175504,0.07324700841687404,0.002416285885118441,0.9999999999999994,pert-rand-1
294.0,0.0,0.07333174884933946,0.07370305826193713,0.00037130941259788663,1.0000000000000002,pert-rand-1
295.0,0.0,0.06951616376155845,0.07430124331717236,0.004785079555614136,1.0000000000000002,pert-rand-1
296.0,0.002922748744027981,0.0775791959964367,0.07465644725240872,0.0,1.0,pert-rand-1
297.0,0.002277446180815046,0.07674329821240944,0.07446585203159439,0.0,1.0,pert-rand-1
298.0,0.0018239718373191938,0.0766934694538064,0.07486949761648698,0.0,1.0000000000000002,pert-rand-1
299.0,0.0011881243798363972,0.0751303086637114,0.073942184283875,0.0,1.0,pert-rand-1
300.0,0.0,0.06740872792189134,0.07331076559455352,0.005902037672662619,1.0000000000000004,pert-rand-1
301.0,0.0,0.0734061168444109,0.07342977454946953,2.365770505863285e-05,1.0,pert-rand-1
302.0,0.0013535943699470865,0.07521741407094296,0.0738638197009962,0.0,0.9999999999999997,pert-rand-1
303.0,0.0,0.06995564455329317,0.07326986950844983,0.003314224955157097,1.0000000000000004,pert-rand-1
304.0,0.0037429977048331065,0.07735426385349964,0.07361126614866631,0.0,1.0000000000000002,pert-rand-1
305.0,0.0,0.0716901176988356,0.07403658679615044,0.0023464690973150626,1.0000000000000002,pert-rand-1
306.0,0.0,0.07233738138312673,0.07415416542570019,0.0018167840425732384,0.9999999999999998,pert-rand-1
307.0,0.0036938084525107717,0.0784595077332697,0.07476569928075905,0.0,0.9999999999999999,pert-rand-1
308.0,0.0,0.07147729377723389,0.07426390111013903,0.0027866073329049224,0.9999999999999998,pert-rand-1
309.0,0.002428788090763301,0.07678044475768009,0.0743516566669169,0.0,0.9999999999999999,pert-rand-1
310.0,0.0,0.07155170939624167,0.07414293367602076,0.002591224279779092,1.0,pert-rand-1
311.0,0.0,0.07306579343793351,0.07369577164052632,0.0006299782025924738,0.9999999999999997,pert-rand-1
312.0,0.0011443210150592353,0.07473296071226954,0.0735886396972103,0.0,1.0,pert-rand-1
313.0,0.0,0.06977521750060256,0.07353946368428044,0.0037642461836780994,1.0000000000000002,pert-rand-1
314.0,0.0,0.06890306955505321,0.07279318912269728,0.003890119567643735,0.9999999999999997,pert-rand-1
315.0,0.0,0.07041319379151378,0.07371864962696828,0.003305455835455162,1.0000000000000007,pert-rand-1
316.0,0.0,0.07268186080199901,0.07377757208571545,0.0010957112837166605,1.0000000000000002,pert-rand-1
317.0,0.0,0.07108387438563679,0.07427664915831345,0.003192774772676321,0.9999999999999997,pert-rand-1
318.0,0.0,0.0741963304046076,0.074295845415431,9.951501082317016e-05,0.9999999999999998,pert-rand-1
319.0,0.001681201700283852,0.07676343758624693,0.07508223588596263,0.0,1.0000000000000004,pert-rand-1
320.0,0.00387718002785975,0.07808269623934727,0.07420551621148808,0.0,0.9999999999999994,pert-rand-1
321.0,0.003651610110256054,0.07766585696495376,0.07401424685469804,0.0,0.9999999999999997,pert-rand-1
322.0,0.0,0.0702775131633826,0.07372812150133567,0.003450608337953076,1.0,pert-rand-1
323.0,0.0032619383400906976,0.0770990698004812,0.0738371314603905,0.0,1.0,pert-rand-1
324.0,0.00031363067579670556,0.0734431877329158,0.0731295570571191,0.0,1.0,pert-rand-1
325.0,0.0,0.0732386778593257,0.07397813262604913,0.0007394547667232132,0.9999999999999998,pert-rand-1
326.0,0.0,0.07331229869263733,0.07382157886556828,0.0005092801729309482,1.0,pert-rand-1
327.0,0.00013641809271558447,0.07396534664802767,0.0738289285553122,0.0,0.9999999999999999,pert-rand-1
328.0,0.003842942207167188,0.07864264129682108,0.074799699089654,0.0,0.9999999999999999,pert-rand-1
329.0,0.0,0.07429013793178219,0.07459698391805325,0.0003068459862707318,0.9999999999999997,pert-rand-1
330.0,0.0,0.07243518339039823,0.07446562167876636,0.0020304382883681305,1.0,pert-rand-1
331.0,0.0015103893348602515,0.07541560913000733,0.07390521979514708,0.0,1.0,pert-rand-1
332.0,0.0,0.07281434279375376,0.07425946387545401,0.0014451210817001403,0.9999999999999999,pert-rand-1
333.0,0.00348204970902799,0.07706620979792689,0.07358416008889868,0.0,1.0000000000000002,pert-rand-1
334.0,0.0,0.06891994346290975,0.07341252916583918,0.004492585702929652,1.0000000000000002,pert-rand-1
335.0,0.0,0.07330184506427284,0.0736597187426713,0.00035787367839823503,0.9999999999999998,pert-rand-1
336.0,0.0036193329519046413,0.07725162473690195,0.07363229178499742,0.0,0.9999999999999999,pert-rand-1
337.0,0.0,0.0728510461994003,0.07385336757308703,0.0010023213736862768,0.9999999999999996,pert-rand-1
338.0,0.0,0.07136892984491605,0.07414447296657056,0.002775543121654067,0.9999999999999996,pert-rand-1
339.0,0.0034429001136533355,0.07787268378482493,0.07442978367117137,0.0,1.0000000000000002,pert-rand-1
340.0,0.0,0.07246882940543431,0.0742169072985076,0.0017480778930732965,1.0,pert-rand-1
341.0,0.0,0.06811192575649061,0.07381786515989508,0.00570593940340447,1.0,pert-rand-1
342.0,0.0,0.0743584309780545,0.0745125452792127,0.00015411430115819247,1.0,pert-rand-1
343.0,0.0008801229410794198,0.07462234003526214,0.07374221709418283,0.0,0.9999999999999999,pert-rand-1
344.0,0.0014369358721741943,0.07540348473714253,0.07396654886496812,0.0,1.0000000000000002,pert-rand-1
345.0,0.0006524653814772297,0.07478814838769243,0.0741356830062152,0.0,1.0,pert-rand-1
346.0,0.0007083653675356016,0.07441172378160021,0.07370335841406472,0.0,0.9999999999999999,pert-rand-1
347.0,0.0009315477031099917,0.07454691610605768,0.07361536840294769,0.0,1.0,pert-rand-1
348.0,0.0,0.07073484253749984,0.07403336700401242,0.0032985244665125757,1.0,pert-rand-1
349.0,0.0013113966110501751,0.07533542327892317,0.07402402666787311,0.0,0.9999999999999999,pert-rand-1
350.0,0.0030446722735441023,0.07738564045677632,0.07434096818323233,0.0,0.9999999999999999,pert-rand-1
351.0,0.0,0.07372511503544321,0.07444139370198533,0.000716278666542558,1.0000000000000004,pert-rand-1
352.0,0.0,0.07415550607711618,0.07450748886995351,0.00035198279283732425,1.0,pert-rand-1
353.0,0.0,0.0730418874952965,0.07343089930927349,0.00038901181397688056,0.9999999999999999,pert-rand-1
354.0,0.0004034402012798033,0.07460445599449073,0.07420101579321092,0.0,1.0,pert-rand-1
355.0,0.0,0.06827438333740132,0.07357467998475542,0.005300296647353875,0.9999999999999998,pert-rand-1
356.0,0.0008438711292504397,0.07437204875899339,0.07352817762974317,0.0,0.9999999999999998,pert-rand-1
357.0,0.0,0.0703669293121898,0.07368363195588001,0.003316702643689995,0.9999999999999998,pert-rand-1
358.0,0.0006779482080532251,0.07458779171332908,0.07390984350527585,0.0,1.0,pert-rand-1
359.0,0.0,0.06821469616860076,0.07373316879571823,0.0055184726271173545,0.9999999999999999,pert-rand-1
360.0,0.0006446668670618827,0.07471073789114624,0.07406607102408413,0.0,1.0000000000000002,pert-rand-1
361.0,0.0004918169410599305,0.07492304079159462,0.07443122385053447,0.0,1.0000000000000002,pert-rand-1
362.0,0.005661019226412822,0.08067859039591352,0.07501757116950092,0.0,0.9999999999999998,pert-rand-1
363.0,0.0051586911691891,0.08001865001424946,0.07485995884506047,0.0,0.9999999999999999,pert-rand-1
364.0,0.0,0.07037438416566033,0.0736897851683449,0.0033154010026847924,1.0000000000000002,pert-rand-1
365.0,0.0033003209893400776,0.07749488128957127,0.07419456030023097,0.0,1.0000000000000002,pert-rand-1
366.0,0.0017284581152559042,0.07526758900796304,0.0735391308927078,0.0,0.9999999999999993,pert-rand-1
367.0,0.0022021121217080664,0.07606617594447851,0.07386406382277078,0.0,0.9999999999999997,pert-rand-1
368.0,0.003760888521840533,0.07766369884723168,0.07390281032539092,0.0,1.0000000000000002,pert-rand-1
369.0,0.0012721786257510193,0.07490536764343947,0.07363318901768823,0.0,1.0000000000000002,pert-rand-1
370.0,0.002188568738609842,0.07645157708750716,0.0742630083488971,0.0,1.0000000000000002,pert-rand-1
371.0,0.0,0.0720263636449403,0.07430759031136425,0.00228122666642383,0.9999999999999999,pert-rand-1
372.0,0.0008599503735780001,0.07512023595696049,0.07426028558338249,0.0,1.0,pert-rand-1
373.0,0.0034427297695176495,0.07783567689208071,0.07439294712256284,0.0,1.0000000000000002,pert-rand-1
374.0,0.0,0.07176267300604255,0.0745547871490907,0.002792114143048585,1.0000000000000004,pert-rand-1
375.0,0.0058111823137663166,0.07990015965106667,0.07408897733729991,0.0,1.0000000000000004,pert-rand-1
376.0,0.0,0.07042098369147332,0.07357022153765114,0.0031492378461775994,0.9999999999999998,pert-rand-1
377.0,0.0013954002472841287,0.07527499261712034,0.07387959236983632,0.0,0.9999999999999999,pert-rand-1
378.0,0.0,0.06968787268553878,0.07335601089402422,0.0036681382084858827,1.0000000000000004,pert-rand-1
379.0,0.0,0.07323035269853784,0.07346740447135347,0.00023705177281563294,1.0,pert-rand-1
380.0,0.0,0.07198010031369217,0.07388573867078507,0.001905638357092565,0.9999999999999997,pert-rand-1
381.0,0.004999006244149173,0.07969685245877067,0.0746978462146215,0.0,1.0,pert-rand-1
382.0,0.002045986945676148,0.07680586358439268,0.07475987663871653,0.0,1.0,pert-rand-1
383.0,0.0,0.07421883764795778,0.07438761541462113,0.00016877776666324174,0.9999999999999999,pert-rand-1
384.0,0.0,0.07354520107917395,0.07456948515616935,0.0010242840769953965,1.0,pert-rand-1
385.0,0.004039538886658867,0.07843771270136934,0.07439817381471081,0.0,0.9999999999999997,pert-rand-1
386.0,0.0,0.06940675684332964,0.07322228101918382,0.003815524175854401,1.0000000000000002,pert-rand-1
387.0,0.00048683690868855933,0.0742742934834073,0.07378745657471897,0.0,0.9999999999999998,pert-rand-1
388.0,0.002940566865513028,0.07674540538822572,0.0738048385227128,0.0,0.9999999999999999,pert-rand-1
389.0,0.0,0.07069979222455047,0.07345336771178823,0.002753575487237314,0.9999999999999996,pert-rand-1
390.0,0.0,0.07224181908839533,0.07389216030377832,0.0016503412153828778,0.9999999999999999,pert-rand-1
391.0,0.0018794365440548688,0.07598967601964879,0.07411023947559436,0.0,0.9999999999999996,pert-rand-1
392.0,0.0,0.07148945037118382,0.07426254656668885,0.0027730961955048095,0.9999999999999998,pert-rand-1
393.0,0.0,0.07354832846822323,0.07456387915693186,0.0010155506887086219,1.0,pert-rand-1
394.0,0.0,0.0725430371652851,0.07394370510292836,0.001400667937643485,1.0000000000000002,pert-rand-1
395.0,0.0,0.07310116597274674,0.07422402989772448,0.001122863924977624,0.9999999999999999,pert-rand-1
396.0,0.0,0.07183870405404735,0.07415679914608164,0.002318095092034511,1.0000000000000002,pert-rand-1
397.0,0.004292249416134819,0.07859015268693592,0.07429790327080088,0.0,1.0000000000000002,pert-rand-1
398.0,0.0,0.07293691809553149,0.07369525780446229,0.0007583397089312438,1.0000000000000004,pert-rand-1
399.0,0.0,0.07226950924786935,0.0737287693328269,0.0014592600849575588,1.0,pert-rand-1
0.0,0.003633135848713387,0.07426920032343287,0.07063606447471948,0.0,1.0,pert-sing-0.25
1.0,0.0007306621631687493,0.07072724171297318,0.06999657954980454,0.0,0.9999999999999999,pert-sing-0.25
2.0,0.0,0.06381678126557988,0.0670293758610423,0.0032125945954626367,1.0000000000000002,pert-sing-0.25
3.0,0.0017964719459386824,0.07006048264535969,0.06826401069942145,0.0,0.9999999999999996,pert-sing-0.25
4.0,0.0030071667898553534,0.07655864361296416,0.07355147682310892,0.0,0.9999999999999999,pert-sing-0.25
5.0,0.0,0.07241503147907347,0.07402353184811827,0.0016085003690450295,1.0000000000000002,pert-sing-0.25
6.0,0.0,0.06881978253720922,0.07088295843212666,0.002063175894917446,1.0,pert-sing-0.25
7.0,0.0008623797626756691,0.07457629352107165,0.0737139137583962,0.0,0.9999999999999998,pert-sing-0.25
8.0,0.005251523467991737,0.08125221883998823,0.07600069537199605,0.0,1.0000000000000004,pert-sing-0.25
9.0,0.0,0.07312869337914285,0.07368034914288912,0.0005516557637462727,1.0,pert-sing-0.25
10.0,0.0,0.06813082626483169,0.06902406748133505,0.0008932412165033599,1.0,pert-sing-0.25
11.0,0.0,0.0696125766779363,0.07013080348555212,0.0005182268076158181,1.0,pert-sing-0.25
12.0,0.0,0.06661847712840596,0.06974754667732508,0.0031290695489190057,0.9999999999999999,pert-sing-0.25
13.0,0.0,0.07142547145897482,0.07196848007441914,0.0005430086154445402,1.0000000000000002,pert-sing-0.25
14.0,0.0,0.06300542888257632,0.06753700722230682,0.00453157833973028,0.9999999999999998,pert-sing-0.25
15.0,0.002441725066126166,0.07396001669310581,0.07151829162697987,0.0,0.9999999999999998,pert-sing-0.25
16.0,0.0026867716097116467,0.07933580185721723,0.0766490302475058,0.0,0.9999999999999998,pert-sing-0.25
17.0,0.001952052558637729,0.0756449393293186,0.07369288677068098,0.0,0.9999999999999999,pert-sing-0.25
18.0,0.0007963898981050432,0.07594220426030396,0.07514581436219903,0.0,0.9999999999999999,pert-sing-0.25
19.0,0.004847463604456426,0.078937789814435,0.07409032620997835,0.0,1.0000000000000002,pert-sing-0.25
20.0,0.0,0.06844865792432153,0.07204392100690615,0.003595263082584399,0.9999999999999998,pert-sing-0.25
21.0,0.0,0.06901742996974924,0.07227925571275096,0.0032618257430017117,1.0,pert-sing-0.25
22.0,0.0,0.07084338277693925,0.07122504238432847,0.0003816596073894507,1.0000000000000002,pert-sing-0.25
23.0,0.0,0.06988734152336806,0.07108399026520251,0.0011966487418348937,1.0000000000000004,pert-sing-0.25
24.0,0.0,0.06986369089299194,0.07136737224144918,0.00150368134845702,0.9999999999999998,pert-sing-0.25
25.0,0.0,0.06923562870896882,0.0710983947784094,0.00186276606944058,1.0,pert-sing-0.25
26.0,0.003834206888686742,0.07658724812229423,0.07275304123360726,0.0,1.0000000000000002,pert-sing-0.25
27.0,0.0,0.07394138474938794,0.07506521479986639,0.001123830050478447,1.0,pert-sing-0.25
28.0,0.0,0.07450166245762158,0.07554978079523733,0.0010481183376159775,1.0000000000000002,pert-sing-0.25
29.0,0.0,0.07225095237610146,0.07250719100500946,0.0002562386289086671,1.0000000000000007,pert-sing-0.25
30.0,0.0015235022964632527,0.0758798371215561,0.07435633482509241,0.0,1.0000000000000004,pert-sing-0.25
31.0,0.0,0.07070914981584608,0.07427663045021105,0.0035674806343654053,1.0000000000000004,pert-sing-0.25
32.0,0.0029827766475362116,0.07453801468807963,0.07155523804054353,0.0,0.9999999999999999,pert-sing-0.25
33.0,0.00033413795755299347,0.07140282262535624,0.0710686846678028,0.0,1.0000000000000004,pert-sing-0.25
34.0,0.0,0.06823109321719723,0.07082879471976689,0.0025977015025696604,1.0,pert-sing-0.25
35.0,0.001459473962967417,0.07440516663962393,0.07294569267665652,0.0,1.0,pert-sing-0.25
36.0,0.0,0.07246848989367627,0.07282980448336074,0.00036131458968469143,1.0000000000000002,pert-sing-0.25
37.0,0.0,0.06763651464584286,0.07086613438591072,0.0032296197400680793,1.0000000000000002,pert-sing-0.25
38.0,0.0008748244874715594,0.07617377698945704,0.0752989525019856,0.0,0.9999999999999999,pert-sing-0.25
39.0,0.0,0.07313599573896834,0.07476988884385849,0.0016338931048899275,0.9999999999999998,pert-sing-0.25
40.0,0.0004185647473423648,0.0742956939846946,0.07387712923735257,0.0,0.9999999999999997,pert-sing-0.25
41.0,0.0001574029826674206,0.07423725478437526,0.07407985180170784,0.0,1.0,pert-sing-0.25
42.0,0.003600229615994488,0.07616547756760461,0.07256524795161012,0.0,1.0,pert-sing-0.25
43.0,0.002557526955083489,0.07650115887117304,0.0739436319160891,0.0,1.0000000000000004,pert-sing-0.25
44.0,0.0,0.06829133791720698,0.07187643302006053,0.0035850951028535416,1.0,pert-sing-0.25
45.0,0.002851400173869423,0.07560882425521176,0.07275742408134245,0.0,0.9999999999999999,pert-sing-0.25
46.0,0.0015318861078692514,0.07359998933504719,0.07206810322717794,0.0,1.0,pert-sing-0.25
47.0,0.0,0.06853653424413242,0.0724928064373691,0.003956272193236687,1.0,pert-sing-0.25
48.0,0.002174156840330843,0.07584158154626586,0.07366742470593479,0.0,1.0000000000000002,pert-sing-0.25
49.0,0.002171834056712618,0.07612141530239191,0.07394958124567941,0.0,0.9999999999999999,pert-sing-0.25
50.0,0.0,0.07312112124451753,0.07582514948631391,0.0027040282417962747,0.9999999999999999,pert-sing-0.25
51.0,0.0,0.07377933439133422,0.07427745438704436,0.0004981199957101445,1.0,pert-sing-0.25
52.0,0.0042276177733027165,0.07733273175280919,0.07310511397950625,0.0,1.0000000000000002,pert-sing-0.25
53.0,0.0,0.07140787841740281,0.07418395589659765,0.0027760774791948384,1.0,pert-sing-0.25
54.0,0.0,0.07207581696026955,0.07288927353254004,0.0008134565722701659,0.9999999999999997,pert-sing-0.25
55.0,0.0030378920410019106,0.07619121764705161,0.07315332560604948,0.0,1.0000000000000002,pert-sing-0.25
56.0,0.0,0.07112150013985263,0.07186786699167524,0.0007463668518230548,1.0000000000000004,pert-sing-0.25
57.0,0.0,0.06956474534998147,0.07203615202462266,0.0024714066746416297,1.0000000000000004,pert-sing-0.25
58.0,0.003017225626126274,0.07756296184474354,0.07454573621861726,0.0,1.0,pert-sing-0.25
59.0,3.3179347995515585e-05,0.07278679437455282,0.07275361502655708,0.0,1.0000000000000002,pert-sing-0.25
60.0,0.0,0.07038137556521518,0.07347108146378922,0.003089705898574713,1.0000000000000007,pert-sing-0.25
61.0,0.0025199635496828687,0.0772853381678591,0.07476537461817623,0.0,1.0,pert-sing-0.25
62.0,0.0008784379218551575,0.0753289583421013,0.07445052042024547,0.0,1.0000000000000007,pert-sing-0.25
63.0,0.0,0.07098494452549198,0.07416141458380143,0.003176470058309455,1.0,pert-sing-0.25
64.0,0.001122008347570258,0.07385314731771553,0.07273113897014505,0.0,1.0000000000000002,pert-sing-0.25
65.0,0.0025736516006473753,0.07623062206273601,0.07365697046208863,0.0,1.0,pert-sing-0.25
66.0,0.0,0.0694031410632241,0.07269697170846601,0.003293830645242135,1.0000000000000002,pert-sing-0.25
67.0,9.319461726775558e-07,0.0732246462595747,0.0732237143134018,0.0,1.0000000000000002,pert-sing-0.25
68.0,0.003397022914249259,0.07640876148494602,0.07301173857069632,0.0,1.0000000000000004,pert-sing-0.25
69.0,0.0,0.06915161393206848,0.0718091150109973,0.0026575010789288145,1.0,pert-sing-0.25
70.0,0.0,0.07379544107613811,0.07486782268759895,0.0010723816114608375,1.0,pert-sing-0.25
71.0,0.0034923084712339403,0.0777487723209318,0.07425646384969764,0.0,1.0000000000000002,pert-sing-0.25
72.0,0.0,0.07359371427564487,0.07440288495822722,0.0008091706825830158,1.0000000000000007,pert-sing-0.25
73.0,0.0,0.07123409436214168,0.07457756644235214,0.0033434720802102413,0.9999999999999998,pert-sing-0.25
74.0,0.0040915167834632005,0.07765795817505872,0.07356644139159574,0.0,0.9999999999999998,pert-sing-0.25
75.0,0.00012038391025104289,0.07413990292475514,0.0740195190145041,0.0,1.0,pert-sing-0.25
76.0,0.0,0.06983634808106465,0.07318253144455045,0.0033461833634854665,0.9999999999999997,pert-sing-0.25
77.0,0.0019032817157869086,0.07547411841267948,0.07357083669689235,0.0,1.0000000000000002,pert-sing-0.25
78.0,0.0026221884349948432,0.07596933883857537,0.07334715040358031,0.0,1.0000000000000002,pert-sing-0.25
79.0,0.0,0.06816799576170407,0.07220666446987112,0.004038668708167048,1.0,pert-sing-0.25
80.0,0.0007926174102506067,0.07487445700738071,0.07408183959713055,0.0,0.9999999999999996,pert-sing-0.25
81.0,0.0033343636482228156,0.07705764770906898,0.07372328406084638,0.0,0.9999999999999998,pert-sing-0.25
82.0,0.001994835869652656,0.07640586005245997,0.07441102418280732,0.0,1.0,pert-sing-0.25
83.0,0.0,0.07343130056968317,0.07449818481805826,0.0010668842483748664,0.9999999999999998,pert-sing-0.25
84.0,0.0,0.06655710952957428,0.0734051771532942,0.006848067623720366,1.0000000000000004,pert-sing-0.25
85.0,0.00021738461038589563,0.07459019278619872,0.07437280817581304,0.0,0.9999999999999998,pert-sing-0.25
86.0,0.001964739672568383,0.07551851336405102,0.07355377369148242,0.0,1.0000000000000002,pert-sing-0.25
87.0,0.0,0.0685273725239377,0.07331341690141635,0.004786044377478649,1.0,pert-sing-0.25
88.0,0.00043287704676853167,0.07346533933412802,0.07303246228735949,0.0,1.0,pert-sing-0.25
89.0,0.0,0.0724562977419203,0.07316372032996021,0.0007074225880399077,1.0,pert-sing-0.25
90.0,0.0,0.07006702600952419,0.07413871994736343,0.00407169393783946,1.0000000000000002,pert-sing-0.25
91.0,0.0,0.07016995837521067,0.07193060121968653,0.001760642844475857,1.0,pert-sing-0.25
92.0,0.0016941892104317402,0.07594680380507568,0.0742526145946445,0.0,0.9999999999999994,pert-sing-0.25
93.0,7.293257360685423e-05,0.07505853201102575,0.07498559943741889,0.0,1.0,pert-sing-0.25
94.0,0.0027322366063291526,0.0767850113432953,0.07405277473696592,0.0,1.0000000000000002,pert-sing-0.25
95.0,0.0011000616971090782,0.07554336298110043,0.07444330128399157,0.0,0.9999999999999998,pert-sing-0.25
96.0,0.0,0.07154365865876322,0.07337563145719328,0.0018319727984300593,1.0,pert-sing-0.25
97.0,0.006478791292238606,0.08078067773996334,0.07430188644772473,0.0,1.0,pert-sing-0.25
98.0,0.002086623505078933,0.07588019131995205,0.07379356781487312,0.0,1.0,pert-sing-0.25
99.0,0.0,0.07247815580719164,0.07336805344798081,0.0008898976407889503,0.9999999999999998,pert-sing-0.25
100.0,0.00022373375988737898,0.07385386758786372,0.0736301338279759,0.0,1.0000000000000004,pert-sing-0.25
101.0,0.0031931984458409834,0.07587475130200261,0.07268155285616174,0.0,0.9999999999999999,pert-sing-0.25
102.0,0.0,0.07033894588512091,0.07405260353648269,0.003713657651361668,0.9999999999999999,pert-sing-0.25
103.0,0.0,0.06759780355328093,0.0733850122984786,0.0057872087451976695,1.0,pert-sing-0.25
104.0,0.0033525454663299037,0.07763046266981632,0.0742779172034862,0.0,1.0000000000000002,pert-sing-0.25
105.0,0.0,0.07344010000432766,0.07456432266546043,0.0011242226611327677,1.0,pert-sing-0.25
106.0,9.69307653735374e-05,0.07400449860036473,0.07390756783499097,0.0,1.0000000000000002,pert-sing-0.25
107.0,0.0024493616267869944,0.07691981461123665,0.07447045298444976,0.0,0.9999999999999999,pert-sing-0.25
108.0,0.0,0.06805516932478839,0.07302641614267036,0.004971246817882191,1.0000000000000002,pert-sing-0.25
109.0,0.0029167250881354523,0.0769703976342686,0.07405367254613338,0.0,0.9999999999999998,pert-sing-0.25
110.0,0.002865795257633641,0.07697178498096102,0.07410598972332716,0.0,1.0000000000000002,pert-sing-0.25
111.0,0.0,0.06968600106128076,0.07272420530534696,0.0030382042440664225,1.0000000000000002,pert-sing-0.25
112.0,0.0,0.07337068337200892,0.074045998071959,0.0006753146999505244,1.0000000000000004,pert-sing-0.25
113.0,0.0038973940723718847,0.07777671673765085,0.07387932266527852,0.0,1.0000000000000004,pert-sing-0.25
114.0,0.0,0.070501174879114,0.07319630993546777,0.002695135056353992,1.0000000000000002,pert-sing-0.25
115.0,0.0030628952313156432,0.07780470209552082,0.07474180686420473,0.0,1.0000000000000004,pert-sing-0.25
116.0,0.0,0.07379004652976939,0.07426116642593072,0.00047111989616133165,1.0,pert-sing-0.25
117.0,0.0,0.07185001062936514,0.0739565262814974,0.002106515652132712,1.0000000000000004,pert-sing-0.25
118.0,0.000650608485923132,0.07420880020508314,0.07355819171916078,0.0,0.9999999999999992,pert-sing-0.25
119.0,0.0,0.07144861615726272,0.07405282082916786,0.0026042046719055856,1.0000000000000004,pert-sing-0.25
120.0,0.0,0.06914395058376033,0.07306168882996589,0.00391773824620556,1.0,pert-sing-0.25
121.0,0.0,0.07323037633145546,0.07335928040965933,0.00012890407820376204,0.9999999999999999,pert-sing-0.25
122.0,0.0016668692761671045,0.07633414167213792,0.07466727239597093,0.0,0.9999999999999999,pert-sing-0.25
123.0,0.0025064846291538156,0.07573033954657205,0.07322385491741823,0.0,1.0,pert-sing-0.25
124.0,0.0,0.07017531236146812,0.0735953033460569,0.0034199909845886722,0.9999999999999999,pert-sing-0.25
125.0,0.0,0.07446179343257864,0.07455253515375149,9.074172117284895e-05,1.0,pert-sing-0.25
126.0,0.005967969214347946,0.08006901375259545,0.07410104453824773,0.0,0.9999999999999998,pert-sing-0.25
127.0,0.0,0.07418045325852218,0.07462533821406159,0.00044488495553907104,0.9999999999999997,pert-sing-0.25
128.0,0.0035581559589947798,0.07736852104781988,0.07381036508882532,0.0,0.9999999999999998,pert-sing-0.25
129.0,0.0030572629637242166,0.07745293655380303,0.07439567359007881,0.0,1.0,pert-sing-0.25
130.0,0.0,0.07239078441002045,0.07366577749610659,0.0012749930860865843,1.0000000000000004,pert-sing-0.25
131.0,0.0016840281056278439,0.07522412408497892,0.07354009597935085,0.0,1.0000000000000002,pert-sing-0.25
132.0,0.0028043278514219283,0.07716746841062339,0.07436314055920179,0.0,0.9999999999999997,pert-sing-0.25
133.0,0.0,0.06933333061473301,0.07293279236279182,0.0035994617480588076,1.0,pert-sing-0.25
134.0,0.0,0.07028909713625908,0.07363476243070677,0.003345665294447686,1.0,pert-sing-0.25
135.0,0.0,0.07167818614852095,0.07393168025381902,0.0022534941052982926,1.0000000000000002,pert-sing-0.25
136.0,0.0013247594526668571,0.07549601246242577,0.07417125300975935,0.0,0.9999999999999996,pert-sing-0.25
137.0,0.0008666627125756277,0.07533067672850824,0.07446401401593272,0.0,0.9999999999999999,pert-sing-0.25
138.0,0.006583871614186609,0.08151327210242099,0.07492940048823393,0.0,1.0000000000000004,pert-sing-0.25
139.0,0.0,0.07191862020304551,0.0741461278407306,0.002227507637685311,1.0000000000000002,pert-sing-0.25
140.0,0.0,0.07012339957087277,0.0733435655176089,0.003220165946736353,1.0000000000000002,pert-sing-0.25
141.0,0.001536128294338912,0.07503629021939928,0.07350016192506059,0.0,0.9999999999999998,pert-sing-0.25
142.0,0.0,0.07124559008489695,0.07383184302799961,0.0025862529431026626,1.0,pert-sing-0.25
143.0,0.003432432442636024,0.07651272877604631,0.07308029633340984,0.0,1.0000000000000004,pert-sing-0.25
144.0,0.0,0.07153421709284835,0.07418318907554833,0.002648971982700199,1.0000000000000002,pert-sing-0.25
145.0,0.0036840882695412525,0.07748570511865527,0.0738016168491138,0.0,1.0000000000000002,pert-sing-0.25
146.0,0.0,0.07257344256701881,0.073641191553802,0.0010677489867831902,1.0,pert-sing-0.25
147.0,0.0,0.07160155512937028,0.0745152373811816,0.0029136822518109895,0.9999999999999997,pert-sing-0.25
148.0,0.0032389591829979913,0.0777180065317884,0.07447904734879018,0.0,1.0000000000000002,pert-sing-0.25
149.0,0.0007213101444487613,0.07535241791470892,0.07463110777025994,0.0,1.0000000000000002,pert-sing-0.25
150.0,0.0,0.0697185034568446,0.07355780047700955,0.0038392970201647225,0.9999999999999998,pert-sing-0.25
151.0,0.0022604521104616637,0.07620533923342321,0.07394488712296154,0.0,1.0,pert-sing-0.25
152.0,0.002273345365108037,0.07651185185676579,0.07423850649165731,0.0,1.0000000000000004,pert-sing-0.25
153.0,0.0,0.06971837627300892,0.0732323126115243,0.0035139363385153777,1.0,pert-sing-0.25
154.0,0.0024946786452113567,0.07653064776073326,0.07403596911552213,0.0,0.9999999999999998,pert-sing-0.25
155.0,0.0,0.0726421073561867,0.07338926151919323,0.0007471541630065248,1.0,pert-sing-0.25
156.0,0.0,0.07233389230860054,0.07363251082748501,0.0012986185188846866,1.0000000000000002,pert-sing-0.25
157.0,0.0011323120597743763,0.07562367096076383,0.07449135890098901,0.0,1.0000000000000004,pert-sing-0.25
158.0,0.0,0.07290874169159856,0.07389016278461724,0.0009814210930191303,1.0000000000000004,pert-sing-0.25
159.0,0.00014648394548877341,0.07470792615041666,0.07456144220492766,0.0,1.0000000000000002,pert-sing-0.25
160.0,0.002344021916813266,0.0768664133085275,0.07452239139171435,0.0,0.9999999999999999,pert-sing-0.25
161.0,0.0,0.07247734301682573,0.07427176775866662,0.0017944247418413273,1.0000000000000004,pert-sing-0.25
162.0,0.001517403023699515,0.07512626472545225,0.07360886170175296,0.0,0.9999999999999998,pert-sing-0.25
163.0,0.0036647459661005577,0.07763404363363802,0.07396929766753724,0.0,1.0000000000000002,pert-sing-0.25
164.0,0.0,0.07205794093844875,0.07384548731774654,0.0017875463792975665,0.9999999999999998,pert-sing-0.25
165.0,0.004637361209885782,0.07781881251775657,0.07318145130787079,0.0,1.0,pert-sing-0.25
166.0,0.0,0.07020528133620396,0.07376553175120804,0.0035602504150045178,1.0000000000000004,pert-sing-0.25
167.0,0.00024070271902665308,0.07424297587355655,0.07400227315453001,0.0,0.9999999999999999,pert-sing-0.25
168.0,0.0005115810703130164,0.0738044576854624,0.0732928766151495,0.0,0.9999999999999999,pert-sing-0.25
169.0,0.0,0.07455986061036324,0.07494858320841025,0.0003887225980470088,1.0,pert-sing-0.25
170.0,0.0,0.07341360557170962,0.07433965797070052,0.0009260523989907954,0.9999999999999999,pert-sing-0.25
171.0,0.0008809331310414281,0.07542073415293249,0.07453980102189117,0.0,0.9999999999999999,pert-sing-0.25
172.0,0.002634221764833078,0.07670358626103946,0.07406936449620649,0.0,0.9999999999999999,pert-sing-0.25
173.0,0.0,0.0726915566301658,0.07409898809021953,0.001407431460053954,1.0000000000000002,pert-sing-0.25
174.0,0.0032186229583117676,0.07715327054555265,0.07393464758724111,0.0,0.9999999999999998,pert-sing-0.25
175.0,0.0011629072579233402,0.07456047971229385,0.07339757245437073,0.0,0.9999999999999998,pert-sing-0.25
176.0,0.0,0.0709133619972806,0.07356164354395256,0.002648281546672182,1.0000000000000002,pert-sing-0.25
177.0,0.0,0.07149410681246615,0.07334125189184859,0.0018471450793826616,1.0000000000000002,pert-sing-0.25
178.0,0.003928478606131214,0.07776849666224228,0.07384001805611118,0.0,0.9999999999999999,pert-sing-0.25
179.0,0.0008947389837026254,0.07560502930857815,0.07471029032487553,0.0,1.0,pert-sing-0.25
180.0,0.0,0.07403412255128416,0.07411970421003478,8.558165875038881e-05,0.9999999999999998,pert-sing-0.25
181.0,0.0,0.07295810331370856,0.0745031664532938,0.0015450631395848013,0.9999999999999996,pert-sing-0.25
182.0,0.0017322900673715225,0.07604942587488184,0.07431713580751032,0.0,1.0,pert-sing-0.25
183.0,0.0,0.07296873370296741,0.07420366164005376,0.0012349279370865718,1.0000000000000002,pert-sing-0.25
184.0,0.0,0.07062947645157203,0.07374430078068606,0.00311482432911403,1.0,pert-sing-0.25
185.0,0.0021041153794821854,0.07572217906989387,0.07361806369041202,0.0,0.9999999999999997,pert-sing-0.25
186.0,0.0,0.07212200605300412,0.07422753248846925,0.0021055264354653547,1.0000000000000002,pert-sing-0.25
187.0,0.004441351700520291,0.07806910716180382,0.07362775546128386,0.0,0.9999999999999997,pert-sing-0.25
188.0,0.0,0.07151226343753891,0.07342104270656036,0.0019087792690216654,1.0000000000000002,pert-sing-0.25
189.0,0.0,0.0719064867882322,0.07411643833948878,0.0022099515512564727,0.9999999999999999,pert-sing-0.25
190.0,0.003693297832807918,0.07754284388627664,0.07384954605346872,0.0,1.0,pert-sing-0.25
191.0,0.0,0.07377539531922994,0.07417393851809018,0.000398543198860013,0.9999999999999998,pert-sing-0.25
192.0,0.0,0.07099512163078114,0.07430065913141104,0.003305537500630118,1.0000000000000002,pert-sing-0.25
193.0,0.0029483109451811096,0.07749322044043239,0.07454490949525172,0.0,0.9999999999999996,pert-sing-0.25
194.0,0.0013832538578653075,0.07564441682246215,0.0742611629645964,0.0,1.0000000000000004,pert-sing-0.25
195.0,0.0,0.06962697700128495,0.0734711221360973,0.003844145134812349,1.0,pert-sing-0.25
196.0,0.0016250817321894484,0.07597997767702824,0.0743548959448388,0.0,1.0,pert-sing-0.25
197.0,0.0027096887958593108,0.07637883111803556,0.07366914232217603,0.0,1.0000000000000002,pert-sing-0.25
198.0,0.0,0.07045985289014589,0.07373549776505628,0.0032756448749103884,1.0,pert-sing-0.25
199.0,0.0,0.07364657326523139,0.0737600448581216,0.00011347159289021302,1.0,pert-sing-0.25
200.0,0.0035600464466826187,0.07736556352248014,0.07380551707579763,0.0,0.9999999999999999,pert-sing-0.25
201.0,0.0,0.07155816875266607,0.07404458481800813,0.0024864160653422784,1.0000000000000002,pert-sing-0.25
202.0,0.0,0.07263824543092134,0.07408382535292157,0.0014455799219998955,0.9999999999999997,pert-sing-0.25
203.0,0.0036403192028287013,0.07827809763815963,0.0746377784353307,0.0,1.0000000000000002,pert-sing-0.25
204.0,0.0,0.07301082196669473,0.07405722317247809,0.001046401205783254,0.9999999999999999,pert-sing-0.25
205.0,0.0,0.07114575289320935,0.0738907817873784,0.002745028894169055,1.0,pert-sing-0.25
206.0,0.003243727635235838,0.07789652467822905,0.07465279704299332,0.0,0.9999999999999999,pert-sing-0.25
207.0,0.0003532221370876609,0.07377468462125636,0.0734214624841687,0.0,1.0,pert-sing-0.25
208.0,0.0,0.07044065273540179,0.0737916391441078,0.0033509864087056807,0.9999999999999997,pert-sing-0.25
209.0,0.0022196695375718,0.07638209035012244,0.07416242081255087,0.0,0.9999999999999998,pert-sing-0.25
210.0,0.001769341544420544,0.07537410261429311,0.0736047610698729,0.0,0.9999999999999997,pert-sing-0.25
211.0,0.0,0.07037216655449208,0.07385862499097184,0.003486458436479989,1.0000000000000002,pert-sing-0.25
212.0,0.0010098448342186206,0.0750494476988528,0.07403960286463396,0.0,1.0000000000000002,pert-sing-0.25
213.0,0.0028038498129530076,0.07717375833000917,0.07436990851705594,0.0,1.0000000000000002,pert-sing-0.25
214.0,0.0,0.0709283762110593,0.07397640197918565,0.003048025768126239,0.9999999999999999,pert-sing-0.25
215.0,0.0,0.07387367024767721,0.07435950765962696,0.0004858374119499631,1.0000000000000002,pert-sing-0.25
216.0,0.0036182941494942167,0.07802731679726205,0.07440902264776805,0.0,0.9999999999999998,pert-sing-0.25
217.0,0.0,0.0713800481115896,0.07351361000216872,0.0021335618905787834,0.9999999999999997,pert-sing-0.25
218.0,0.0,0.07232613016682499,0.07418568086054034,0.0018595506937152395,0.9999999999999999,pert-sing-0.25
219.0,0.0036109054259507722,0.07767436052050303,0.07406345509455226,0.0,1.0,pert-sing-0.25
220.0,0.0,0.07298901240991773,0.07361309176410868,0.000624079354191176,1.0000000000000002,pert-sing-0.25
221.0,0.0,0.07085068829871766,0.07393929649307596,0.0030886081943583,1.0,pert-sing-0.25
222.0,0.0031741563170317733,0.07709821038804066,0.07392405407100844,0.0,1.0000000000000004,pert-sing-0.25
223.0,0.0008321989308172073,0.07498509446835211,0.07415289553753523,0.0,0.9999999999999997,pert-sing-0.25
224.0,0.0,0.07027643490611091,0.07386082543023009,0.0035843905241191854,1.0,pert-sing-0.25
225.0,0.00256494005302077,0.07723588389235103,0.07467094383933004,0.0,1.0000000000000002,pert-sing-0.25
226.0,0.004506936246146176,0.078953167034995,0.07444623078884915,0.0,0.9999999999999997,pert-sing-0.25
227.0,0.0,0.07234350292582326,0.07343788254418149,0.0010943796183584542,1.0000000000000002,pert-sing-0.25
228.0,0.0023909151681040797,0.07713680761558273,0.07474589244747842,0.0,1.0000000000000002,pert-sing-0.25
229.0,0.003393227283221667,0.07714419463921418,0.07375096735599285,0.0,0.9999999999999997,pert-sing-0.25
230.0,0.002495279215251278,0.0759621744892851,0.07346689527403405,0.0,0.9999999999999998,pert-sing-0.25
231.0,0.0027036763216221615,0.07711388044855894,0.07441020412693677,0.0,1.0,pert-sing-0.25
232.0,0.0037274928102926097,0.07759605576839301,0.07386856295810018,0.0,1.0000000000000002,pert-sing-0.25
233.0,0.0004232364641085784,0.07408085834012379,0.07365762187601543,0.0,0.9999999999999998,pert-sing-0.25
234.0,0.0,0.06835506077631348,0.07365119840440759,0.005296137628094333,1.0000000000000002,pert-sing-0.25
235.0,0.0,0.07278817750906463,0.07446753554941632,0.001679358040351575,0.9999999999999999,pert-sing-0.25
236.0,0.00017929139967765018,0.07424029630362061,0.07406100490394296,0.0,1.0,pert-sing-0.25
237.0,0.00181126799705289,0.07618133307868935,0.07437006508163657,0.0,0.9999999999999999,pert-sing-0.25
238.0,0.0,0.07254176234108889,0.07451226903908748,0.0019705066979988084,1.0000000000000002,pert-sing-0.25
239.0,0.0,0.0718280536754432,0.07352360913202738,0.0016955554565841746,1.0,pert-sing-0.25
240.0,0.0,0.07250067083770095,0.07389539436133608,0.0013947235236351219,1.0,pert-sing-0.25
241.0,0.0,0.07371643578487053,0.07404267295702915,0.0003262371721586277,1.0,pert-sing-0.25
242.0,0.002421172456888776,0.0762036436870841,0.07378247123019555,0.0,0.9999999999999998,pert-sing-0.25
243.0,0.0,0.06889523506326789,0.07357134027969425,0.004676105216426585,1.0000000000000002,pert-sing-0.25
244.0,0.0,0.07323019733953862,0.07361632116651251,0.0003861238269741163,1.0000000000000002,pert-sing-0.25
245.0,0.003543831007754239,0.07782023234500901,0.07427640133725477,0.0,1.0,pert-sing-0.25
246.0,0.0,0.07210339322357817,0.0741661113943124,0.0020627181707344455,1.0000000000000002,pert-sing-0.25
247.0,0.0,0.0721460233390705,0.07396186228579982,0.0018158389467295422,1.0000000000000002,pert-sing-0.25
248.0,0.0,0.07151883566150707,0.07433131737998633,0.002812481718479032,0.9999999999999998,pert-sing-0.25
249.0,0.0,0.07142553264863527,0.07344661811523368,0.0020210854665984046,1.0,pert-sing-0.25
250.0,0.0,0.0724651145034454,0.07421311508243611,0.001748000578990716,1.0,pert-sing-0.25
251.0,0.004516034997915974,0.07910253606418038,0.07458650106626452,0.0,0.9999999999999999,pert-sing-0.25
252.0,0.0014688047991604503,0.07516138786618631,0.07369258306702564,0.0,1.0000000000000002,pert-sing-0.25
253.0,0.00017056689620709165,0.07408470854602989,0.07391414164982324,0.0,0.9999999999999996,pert-sing-0.25
254.0,0.00460899542151294,0.07926789303003501,0.07465889760852162,0.0,1.0000000000000004,pert-sing-0.25
255.0,0.0005088644066668646,0.07413918568822053,0.07363032128155345,0.0,1.0000000000000002,pert-sing-0.25
256.0,0.0,0.0700170139696259,0.07356034215400487,0.003543328184379635,1.0000000000000007,pert-sing-0.25
257.0,0.0006956848445938135,0.07507743050895499,0.07438174566436095,0.0,1.0000000000000002,pert-sing-0.25
258.0,0.003148559587407118,0.0776446050904871,0.07449604550308009,0.0,0.9999999999999999,pert-sing-0.25
259.0,0.0,0.0705310238311807,0.07351535189055247,0.002984328059371766,1.0,pert-sing-0.25
260.0,0.001594211227226694,0.0762151724641138,0.07462096123688688,0.0,1.0000000000000002,pert-sing-0.25
261.0,0.0,0.07158596378376436,0.0736014898584687,0.0020155260747041215,0.9999999999999998,pert-sing-0.25
262.0,0.0012958531140179197,0.07524292827888335,0.07394707516486565,0.0,0.9999999999999998,pert-sing-0.25
263.0,0.0,0.07163341803270429,0.07389779441220057,0.00226437637949628,1.0,pert-sing-0.25
264.0,0.0,0.06978225944325067,0.07359135246734683,0.003809093024096377,1.0000000000000002,pert-sing-0.25
265.0,0.0,0.07409727873328897,0.07420682207171025,0.00010954333842128072,1.0,pert-sing-0.25
266.0,0.0,0.06753395143164842,0.0734047675987306,0.00587081616708196,0.9999999999999998,pert-sing-0.25
267.0,6.753354706834358e-05,0.07406119458803917,0.07399366104097083,0.0,1.0,pert-sing-0.25
268.0,0.0,0.07075426111818106,0.07405548783039817,0.003301226712217331,1.0000000000000002,pert-sing-0.25
269.0,0.0,0.07057951743771218,0.07381067816829867,0.00323116073058638,0.9999999999999999,pert-sing-0.25
270.0,0.0014561979215590437,0.0757670363886771,0.07431083846711783,0.0,1.0000000000000002,pert-sing-0.25
271.0,0.0,0.07245917815246394,0.07416458599472597,0.00170540784226203,1.0,pert-sing-0.25
272.0,0.0,0.07117231920024536,0.07364349940292525,0.002471180202679779,0.9999999999999999,pert-sing-0.25
273.0,0.0037676984105262656,0.07858567726569432,0.07481797885516817,0.0,0.9999999999999999,pert-sing-0.25
274.0,0.0036269903518013624,0.07765457959274169,0.0740275892409401,0.0,1.0000000000000002,pert-sing-0.25
275.0,0.0027952539137947596,0.07689902291409645,0.07410376900030147,0.0,1.0000000000000002,pert-sing-0.25
276.0,0.0,0.07192899380580053,0.07356102354371419,0.001632029737913654,1.0,pert-sing-0.25
277.0,0.0,0.07313263318431562,0.07405406264392933,0.0009214294596137096,1.0,pert-sing-0.25
278.0,0.0,0.06664975008131724,0.07292101811977947,0.006271268038462008,0.9999999999999998,pert-sing-0.25
279.0,0.0025905574062025094,0.07708485358601469,0.07449429617981229,0.0,0.9999999999999999,pert-sing-0.25
280.0,0.0032209680086325854,0.07778803807258972,0.07456707006395713,0.0,1.0,pert-sing-0.25
281.0,0.0,0.07243000268568567,0.07400479850978625,0.0015747958241008053,1.0000000000000002,pert-sing-0.25
282.0,0.0029129288695226574,0.0775356078097238,0.07462267894020136,0.0,0.9999999999999998,pert-sing-0.25
283.0,0.0,0.0707096728057337,0.07422873599690238,0.003519063191168459,0.9999999999999998,pert-sing-0.25
284.0,0.002936294880988677,0.07684366306082024,0.07390736817983168,0.0,0.9999999999999999,pert-sing-0.25
285.0,0.0,0.06914450819095608,0.07388855217091672,0.004744043979961088,1.0000000000000004,pert-sing-0.25
286.0,0.004531583076062162,0.07866568326202228,0.0741341001859599,0.0,1.0000000000000002,pert-sing-0.25
287.0,0.0,0.07186265942670755,0.07350674847306582,0.0016440890463580438,0.9999999999999998,pert-sing-0.25
288.0,0.0,0.07028126444532035,0.07339502167723033,0.003113757231910208,1.0000000000000002,pert-sing-0.25
289.0,0.0017069736336885466,0.07539457610382638,0.07368760247013761,0.0,1.0000000000000002,pert-sing-0.25
290.0,0.0,0.07065171450411767,0.07402342870342138,0.0033717141993041544,1.0000000000000004,pert-sing-0.25
291.0,0.0,0.07356895449965317,0.0741745819773788,0.0006056274777256343,1.0,pert-sing-0.25
292.0,0.0,0.06849851156247633,0.07382156596789935,0.0053230544054228,0.9999999999999998,pert-sing-0.25
293.0,0.0037400273964756092,0.0783765947634334,0.07463656736695778,0.0,1.0,pert-sing-0.25
294.0,0.0,0.07374554189975968,0.07485688411413693,0.0011113422143774754,1.0000000000000002,pert-sing-0.25
295.0,0.004896890041241386,0.07933517557246317,0.07443828553122156,0.0,1.0000000000000002,pert-sing-0.25
296.0,0.0,0.07369497351866716,0.07389600608695268,0.00020103256828574168,1.0000000000000002,pert-sing-0.25
297.0,0.004512917057019061,0.07868884934344877,0.07417593228642971,0.0,1.0,pert-sing-0.25
298.0,0.0,0.06988265263380145,0.07338830271939745,0.0035056500855960016,1.0,pert-sing-0.25
299.0,0.0009769302378392908,0.07382947820597385,0.07285254796813456,0.0,1.0,pert-sing-0.25
300.0,0.0020543517021218705,0.07608285875092013,0.07402850704879804,0.0,1.0000000000000002,pert-sing-0.25
301.0,0.0009136729408357747,0.07482480058574925,0.07391112764491381,0.0,0.9999999999999997,pert-sing-0.25
302.0,0.0,0.07115656988609942,0.07424936039219987,0.0030927905061004513,1.0,pert-sing-0.25
303.0,0.001415009352073282,0.07568994957949493,0.0742749402274212,0.0,1.0000000000000004,pert-sing-0.25
304.0,0.0,0.07213968944834326,0.07470950770424445,0.0025698182559011906,1.0,pert-sing-0.25
305.0,0.0,0.07300347393898132,0.07445060749665933,0.0014471335576780042,1.0,pert-sing-0.25
306.0,0.003792574584062347,0.07832969226424624,0.07453711768018367,0.0,1.0000000000000002,pert-sing-0.25
307.0,0.0,0.07249830357747356,0.07382855606321459,0.0013302524857412568,1.0000000000000002,pert-sing-0.25
308.0,3.47826059268197e-05,0.0737531636262363,0.0737183810203097,0.0,0.9999999999999998,pert-sing-0.25
309.0,0.0,0.07254349914136027,0.07347366050708026,0.0009301613657199947,1.0,pert-sing-0.25
310.0,0.0027286376705750737,0.07629642241485368,0.07356778474427839,0.0,1.0000000000000002,pert-sing-0.25
311.0,0.0037313871110121744,0.07756816381429177,0.0738367767032797,0.0,0.9999999999999999,pert-sing-0.25
312.0,0.0,0.07224245075206892,0.07405391143266737,0.0018114606805986755,1.0000000000000002,pert-sing-0.25
313.0,0.0,0.07059178001179234,0.07381281595319067,0.0032210359413982204,0.9999999999999999,pert-sing-0.25
314.0,0.007029355876958299,0.0819434148574616,0.07491405898050352,0.0,0.9999999999999998,pert-sing-0.25
315.0,0.001310726709529253,0.07630812497464246,0.07499739826511331,0.0,0.9999999999999999,pert-sing-0.25
316.0,0.0,0.07407291327540944,0.0741792857265483,0.00010637245113864768,0.9999999999999998,pert-sing-0.25
317.0,0.0033052356368339364,0.07784074175112554,0.07453550611429183,0.0,0.9999999999999998,pert-sing-0.25
318.0,0.0,0.07340097581067906,0.07410217106563233,0.0007011952549534906,1.0000000000000002,pert-sing-0.25
319.0,0.0,0.06596397660246311,0.07297574688881814,0.0070117702863548015,0.9999999999999998,pert-sing-0.25
320.0,0.0,0.07101126057434448,0.07297422546818955,0.001962964893845065,1.0,pert-sing-0.25
321.0,0.0,0.07274760040336203,0.07353955596638029,0.000791955563018254,1.0,pert-sing-0.25
322.0,0.0028903760619862773,0.07667223509983834,0.07378185903785206,0.0,1.0,pert-sing-0.25
323.0,0.0,0.07283857948808703,0.0736651225799213,0.0008265430918341643,0.9999999999999999,pert-sing-0.25
324.0,0.005841457707453257,0.08099978884592707,0.07515833113847359,0.0,1.0000000000000002,pert-sing-0.25
325.0,0.000204911299611088,0.07469940379555484,0.07449449249594386,0.0,0.9999999999999999,pert-sing-0.25
326.0,0.0,0.07272652113441369,0.07398878914688722,0.001262268012473422,0.9999999999999999,pert-sing-0.25
327.0,0.004338367964791923,0.07933420482422471,0.07499583685943301,0.0,0.9999999999999998,pert-sing-0.25
328.0,0.0,0.07234666442483606,0.07399528294969115,0.0016486185248553165,1.0000000000000002,pert-sing-0.25
329.0,0.0010501982536040844,0.07476245798244241,0.07371225972883866,0.0,0.9999999999999997,pert-sing-0.25
330.0,0.004828726259297422,0.0785374648659547,0.07370873860665705,0.0,1.0000000000000002,pert-sing-0.25
331.0,0.001018954626993307,0.07501601444705841,0.07399705982006544,0.0,0.9999999999999997,pert-sing-0.25
332.0,0.0,0.07304968692390368,0.07332520224699035,0.0002755153230866725,1.0,pert-sing-0.25
333.0,0.0,0.07189888313634207,0.0735628370450262,0.0016639539086837907,0.9999999999999997,pert-sing-0.25
334.0,0.0,0.07401167981836365,0.07406350078081658,5.182096245315293e-05,1.0000000000000002,pert-sing-0.25
335.0,0.004572330649999845,0.07938111909697931,0.07480878844697969,0.0,0.9999999999999998,pert-sing-0.25
336.0,0.0,0.07244775190796848,0.0742163305383734,0.0017685786304055817,1.0000000000000007,pert-sing-0.25
337.0,0.0,0.07224003898418574,0.07446909646500444,0.002229057480818364,0.9999999999999997,pert-sing-0.25
338.0,0.003496891567428495,0.07768492575779096,0.07418803419036224,0.0,1.0000000000000002,pert-sing-0.25
339.0,8.01361956628277e-05,0.07450510854393122,0.07442497234826817,0.0,1.0000000000000002,pert-sing-0.25
340.0,0.0,0.07256198846024664,0.07382412792458892,0.0012621394643420603,0.9999999999999998,pert-sing-0.25
341.0,0.0019506060454754781,0.07589884914365164,0.07394824309817594,0.0,1.0000000000000002,pert-sing-0.25
342.0,0.0,0.07184034619512847,0.0733486659263437,0.0015083197312152352,1.0,pert-sing-0.25
343.0,0.001441569510126417,0.07520795636928201,0.0737663868591556,0.0,1.0,pert-sing-0.25
344.0,0.0,0.07208061765444662,0.07400962139002842,0.0019290037355818024,1.0,pert-sing-0.25
345.0,0.0026353708916388996,0.07662017690524814,0.0739848060136088,0.0,1.0000000000000004,pert-sing-0.25
346.0,0.0,0.07397032572731921,0.07397427976124904,3.954033929720602e-06,0.9999999999999999,pert-sing-0.25
347.0,0.0010531437885026307,0.0758869503055788,0.07483380651707594,0.0,1.0000000000000002,pert-sing-0.25
348.0,0.0012900576082388593,0.07554979391542949,0.07425973630719085,0.0,0.9999999999999998,pert-sing-0.25
349.0,0.0030082204571355575,0.0771302578945483,0.07412203743741252,0.0,1.0000000000000002,pert-sing-0.25
350.0,0.0,0.07107145201616571,0.07404964026447824,0.002978188248312752,1.0000000000000002,pert-sing-0.25
351.0,0.000675498818315523,0.07479323020146911,0.0741177313831538,0.0,0.9999999999999998,pert-sing-0.25
352.0,0.00360205525090751,0.07721965962693367,0.07361760437602594,0.0,1.0000000000000002,pert-sing-0.25
353.0,0.0017025102208119147,0.07569625601143048,0.07399374579061857,0.0,1.0,pert-sing-0.25
354.0,0.0,0.07209097686068122,0.07391991198412717,0.0018289351234457296,0.9999999999999998,pert-sing-0.25
355.0,0.0,0.07245752271267891,0.07350447051709297,0.0010469478044140557,1.0,pert-sing-0.25
356.0,0.0,0.07403121055516548,0.07408671995307192,5.550939790621712e-05,0.9999999999999998,pert-sing-0.25
357.0,0.0023146810161418507,0.0770189545564568,0.07470427354031473,0.0,1.0000000000000002,pert-sing-0.25
358.0,0.0,0.07223918568240362,0.07407382815387953,0.0018346424714759113,1.0,pert-sing-0.25
359.0,0.0015869768703270504,0.07599182526551118,0.07440484839518424,0.0,0.9999999999999999,pert-sing-0.25
360.0,0.0010624869908920642,0.07537782991370712,0.07431534292281561,0.0,0.9999999999999994,pert-sing-0.25
361.0,0.0032682972239153063,0.07755546656498225,0.07428716934106716,0.0,0.9999999999999998,pert-sing-0.25
362.0,0.0,0.0703788163296728,0.07341005089689889,0.0030312345672263152,1.0000000000000002,pert-sing-0.25
363.0,0.0018785995610772765,0.07520090123085388,0.0733223016697766,0.0,1.0,pert-sing-0.25
364.0,0.0005799702953461772,0.07447018228577007,0.07389021199042345,0.0,1.0000000000000004,pert-sing-0.25
365.0,0.0,0.0732123179207349,0.07339169865399697,0.00017938073326251303,1.0000000000000004,pert-sing-0.25
366.0,0.0021137748724082694,0.07642081696968095,0.07430704209727224,0.0,1.0000000000000004,pert-sing-0.25
367.0,0.0,0.06908022729630647,0.07379243083227838,0.004712203535971904,1.0,pert-sing-0.25
368.0,0.0023656956693510756,0.07685572427297727,0.07449002860362652,0.0,0.9999999999999997,pert-sing-0.25
369.0,0.0009029250441247028,0.07561520993657744,0.07471228489245285,0.0,0.9999999999999999,pert-sing-0.25
370.0,0.0,0.07392468475255587,0.07448118415538552,0.0005564994028295356,0.9999999999999999,pert-sing-0.25
371.0,0.0035704224820867214,0.07766149529036004,0.07409107280827332,0.0,1.0,pert-sing-0.25
372.0,0.0,0.07339294559742715,0.07403913847591637,0.0006461928784885496,0.9999999999999993,pert-sing-0.25
373.0,0.0,0.06953736361238305,0.07389925197986413,0.0043618883674809705,0.9999999999999999,pert-sing-0.25
374.0,0.0025364940168022265,0.07602235245262068,0.0734858584358189,0.0,0.9999999999999996,pert-sing-0.25
375.0,0.0,0.06898579707464392,0.07313650587195486,0.0041507087973109424,1.0,pert-sing-0.25
376.0,0.00019127871451685152,0.07426003319839203,0.07406875448387518,0.0,1.0,pert-sing-0.25
377.0,0.0,0.07231078477335773,0.07393837589288932,0.0016275911195314796,0.9999999999999999,pert-sing-0.25
378.0,0.0,0.07211681547280957,0.0738803648999371,0.0017635494271270868,0.9999999999999996,pert-sing-0.25
379.0,0.0029274271253456607,0.07793404842478613,0.07500662129944047,0.0,1.0,pert-sing-0.25
380.0,0.003770058248458108,0.07839642210082443,0.0746263638523661,0.0,1.0000000000000002,pert-sing-0.25
381.0,0.0004625355990481861,0.07500658557548001,0.0745440499764316,0.0,1.0000000000000002,pert-sing-0.25
382.0,0.005160125014741945,0.07914895939704159,0.07398883438229964,0.0,1.0,pert-sing-0.25
383.0,0.0,0.0705421434914133,0.07363720452807998,0.0030950610366663467,0.9999999999999997,pert-sing-0.25
384.0,0.0,0.07221957845794935,0.07344097606900535,0.0012213976110559965,1.0,pert-sing-0.25
385.0,0.0,0.06692913622837615,0.07285750896060905,0.0059283727322331226,1.0000000000000002,pert-sing-0.25
386.0,0.0019106046380783503,0.0758436006199219,0.07393299598184333,0.0,1.0000000000000002,pert-sing-0.25
387.0,0.0052885970297584795,0.07989146337928599,0.07460286634952729,0.0,1.0000000000000002,pert-sing-0.25
388.0,0.0004110997565223151,0.07466149585722093,0.07425039610069839,0.0,1.0000000000000002,pert-sing-0.25
389.0,0.0,0.0739000353971695,0.07465070964878961,0.0007506742516198983,0.9999999999999998,pert-sing-0.25
390.0,0.0,0.0741658606701785,0.07418697534344476,2.1114673266264816e-05,1.0,pert-sing-0.25
391.0,0.0017308681982232121,0.07631356941475897,0.07458270121653587,0.0,0.9999999999999999,pert-sing-0.25
392.0,0.0,0.07024965327070865,0.07398364144665726,0.0037339881759483884,0.9999999999999998,pert-sing-0.25
393.0,0.0035766173394128353,0.07759156137360801,0.0740149440341955,0.0,0.9999999999999997,pert-sing-0.25
394.0,0.0,0.07021407457326423,0.07367656011189272,0.0034624855386284903,1.0,pert-sing-0.25
395.0,0.0018109080995569737,0.07567504783699275,0.073864139737436,0.0,0.9999999999999998,pert-sing-0.25
396.0,0.003633819030097074,0.07764479421673465,0.07401097518663735,0.0,1.0000000000000002,pert-sing-0.25
397.0,0.0014386131906301003,0.07520953818249954,0.07377092499186944,0.0,1.0,pert-sing-0.25
398.0,0.0,0.07293668876125747,0.07400382142059736,0.0010671326593398867,1.0,pert-sing-0.25
399.0,0.0,0.07195781895592157,0.0738341146847803,0.0018762957288586124,0.9999999999999999,pert-sing-0.25
0.0,0.00281528330837566,0.07798579596352884,0.07517051265515295,0.0,1.0000000000000002,pert-sing-0.5
1.0,0.0016804318039295163,0.05044776464802547,0.04876733284409607,0.0,0.9999999999999999,pert-sing-0.5
2.0,0.0,0.038730621277492494,0.04056364068155427,0.0018330194040616643,0.9999999999999999,pert-sing-0.5
3.0,0.0,0.046278119031852416,0.0463553405605962,7.722152874400923e-05,1.0000000000000002,pert-sing-0.5
4.0,0.004633250521734578,0.07019002567444432,0.06555677515270997,0.0,0.9999999999999998,pert-sing-0.5
5.0,0.0,0.06612742919598036,0.06773849586641567,0.0016110666704355348,1.0000000000000002,pert-sing-0.5
6.0,0.0,0.0342212184402233,0.03599753566431929,0.0017763172240962133,1.0000000000000002,pert-sing-0.5
7.0,0.00044501521026041324,0.05947027078596112,0.05902525557570071,0.0,1.0,pert-sing-0.5
8.0,0.001749229119714979,0.07600311692049999,0.07425388780078501,0.0,1.0,pert-sing-0.5
9.0,0.0013491648191763517,0.0698438858127437,0.06849472099356713,0.0,1.0000000000000002,pert-sing-0.5
10.0,0.0,0.039428407170205126,0.04048261767773187,0.0010542105075269648,1.0000000000000002,pert-sing-0.5
11.0,0.0,0.05387957377027486,0.05396998565383582,9.041188356118113e-05,1.0000000000000002,pert-sing-0.5
12.0,0.0,0.05328959249469212,0.05815248048494803,0.004862887990255804,0.9999999999999999,pert-sing-0.5
13.0,0.0001636463601545346,0.06740275251579386,0.06723910615563966,0.0,0.9999999999999997,pert-sing-0.5
14.0,0.0,0.03484491907353271,0.038134425412983175,0.0032895063394504653,1.0,pert-sing-0.5
15.0,0.003085130534806413,0.05698419514616426,0.05389906461135818,0.0,0.9999999999999997,pert-sing-0.5
16.0,0.0007799657339795374,0.07103106187053987,0.07025109613656011,0.0,1.0000000000000002,pert-sing-0.5
17.0,0.003938936027167994,0.07244408024960025,0.06850514422243204,0.0,1.0000000000000002,pert-sing-0.5
18.0,0.0,0.05981903194858962,0.0605743372418881,0.0007553052932983695,0.9999999999999999,pert-sing-0.5
19.0,0.00744820327878104,0.0697957498958719,0.062347546617090854,0.0,1.0,pert-sing-0.5
20.0,0.0,0.06504978985621501,0.06908423767723126,0.0040344478210160295,0.9999999999999998,pert-sing-0.5
21.0,0.0005355447354382648,0.061305508680189025,0.06076996394475098,0.0,0.9999999999999998,pert-sing-0.5
22.0,0.0,0.06136263979633605,0.06387899986593892,0.0025163600696033184,1.0000000000000004,pert-sing-0.5
23.0,0.0,0.056853834915441936,0.0592052071852861,0.002351372269843943,0.9999999999999998,pert-sing-0.5
24.0,0.0,0.058305713819120975,0.05914033033431032,0.0008346165151893459,1.0,pert-sing-0.5
25.0,0.0,0.05557476114099913,0.057171335774947485,0.0015965746339483555,1.0,pert-sing-0.5
26.0,0.0027648478181541147,0.059480479464966596,0.05671563164681204,0.0,1.0000000000000004,pert-sing-0.5
27.0,0.0,0.07125628835124997,0.07260682810404429,0.0013505397527945329,1.0000000000000002,pert-sing-0.5
28.0,0.0021941609270554885,0.0717437610275673,0.06954960010051181,0.0,1.0,pert-sing-0.5
29.0,0.0011952300894604306,0.05717062404135542,0.05597539395189499,0.0,1.0,pert-sing-0.5
30.0,0.0018493526259713011,0.06771929290525525,0.06586994027928417,0.0,0.9999999999999998,pert-sing-0.5
31.0,0.0,0.07047022418285276,0.07371653031307901,0.0032463061302260288,0.9999999999999998,pert-sing-0.5
32.0,0.0,0.06426126408084332,0.0646166269569135,0.00035536287606963146,0.9999999999999994,pert-sing-0.5
33.0,0.0014252864635291296,0.05250877161877465,0.0510834851552453,0.0,1.0000000000000002,pert-sing-0.5
34.0,0.0,0.05293901178922322,0.056125930747280006,0.0031869189580566726,0.9999999999999999,pert-sing-0.5
35.0,0.0011156999300605541,0.06858555205289418,0.06746985212283363,0.0,1.0,pert-sing-0.5
36.0,0.0,0.06315593826216936,0.06397520967556924,0.0008192714133998802,1.0,pert-sing-0.5
37.0,0.0,0.04992686587850059,0.05205534782695953,0.002128481948458716,0.9999999999999998,pert-sing-0.5
38.0,0.0008472091242632818,0.061472349054089825,0.060625139929826544,0.0,1.0,pert-sing-0.5
39.0,0.0,0.06964112026333091,0.07313964557810748,0.0034985253147765683,1.0,pert-sing-0.5
40.0,5.4359362020584e-05,0.06983844550086382,0.06978408613884368,0.0,0.9999999999999996,pert-sing-0.5
41.0,0.0,0.06324344592299935,0.06363720100667902,0.000393755083679892,1.0000000000000002,pert-sing-0.5
42.0,0.0024001146547302232,0.06318731780239828,0.06078720314766817,0.0,0.9999999999999999,pert-sing-0.5
43.0,0.0,0.07152220306217627,0.0716389206751522,0.00011671761297593619,1.0,pert-sing-0.5
44.0,0.0,0.05855991919306969,0.06422720342674326,0.005667284233673464,0.9999999999999999,pert-sing-0.5
45.0,0.001313108041328226,0.06682800022812829,0.06551489218680029,0.0,0.9999999999999998,pert-sing-0.5
46.0,0.0035420004903465863,0.060983903483509794,0.057441902993162985,0.0,1.0000000000000002,pert-sing-0.5
47.0,0.0,0.06192176480552947,0.06604975627451648,0.004127991468986902,0.9999999999999999,pert-sing-0.5
48.0,0.001169342102193105,0.06473804696802321,0.06356870486583044,0.0,0.9999999999999997,pert-sing-0.5
49.0,0.002320403241313329,0.07163292420914558,0.06931252096783225,0.0,1.0,pert-sing-0.5
50.0,9.58560547101861e-05,0.07410727760130964,0.07401142154659945,0.0,1.0,pert-sing-0.5
51.0,0.0,0.0638401019917052,0.0676813110125718,0.0038412090208663763,0.9999999999999998,pert-sing-0.5
52.0,0.006165519879829606,0.07156588889787718,0.0654003690180478,0.0,0.9999999999999998,pert-sing-0.5
53.0,0.0,0.06841446183547584,0.07011670763027034,0.0017022457947947212,1.0000000000000002,pert-sing-0.5
54.0,0.0,0.07192994165564848,0.0728139415177741,0.0008839998621255063,0.9999999999999999,pert-sing-0.5
55.0,0.0006109934085591906,0.06575839121418148,0.06514739780562229,0.0,1.0,pert-sing-0.5
56.0,0.0027830590162534197,0.06105995892741234,0.058276899911158475,0.0,1.0000000000000004,pert-sing-0.5
57.0,0.0,0.05864774457662003,0.06161234523794723,0.002964600661326977,0.9999999999999998,pert-sing-0.5
58.0,0.0008686203204213427,0.07445824577639848,0.07358962545597691,0.0,1.0000000000000002,pert-sing-0.5
59.0,0.0011105476738909603,0.06650190416217483,0.06539135648828398,0.0,0.9999999999999999,pert-sing-0.5
60.0,0.0,0.05778220131283107,0.059642716266213314,0.0018605149533821308,0.9999999999999999,pert-sing-0.5
61.0,0.0009354038915114771,0.06779208773454504,0.06685668384303356,0.0,1.0,pert-sing-0.5
62.0,0.0001206307119614447,0.07641287331604185,0.0762922426040804,0.0,1.0,pert-sing-0.5
63.0,0.0,0.07048071826391245,0.07172570677379864,0.0012449885098864133,1.0000000000000002,pert-sing-0.5
64.0,0.0,0.060037384111279346,0.06069785246826753,0.0006604683569886305,1.0000000000000004,pert-sing-0.5
65.0,0.0023785435490775164,0.0684388362434123,0.06606029269433455,0.0,1.0000000000000002,pert-sing-0.5
66.0,0.0,0.06722788502615629,0.06953075826489741,0.002302873238741121,1.0,pert-sing-0.5
67.0,0.0,0.069398636762668,0.06971579560512631,0.00031715884245853143,1.0000000000000002,pert-sing-0.5
68.0,0.0024350655344334005,0.063716694160322,0.061281628625888374,0.0,1.0000000000000002,pert-sing-0.5
69.0,0.0,0.05730856654144034,0.059441491635618515,0.002132925094177951,0.9999999999999998,pert-sing-0.5
70.0,0.0,0.07285585008669715,0.07307466659823159,0.00021881651153443649,1.0,pert-sing-0.5
71.0,0.00217653221432923,0.07333610796403356,0.07115957574970411,0.0,1.0000000000000002,pert-sing-0.5
72.0,0.0005507218107894118,0.07049196596414786,0.06994124415335845,0.0,1.0,pert-sing-0.5
73.0,0.0,0.06481519785905676,0.06940130789048982,0.004586110031432722,0.9999999999999997,pert-sing-0.5
74.0,0.005242231997790503,0.07577074560576058,0.0705285136079703,0.0,0.9999999999999998,pert-sing-0.5
75.0,0.0,0.07145559106839694,0.0718042118551121,0.0003486207867147151,0.9999999999999996,pert-sing-0.5
76.0,0.0,0.06673487344996021,0.06920934133623668,0.002474467886276255,0.9999999999999998,pert-sing-0.5
77.0,0.0,0.07069703303481423,0.07076329573103646,6.626269622245218e-05,1.0000000000000002,pert-sing-0.5
78.0,0.004762259472911312,0.07140575078495925,0.06664349131204794,0.0,1.0,pert-sing-0.5
79.0,0.0,0.05953089081418583,0.06415300159727133,0.004622110783085498,1.0,pert-sing-0.5
80.0,0.0,0.06866386117567536,0.0687015656211949,3.770444551975949e-05,1.0000000000000002,pert-sing-0.5
81.0,0.0037100079397154317,0.07513568690312966,0.07142567896341445,0.0,0.9999999999999998,pert-sing-0.5
82.0,0.0013350551934305788,0.07240423629385728,0.07106918110042648,0.0,1.0000000000000002,pert-sing-0.5
83.0,0.0,0.06475902399333644,0.06742379319256042,0.002664769199224204,1.0000000000000002,pert-sing-0.5
84.0,0.0,0.06310951573173829,0.06921024654302776,0.006100730811289701,1.0000000000000002,pert-sing-0.5
85.0,0.0003087832293888759,0.07714970732187143,0.07684092409248255,0.0,1.0,pert-sing-0.5
86.0,0.001590133950407413,0.07146004964599961,0.06986991569559198,0.0,1.0000000000000002,pert-sing-0.5
87.0,0.0,0.061368461203450186,0.06547406048527427,0.004105599281824079,1.0,pert-sing-0.5
88.0,0.0,0.06588691408885206,0.0665776180835509,0.000690703994698727,0.9999999999999999,pert-sing-0.5
89.0,0.0,0.07045697092755243,0.07075552682014463,0.0002985558925920895,0.9999999999999999,pert-sing-0.5
90.0,0.0,0.07041645673406238,0.07194371010428358,0.0015272533702208602,0.9999999999999997,pert-sing-0.5
91.0,0.0,0.05851216096967238,0.06088110382265477,0.002368942852982614,1.0000000000000002,pert-sing-0.5
92.0,0.002111605156160712,0.06967806124622267,0.06756645609006195,0.0,1.0,pert-sing-0.5
93.0,0.0,0.07299928115716758,0.0737515354733258,0.0007522543161582185,1.0,pert-sing-0.5
94.0,0.003406622227703715,0.0774859629388931,0.07407934071118949,0.0,0.9999999999999999,pert-sing-0.5
95.0,0.0,0.06955018182644346,0.069779822845488,0.00022964101904499046,1.0000000000000004,pert-sing-0.5
96.0,0.0,0.06456768829548021,0.06651201331411827,0.0019443250186382821,1.0000000000000002,pert-sing-0.5
97.0,0.00621458343218273,0.08092325807302414,0.07470867464084163,0.0,0.9999999999999998,pert-sing-0.5
98.0,0.0017254457909067211,0.07371263028086439,0.071987184489958,0.0,0.9999999999999997,pert-sing-0.5
99.0,0.0,0.06892935624654672,0.0697131813949361,0.0007838251483893721,1.0,pert-sing-0.5
100.0,0.0,0.06700694975188926,0.06784640462122304,0.0008394548693335668,0.9999999999999998,pert-sing-0.5
101.0,0.0031064492224999185,0.06975957113033404,0.06665312190783412,0.0,1.0,pert-sing-0.5
102.0,0.0,0.06746040532238506,0.07147379808264709,0.004013392760262469,1.0000000000000004,pert-sing-0.5
103.0,0.0,0.06715869710463185,0.07030060913387559,0.003141912029243632,0.9999999999999999,pert-sing-0.5
104.0,0.00502534906229013,0.077670560096887,0.07264521103459698,0.0,0.9999999999999999,pert-sing-0.5
105.0,0.0,0.07175284493615686,0.07226149965857687,0.00050865472242001,1.0,pert-sing-0.5
106.0,0.0,0.06988564355975435,0.0699566814820588,7.10379223046731e-05,1.0000000000000002,pert-sing-0.5
107.0,0.0022944830278441852,0.07679021461435043,0.07449573158650669,0.0,0.9999999999999996,pert-sing-0.5
108.0,0.0,0.06644840979460676,0.07191525917314767,0.005466849378540806,0.9999999999999999,pert-sing-0.5
109.0,0.0017377744114684957,0.07294133182925,0.07120355741778162,0.0,0.9999999999999999,pert-sing-0.5
110.0,0.002586388203511536,0.07193934092873744,0.0693529527252259,0.0,1.0,pert-sing-0.5
111.0,0.0,0.06631927164247564,0.06810853767461722,0.0017892660321413567,0.9999999999999998,pert-sing-0.5
112.0,0.0,0.07148064720689518,0.07355186301877115,0.0020712158118761925,1.0000000000000002,pert-sing-0.5
113.0,0.004641522132236231,0.07428899592594429,0.06964747379370806,0.0,1.0,pert-sing-0.5
114.0,0.0,0.06573638269336124,0.06763405081861285,0.0018976681252516059,1.0,pert-sing-0.5
115.0,0.001472419089270982,0.0726933336510911,0.07122091456181967,0.0,1.0000000000000004,pert-sing-0.5
116.0,0.0,0.07342961715892993,0.07425010049891445,0.0008204833399847455,1.0000000000000002,pert-sing-0.5
117.0,0.0,0.07199549577167752,0.07466579368626425,0.0026702979145863948,0.9999999999999997,pert-sing-0.5
118.0,0.0004645639090889997,0.06801980236578342,0.0675552384566942,0.0,1.0000000000000002,pert-sing-0.5
119.0,0.0,0.07078116010370605,0.07131451663964827,0.0005333565359419978,0.9999999999999998,pert-sing-0.5
120.0,0.0,0.06753879891858694,0.07249244832187896,0.004953649403292015,1.0,pert-sing-0.5
121.0,0.0,0.07111035329805082,0.0714405172106034,0.00033016391255236144,0.9999999999999998,pert-sing-0.5
122.0,8.110080314593926e-05,0.07099995978095652,0.0709188589778107,0.0,0.9999999999999999,pert-sing-0.5
123.0,0.00353967935248356,0.06973340150566609,0.06619372215318253,0.0,1.0,pert-sing-0.5
124.0,0.0,0.07005733088099153,0.07225781220849181,0.002200481327500947,1.0000000000000007,pert-sing-0.5
125.0,0.0,0.07105597418976317,0.07333629990413548,0.002280325714372311,1.0,pert-sing-0.5
126.0,0.005783813726641496,0.07785975853921645,0.07207594481257495,0.0,1.0,pert-sing-0.5
127.0,0.0,0.0711794619014674,0.07279698895763032,0.0016175270561631372,1.0000000000000002,pert-sing-0.5
128.0,0.0026066621268346912,0.07339844391700545,0.0707917817901711,0.0,0.9999999999999997,pert-sing-0.5
129.0,0.0007128944761545242,0.07509895021223167,0.0743860557360767,0.0,1.0000000000000004,pert-sing-0.5
130.0,0.00037620353247824756,0.07299864800570122,0.0726224444732233,0.0,0.9999999999999997,pert-sing-0.5
131.0,0.0014080870303891935,0.07338450121214701,0.07197641418175782,0.0,1.0,pert-sing-0.5
132.0,0.005825218618136008,0.07829798741790484,0.0724727687997686,0.0,1.0000000000000002,pert-sing-0.5
133.0,0.0,0.06502772071751162,0.06892069601211659,0.003892975294604639,0.9999999999999997,pert-sing-0.5
134.0,0.0,0.06878625398440308,0.07221380407570677,0.0034275500913036883,1.0,pert-sing-0.5
135.0,0.0,0.06891501561184166,0.0716823757721059,0.002767360160264909,1.0000000000000007,pert-sing-0.5
136.0,0.001302837540937296,0.07319386233901759,0.07189102479808063,0.0,0.9999999999999997,pert-sing-0.5
137.0,0.00026064407273396206,0.072671631806277,0.07241098773354326,0.0,0.9999999999999998,pert-sing-0.5
138.0,0.006841704324845765,0.07959657347882265,0.072754869153977,0.0,0.9999999999999999,pert-sing-0.5
139.0,0.0,0.075759697885049,0.07639923309818786,0.0006395352131390863,1.0000000000000002,pert-sing-0.5
140.0,0.0,0.06912418948029986,0.07146004383256621,0.0023358543522663533,1.0,pert-sing-0.5
141.0,0.0017056019708392434,0.07215996658011692,0.07045436460927768,0.0,1.0,pert-sing-0.5
142.0,0.0,0.0718724226615175,0.07251927783870282,0.0006468551771855457,1.0000000000000002,pert-sing-0.5
143.0,0.0034983839480804413,0.07528111638125967,0.07178273243317923,0.0,1.0,pert-sing-0.5
144.0,0.0,0.07237313014625268,0.07370680507497551,0.0013336749287230498,1.0000000000000002,pert-sing-0.5
145.0,0.0029686712952983196,0.07170294899644669,0.0687342777011477,0.0,1.0000000000000007,pert-sing-0.5
146.0,0.0,0.07025915296240237,0.07039501276214566,0.00013585979974328755,1.0,pert-sing-0.5
147.0,0.0,0.0709435688886777,0.07420176110785659,0.0032581922191786683,0.9999999999999998,pert-sing-0.5
148.0,0.002716562776137965,0.07650272438274164,0.073786161606604,0.0,0.9999999999999997,pert-sing-0.5
149.0,0.0016581269914159869,0.07557305471172926,0.07391492772031327,0.0,1.0,pert-sing-0.5
150.0,0.0,0.06572674847414328,0.06992503969875541,0.004198291224612016,0.9999999999999999,pert-sing-0.5
151.0,0.00162251635869759,0.07557621653772473,0.07395370017902692,0.0,1.0000000000000002,pert-sing-0.5
152.0,0.003090050379120024,0.07762174916370768,0.07453169878458787,0.0,0.9999999999999998,pert-sing-0.5
153.0,0.0,0.06878981049201638,0.07170349218695782,0.002913681694941661,1.0000000000000002,pert-sing-0.5
154.0,0.002829161640811151,0.07531515677968303,0.07248599513887188,0.0,1.0,pert-sing-0.5
155.0,0.0,0.0669796308647923,0.06991536034295476,0.002935729478162452,1.0,pert-sing-0.5
156.0,0.0008174412833941158,0.07357477937015222,0.07275733808675788,0.0,1.0000000000000002,pert-sing-0.5
157.0,0.0014593545190108026,0.07462805573561315,0.07316870121660246,0.0,0.9999999999999999,pert-sing-0.5
158.0,0.0,0.07096514690486799,0.07204594174152323,0.0010807948366552411,1.0,pert-sing-0.5
159.0,0.0,0.07381527988763104,0.0741411977041243,0.0003259178164932708,1.0,pert-sing-0.5
160.0,0.0038092455858693697,0.07653701122173207,0.07272776563586292,0.0,0.9999999999999998,pert-sing-0.5
161.0,0.0,0.07263296931734842,0.07492736219361018,0.0022943928762616528,0.9999999999999999,pert-sing-0.5
162.0,0.0022635220922123667,0.07543975614097831,0.07317623404876628,0.0,0.9999999999999997,pert-sing-0.5
163.0,0.003582968099531292,0.07591288251705386,0.07232991441752268,0.0,0.9999999999999999,pert-sing-0.5
164.0,0.0,0.07201164098986723,0.07340627928451893,0.0013946382946515845,0.9999999999999999,pert-sing-0.5
165.0,0.00607678994762062,0.07734926971475375,0.07127247976713313,0.0,1.0,pert-sing-0.5
166.0,0.0,0.07084144234249012,0.07366909424922885,0.002827651906738504,0.9999999999999998,pert-sing-0.5
167.0,0.0008490855077176729,0.07271738391639682,0.07186829840867914,0.0,1.0,pert-sing-0.5
168.0,0.0,0.06958821876357035,0.07045267189584348,0.0008644531322730131,0.9999999999999999,pert-sing-0.5
169.0,0.0,0.0736090427996825,0.0738454452566284,0.00023640245694545037,0.9999999999999996,pert-sing-0.5
170.0,0.0,0.07356576028916684,0.0737957361283661,0.00022997583919948106,1.0000000000000002,pert-sing-0.5
171.0,0.0008976180170563453,0.07621535727128981,0.07531773925423368,0.0,0.9999999999999998,pert-sing-0.5
172.0,0.0032080103302840612,0.07511866537596523,0.07191065504568095,0.0,1.0000000000000002,pert-sing-0.5
173.0,0.0,0.07218524279112959,0.0726176196606283,0.0004323768694984853,0.9999999999999998,pert-sing-0.5
174.0,0.002599040687949472,0.07721307288549051,0.07461403219754104,0.0,1.0,pert-sing-0.5
175.0,0.003402552012656823,0.0761008772209566,0.07269832520829933,0.0,1.0000000000000004,pert-sing-0.5
176.0,0.0,0.07004463470459288,0.07292281578175053,0.002878181077157649,1.0,pert-sing-0.5
177.0,0.0,0.06791662188938807,0.07006149639819059,0.002144874508802741,1.0000000000000002,pert-sing-0.5
178.0,0.003940937199138794,0.07640508027386517,0.07246414307472637,0.0,1.0,pert-sing-0.5
179.0,0.0011884078172967882,0.07575026820722197,0.07456186038992474,0.0,1.0000000000000004,pert-sing-0.5
180.0,0.0007466185966820138,0.07342424624440635,0.07267762764772412,0.0,1.0000000000000002,pert-sing-0.5
181.0,0.0,0.07128897474858076,0.0740716890657207,0.002782714317139723,0.9999999999999998,pert-sing-0.5
182.0,0.0024039954244134965,0.0751398356157773,0.07273584019136359,0.0,1.0000000000000002,pert-sing-0.5
183.0,0.0,0.071468861502755,0.07426063850645026,0.0027917770036952616,1.0,pert-sing-0.5
184.0,0.0,0.07044422276651296,0.07383926293685206,0.003395040170339092,1.0,pert-sing-0.5
185.0,0.0021580232446327674,0.07447797464453387,0.07231995139990133,0.0,0.9999999999999998,pert-sing-0.5
186.0,0.0,0.07086779997158965,0.07398180115426956,0.00311400118267946,0.9999999999999996,pert-sing-0.5
187.0,0.00514743773501003,0.07746109328974926,0.07231365555473901,0.0,1.0000000000000002,pert-sing-0.5
188.0,0.0,0.07223064450621175,0.0729680970382991,0.0007374525320872349,0.9999999999999999,pert-sing-0.5
189.0,0.0,0.06960723210350062,0.07297314954737377,0.0033659174438731565,1.0,pert-sing-0.5
190.0,0.0035879497335973287,0.07563539763297022,0.07204744789937267,0.0,1.0000000000000002,pert-sing-0.5
191.0,0.0006988028528888135,0.07459791989076492,0.07389911703787622,0.0,0.9999999999999999,pert-sing-0.5
192.0,0.0,0.06944142260733055,0.07318071483231425,0.0037392922249839255,1.0000000000000002,pert-sing-0.5
193.0,0.001761082801477687,0.07686128261400738,0.0751001998125298,0.0,0.9999999999999999,pert-sing-0.5
194.0,0.0031417376434332844,0.07701562679065721,0.07387388914722393,0.0,1.0,pert-sing-0.5
195.0,0.0,0.06766867601843596,0.07183595751856953,0.004167281500133124,0.9999999999999996,pert-sing-0.5
196.0,0.00025424338442880945,0.07474278537224333,0.0744885419878143,0.0,1.0000000000000002,pert-sing-0.5
197.0,0.0037716096739737193,0.07680784513069927,0.07303623545672577,0.0,0.9999999999999998,pert-sing-0.5
198.0,0.0,0.07165438357447496,0.0740134296794055,0.002359046104930762,1.0000000000000002,pert-sing-0.5
199.0,0.0,0.06975717484232846,0.0717540064991834,0.001996831656854936,1.0,pert-sing-0.5
200.0,0.0039816614537313555,0.07591912760617281,0.07193746615244101,0.0,1.0000000000000004,pert-sing-0.5
201.0,0.0,0.07326288288622784,0.07419728852090479,0.0009344056346768381,0.9999999999999999,pert-sing-0.5
202.0,0.0,0.07032790966716118,0.07326349024358836,0.002935580576426844,0.9999999999999997,pert-sing-0.5
203.0,0.003131596824734517,0.07765595196167663,0.07452435513694233,0.0,0.9999999999999998,pert-sing-0.5
204.0,0.0007128762854795578,0.07353340873559056,0.07282053245011078,0.0,1.0000000000000002,pert-sing-0.5
205.0,0.0,0.06978798022049859,0.07321408221814552,0.0034261019976469242,1.0,pert-sing-0.5
206.0,0.0019494094006402563,0.07729683632106754,0.07534742692042751,0.0,0.9999999999999998,pert-sing-0.5
207.0,0.0018985937195593605,0.07450043850820376,0.07260184478864451,0.0,0.9999999999999999,pert-sing-0.5
208.0,0.0,0.07042006759163733,0.07352425230881177,0.0031041847171744408,1.0,pert-sing-0.5
209.0,0.000494131967832323,0.07339177913193295,0.07289764716410074,0.0,0.9999999999999999,pert-sing-0.5
210.0,0.00284660941146031,0.07595774457713378,0.07311113516567347,0.0,1.0,pert-sing-0.5
211.0,0.0,0.07070263420521483,0.07349056795955677,0.0027879337543417204,0.9999999999999998,pert-sing-0.5
212.0,0.0,0.07221939781627018,0.07242046835703397,0.00020107054076401454,1.0000000000000002,pert-sing-0.5
213.0,0.0027591547951455464,0.07722177141198538,0.07446261661683962,0.0,1.0000000000000002,pert-sing-0.5
214.0,0.0,0.07169009795546444,0.07329712275011102,0.0016070247946468053,1.0000000000000002,pert-sing-0.5
215.0,0.0,0.0724503494390738,0.07426667028412981,0.0018163208450560075,1.0,pert-sing-0.5
216.0,0.003641191115392628,0.07819189536977156,0.07455070425437849,0.0,1.0000000000000004,pert-sing-0.5
217.0,0.0,0.07111824182729687,0.07235080123111048,0.0012325594038133936,0.9999999999999998,pert-sing-0.5
218.0,0.0,0.07201901763155161,0.07430097367992783,0.0022819560483764434,1.0000000000000002,pert-sing-0.5
219.0,0.00278392503659175,0.07624871722185178,0.07346479218525981,0.0,1.0000000000000002,pert-sing-0.5
220.0,0.0007079509064509271,0.07442098482704518,0.07371303392059403,0.0,1.0000000000000002,pert-sing-0.5
221.0,0.0,0.06964294453646347,0.07324622541836057,0.0036032808818970974,1.0,pert-sing-0.5
222.0,0.00244674919440091,0.07466170303378772,0.07221495383938703,0.0,0.9999999999999998,pert-sing-0.5
223.0,0.0017965651369391544,0.0759582542549746,0.074161689118035,0.0,1.0000000000000004,pert-sing-0.5
224.0,0.0,0.06974811612472198,0.07330227481074092,0.00355415868601916,1.0000000000000002,pert-sing-0.5
225.0,0.0017623383821229188,0.0765737537409239,0.07481141535880109,0.0,0.9999999999999999,pert-sing-0.5
226.0,0.006435996224123719,0.08066871660656894,0.07423272038244533,0.0,0.9999999999999999,pert-sing-0.5
227.0,0.0,0.07191124377315039,0.07233678999674886,0.00042554622359802785,0.9999999999999996,pert-sing-0.5
228.0,0.004334398937119177,0.07974618410547585,0.07541178516835645,0.0,1.0000000000000002,pert-sing-0.5
229.0,0.004004873727144087,0.0775470533989433,0.07354217967179943,0.0,0.9999999999999998,pert-sing-0.5
230.0,0.00336463572916057,0.0768308096384469,0.07346617390928634,0.0,1.0,pert-sing-0.5
231.0,0.00499777150333458,0.07849202136489786,0.07349424986156361,0.0,0.9999999999999997,pert-sing-0.5
232.0,0.00378970734327444,0.07686352104388172,0.0730738137006075,0.0,0.9999999999999998,pert-sing-0.5
233.0,0.0007176090946823255,0.07455923403208753,0.07384162493740476,0.0,1.0000000000000004,pert-sing-0.5
234.0,0.0,0.06693320344788978,0.07239540854194582,0.0054622050940560385,1.0,pert-sing-0.5
235.0,0.0,0.07263529495728882,0.07434909844296766,0.0017138034856788442,1.0,pert-sing-0.5
236.0,0.002027281941960446,0.07573405876543249,0.07370677682347182,0.0,1.0000000000000002,pert-sing-0.5
237.0,0.0018431966084281326,0.07577366882566827,0.07393047221724025,0.0,0.9999999999999999,pert-sing-0.5
238.0,0.0,0.07297994678308606,0.07490592353719117,0.0019259767541051076,1.0,pert-sing-0.5
239.0,0.0,0.0705866046811281,0.07272037903749484,0.0021337743563667466,1.0,pert-sing-0.5
240.0,0.0,0.07248155554847191,0.07392523725523792,0.001443681706765898,0.9999999999999999,pert-sing-0.5
241.0,0.0,0.07200378269777707,0.07370613795092185,0.0017023552531445496,0.9999999999999998,pert-sing-0.5
242.0,0.0039154305804851575,0.07753244538486426,0.07361701480437932,0.0,0.9999999999999998,pert-sing-0.5
243.0,0.0,0.06956962707102243,0.07351940442428995,0.003949777353267736,1.0000000000000002,pert-sing-0.5
244.0,0.0,0.0703713275031308,0.07219529824503634,0.0018239707419057671,1.0000000000000002,pert-sing-0.5
245.0,0.0033537515703064846,0.07746800650094943,0.07411425493064305,0.0,0.9999999999999999,pert-sing-0.5
246.0,0.0,0.07337128987992014,0.07386502884789459,0.0004937389679748883,1.0000000000000004,pert-sing-0.5
247.0,0.0,0.07115180562387158,0.07392553015621839,0.0027737245323468107,1.0,pert-sing-0.5
248.0,0.0,0.0725269110282516,0.07443086069622618,0.0019039496679745804,1.0,pert-sing-0.5
249.0,0.0,0.07215376496585857,0.07251813889744907,0.0003643739315907224,1.0000000000000002,pert-sing-0.5
250.0,0.0,0.07266418024137278,0.07428544262344838,0.0016212623820758276,1.0000000000000002,pert-sing-0.5
251.0,0.004740294680255719,0.07923460827209561,0.07449431359184011,0.0,0.9999999999999998,pert-sing-0.5
252.0,0.0018901356756053644,0.07581289939321656,0.07392276371761142,0.0,0.9999999999999998,pert-sing-0.5
253.0,0.0,0.07304745358885989,0.07338745981096428,0.0003400062221040612,0.9999999999999997,pert-sing-0.5
254.0,0.0029567365845548643,0.07634837719027265,0.07339164060571823,0.0,0.9999999999999996,pert-sing-0.5
255.0,7.973623569790256e-05,0.07411885995270273,0.07403912371700483,0.0,1.0,pert-sing-0.5
256.0,0.0,0.0700711203872515,0.07296768516926211,0.0028965647820105023,0.9999999999999999,pert-sing-0.5
257.0,0.0,0.0736276898696453,0.07415321503414574,0.000525525164500662,1.0000000000000002,pert-sing-0.5
258.0,0.003521578723646668,0.07772745871545639,0.07420587999180972,0.0,1.0,pert-sing-0.5
259.0,0.0,0.0708764086724678,0.07298931561316457,0.002112906940696768,1.0,pert-sing-0.5
260.0,0.0016392518023474745,0.07665345961306391,0.07501420781071655,0.0,0.9999999999999999,pert-sing-0.5
261.0,0.0,0.07320176215281804,0.07333544883871257,0.00013368668589475163,1.0000000000000002,pert-sing-0.5
262.0,0.0017104203808794294,0.07549300371529899,0.07378258333441967,0.0,0.9999999999999999,pert-sing-0.5
263.0,0.0,0.07053848294799381,0.07376060565919873,0.003222122711204589,0.9999999999999997,pert-sing-0.5
264.0,0.0,0.0684656828491681,0.07291489940763363,0.004449216558465419,0.9999999999999999,pert-sing-0.5
265.0,0.0012313734013407185,0.07567349446632265,0.07444212106498194,0.0,1.0,pert-sing-0.5
266.0,0.0,0.0670344613082936,0.07247847003898389,0.005444008730689953,0.9999999999999997,pert-sing-0.5
267.0,0.0005423700416137267,0.07433359406040152,0.0737912240187879,0.0,0.9999999999999999,pert-sing-0.5
268.0,0.0,0.07162512384850461,0.07408772715142231,0.0024626033029179206,1.0000000000000002,pert-sing-0.5
269.0,0.0,0.07186870851932392,0.07375189993899878,0.0018831914196753008,1.0000000000000004,pert-sing-0.5
270.0,0.0,0.0742698682255023,0.07436612418884392,9.625596334150721e-05,0.9999999999999999,pert-sing-0.5
271.0,0.0,0.07178864413311148,0.07337112427015546,0.0015824801370438735,0.9999999999999999,pert-sing-0.5
272.0,0.0,0.06918580910192795,0.0736199356567987,0.004434126554870521,0.9999999999999998,pert-sing-0.5
273.0,0.003398841734548186,0.07811015080459449,0.07471130907004664,0.0,0.9999999999999997,pert-sing-0.5
274.0,0.003844734533918759,0.07787565031800292,0.07403091578408372,0.0,1.0000000000000004,pert-sing-0.5
275.0,0.003492528859974753,0.07783727065584345,0.07434474179586892,0.0,0.9999999999999998,pert-sing-0.5
276.0,0.0,0.06941005916821963,0.07249001268773103,0.0030799535195116245,1.0000000000000002,pert-sing-0.5
277.0,0.0,0.07400012070085915,0.07424811814273258,0.00024799744187309347,0.9999999999999997,pert-sing-0.5
278.0,0.0,0.06603605332486517,0.07267271673721565,0.00663666341235003,0.9999999999999996,pert-sing-0.5
279.0,0.0014238619022005627,0.0753331999189526,0.07390933801675215,0.0,0.9999999999999999,pert-sing-0.5
280.0,0.0019960660266977737,0.07664298596494357,0.07464691993824579,0.0,1.0,pert-sing-0.5
281.0,0.0,0.0714991673686709,0.0733577720070675,0.0018586046383970434,1.0000000000000004,pert-sing-0.5
282.0,0.0011595707304046243,0.0757493430326972,0.07458977230229236,0.0,1.0000000000000002,pert-sing-0.5
283.0,0.0,0.07021764149967957,0.07414088249470208,0.003923240995022503,1.0,pert-sing-0.5
284.0,0.002119499378499423,0.07600719873128647,0.07388769935278727,0.0,0.9999999999999998,pert-sing-0.5
285.0,0.0,0.07111371816585277,0.0741057863373159,0.002992068171463136,1.0,pert-sing-0.5
286.0,0.004742790754137083,0.07844590190867473,0.07370311115453743,0.0,1.0000000000000002,pert-sing-0.5
287.0,0.0,0.07244819626306742,0.07369282192462356,0.0012446256615563644,1.0000000000000002,pert-sing-0.5
288.0,0.0,0.07232496674471212,0.07319639351198981,0.0008714267672776943,1.0,pert-sing-0.5
289.0,0.0017900951743530236,0.07509552282259246,0.073305427648239,0.0,1.0000000000000004,pert-sing-0.5
290.0,0.0,0.07314751574223011,0.07418983109551625,0.0010423153532863605,1.0000000000000002,pert-sing-0.5
291.0,0.0,0.072047464076747,0.07357421227713279,0.0015267482003851196,0.9999999999999993,pert-sing-0.5
292.0,0.0,0.068178556785222,0.07407358287739818,0.005895026092176403,1.0000000000000002,pert-sing-0.5
293.0,0.0031609193578252537,0.07705379316927119,0.07389287381144616,0.0,0.9999999999999998,pert-sing-0.5
294.0,0.0,0.07335858869234158,0.0747830558480238,0.0014244671556824517,1.0000000000000002,pert-sing-0.5
295.0,0.0030183132518064593,0.07767012655708694,0.07465181330528048,0.0,1.0,pert-sing-0.5
296.0,0.0010050605408244984,0.07495336358422211,0.07394830304339739,0.0,1.0000000000000002,pert-sing-0.5
297.0,0.005866815024047067,0.08053511172372163,0.07466829669967434,0.0,1.0000000000000002,pert-sing-0.5
298.0,0.0,0.06949618988447814,0.07300171980975578,0.0035055299252778616,1.0000000000000002,pert-sing-0.5
299.0,0.0014931563664344338,0.07415704743476992,0.07266389106833526,0.0,1.0000000000000002,pert-sing-0.5
300.0,0.0,0.0734516039373787,0.07373400237081595,0.0002823984334369145,0.9999999999999997,pert-sing-0.5
301.0,0.0009367438671628037,0.07444918574698267,0.07351244187981965,0.0,1.0000000000000002,pert-sing-0.5
302.0,0.0,0.07146089614527473,0.07434467753068141,0.0028837813854069028,1.0000000000000002,pert-sing-0.5
303.0,0.00029522768749179473,0.07372425953465078,0.0734290318471591,0.0,0.9999999999999999,pert-sing-0.5
304.0,0.0,0.07316528343259998,0.07470373980607647,0.0015384563734759382,0.9999999999999994,pert-sing-0.5
305.0,0.0,0.0718827599675842,0.07458688459857343,0.0027041246309891243,0.9999999999999999,pert-sing-0.5
306.0,0.0036007834873343914,0.07804092216515435,0.07444013867781996,0.0,1.0,pert-sing-0.5
307.0,0.0001710800352965336,0.0744582378023464,0.07428715776705008,0.0,0.9999999999999998,pert-sing-0.5
308.0,0.0,0.07220519804383518,0.07333461425524135,0.0011294162114061645,1.0,pert-sing-0.5
309.0,0.0,0.07353948009009281,0.07374586400625283,0.0002063839161600134,1.0,pert-sing-0.5
310.0,0.00162625514919712,0.07498299369399564,0.07335673854479885,0.0,0.9999999999999997,pert-sing-0.5
311.0,0.003820871110050472,0.07726008856075017,0.0734392174506997,0.0,1.0,pert-sing-0.5
312.0,0.0,0.0724779127322539,0.07406796395742832,0.0015900512251744159,1.0,pert-sing-0.5
313.0,0.0,0.06793489123916241,0.0732694785434157,0.005334587304253291,1.0,pert-sing-0.5
314.0,0.006133977910637856,0.08079051225061984,0.0746565343399821,0.0,0.9999999999999999,pert-sing-0.5
315.0,0.0,0.07453553750330455,0.07479752083043278,0.0002619833271284566,1.0000000000000002,pert-sing-0.5
316.0,0.0,0.07319835462362634,0.07400558501944876,0.0008072303958224225,1.0,pert-sing-0.5
317.0,0.0023103403650890364,0.0773131441143422,0.07500280374925317,0.0,1.0,pert-sing-0.5
318.0,0.0,0.07316301193380315,0.07390159709182098,0.0007385851580180569,1.0000000000000002,pert-sing-0.5
319.0,0.0,0.06647578122106701,0.07355970601097495,0.007083924789907825,0.9999999999999999,pert-sing-0.5
320.0,0.0,0.07210651677219282,0.07265390873185062,0.0005473919596578058,1.0,pert-sing-0.5
321.0,0.00035749367669790644,0.07368106073971048,0.07332356706301235,0.0,1.0000000000000002,pert-sing-0.5
322.0,0.0019271515000203188,0.07565544582500339,0.07372829432498262,0.0,1.0000000000000004,pert-sing-0.5
323.0,0.0007329533515256781,0.07405738964467679,0.07332443629315089,0.0,1.0000000000000002,pert-sing-0.5
324.0,0.00686150709709632,0.08205305286679065,0.07519154576969433,0.0,1.0,pert-sing-0.5
325.0,0.0,0.07403510302337879,0.07415299317364987,0.00011789015027108274,1.0,pert-sing-0.5
326.0,0.0,0.07201848478187389,0.07378703888382876,0.0017685541019546447,0.9999999999999998,pert-sing-0.5
327.0,0.004825517821611447,0.07999913103151846,0.07517361320990701,0.0,1.0,pert-sing-0.5
328.0,0.0,0.07403110376403532,0.07420239814053664,0.00017129437650098556,0.9999999999999997,pert-sing-0.5
329.0,0.001069092836253005,0.07520572455312657,0.07413663171687412,0.0,0.9999999999999994,pert-sing-0.5
330.0,0.004597805229189955,0.07806728126782914,0.0734694760386394,0.0,0.9999999999999998,pert-sing-0.5
331.0,0.0016892425074952477,0.07560634185972348,0.07391709935222823,0.0,1.0,pert-sing-0.5
332.0,0.0,0.07239411744016588,0.07343401104465885,0.0010398936044931917,1.0000000000000002,pert-sing-0.5
333.0,0.0,0.07279010580880207,0.07305523536154612,0.00026512955274382577,0.9999999999999998,pert-sing-0.5
334.0,0.0,0.07205797335602915,0.07395911027505031,0.0019011369190213845,1.0000000000000002,pert-sing-0.5
335.0,0.005004093322559022,0.07945837035997783,0.07445427703741925,0.0,0.9999999999999996,pert-sing-0.5
336.0,0.0,0.07372297482861034,0.07418126666603941,0.0004582918374290701,1.0,pert-sing-0.5
337.0,0.0,0.07133600776265236,0.07442565660326572,0.003089648840613246,0.9999999999999999,pert-sing-0.5
338.0,0.002843823350376251,0.07688818051110324,0.07404435716072699,0.0,1.0,pert-sing-0.5
339.0,0.0014578690896832613,0.07632834465450711,0.07487047556482418,0.0,0.9999999999999997,pert-sing-0.5
340.0,0.0,0.07154237600372992,0.07366249100791677,0.00212011500418674,0.9999999999999999,pert-sing-0.5
341.0,0.0,0.07350689267249289,0.07391172567885473,0.0004048330063618488,1.0,pert-sing-0.5
342.0,0.0,0.0715070455669411,0.07334368932235968,0.0018366437554185877,1.0,pert-sing-0.5
343.0,0.0019551043520973366,0.07538869594715547,0.07343359159505747,0.0,1.0000000000000007,pert-sing-0.5
344.0,0.0,0.0727233440212669,0.07419672407638789,0.0014733800551209875,1.0,pert-sing-0.5
345.0,0.0035034890444116673,0.0772808922035555,0.07377740315914405,0.0,0.9999999999999998,pert-sing-0.5
346.0,0.0002289755358582113,0.0741748875860091,0.07394591205015066,0.0,1.0000000000000002,pert-sing-0.5
347.0,0.0016049940842096655,0.07627514062172547,0.07467014653751591,0.0,0.9999999999999999,pert-sing-0.5
348.0,0.0,0.07392246218930265,0.07405590203780077,0.00013343984849811807,1.0,pert-sing-0.5
349.0,0.0038521981993193677,0.07816315463034429,0.07431095643102492,0.0,1.0,pert-sing-0.5
350.0,0.0,0.071832705728887,0.07397738832926237,0.0021446826003751474,0.9999999999999998,pert-sing-0.5
351.0,0.00033895608281397926,0.07489131104528846,0.0745523549624747,0.0,0.9999999999999998,pert-sing-0.5
352.0,0.0036983313787619654,0.07722833658706652,0.07353000520830477,0.0,0.9999999999999998,pert-sing-0.5
353.0,0.0017817380050821896,0.0753291322256544,0.073547394220572,0.0,1.0000000000000002,pert-sing-0.5
354.0,0.0,0.07218305286347815,0.07412063939305025,0.0019375865295718775,0.9999999999999998,pert-sing-0.5
355.0,0.0,0.0694527949680519,0.07307469706309877,0.0036219020950470915,1.0000000000000002,pert-sing-0.5
356.0,0.0003718410156301477,0.07440360909362376,0.07403176807799339,0.0,1.0000000000000002,pert-sing-0.5
357.0,0.0008151699505685173,0.0752149345818045,0.07439976463123577,0.0,1.0000000000000002,pert-sing-0.5
358.0,0.0,0.07222447167889734,0.07396492544333277,0.0017404537644354345,1.0,pert-sing-0.5
359.0,0.0,0.07375887485544652,0.07448287891025707,0.0007240040548102122,0.9999999999999997,pert-sing-0.5
360.0,0.001692137655681436,0.07584595902771252,0.07415382137203119,0.0,0.9999999999999999,pert-sing-0.5
361.0,0.0036558418871639464,0.07826402630430018,0.07460818441713646,0.0,0.9999999999999998,pert-sing-0.5
362.0,0.0,0.0728096617249705,0.0736126406977834,0.0008029789728127845,0.9999999999999999,pert-sing-0.5
363.0,0.0043557028605683,0.07794867221198865,0.07359296935142057,0.0,0.9999999999999998,pert-sing-0.5
364.0,0.0,0.0729799253299479,0.07377687706109881,0.0007969517311505747,0.9999999999999997,pert-sing-0.5
365.0,0.0012491051304899248,0.0743404140865287,0.07309130895603899,0.0,0.9999999999999998,pert-sing-0.5
366.0,0.0030374562864767807,0.07734098310749693,0.07430352682102037,0.0,0.9999999999999998,pert-sing-0.5
367.0,0.0,0.06912934721626196,0.07354968375233706,0.004420336536074876,0.9999999999999998,pert-sing-0.5
368.0,0.004419702975537287,0.07894886206607743,0.07452915909054059,0.0,0.9999999999999996,pert-sing-0.5
369.0,0.001523057942464101,0.07614158592238951,0.07461852797992563,0.0,0.9999999999999998,pert-sing-0.5
370.0,0.0003106279036075854,0.0747248857621794,0.07441425785857181,0.0,1.0,pert-sing-0.5
371.0,0.002919254091263479,0.07736456286397386,0.07444530877271083,0.0,0.9999999999999996,pert-sing-0.5
372.0,0.0,0.07364960030061374,0.0739910957327683,0.0003414954321547814,1.0000000000000002,pert-sing-0.5
373.0,0.0,0.07064398057164634,0.07410564695453425,0.003461666382887918,1.0,pert-sing-0.5
374.0,0.0014800277879323254,0.0751070369169704,0.07362700912903808,0.0,1.0,pert-sing-0.5
375.0,0.0,0.07082190116727394,0.0728599252565314,0.002038024089257684,1.0000000000000002,pert-sing-0.5
376.0,0.0,0.07288265752910261,0.07402171261132062,0.001139055082217677,0.9999999999999997,pert-sing-0.5
377.0,0.0,0.07251995725518268,0.07369923946608381,0.0011792822109015777,1.0000000000000004,pert-sing-0.5
378.0,0.0,0.070049313009233,0.07367776114933755,0.0036284481401047675,1.0000000000000002,pert-sing-0.5
379.0,0.0030985199636158756,0.07791869576492982,0.07482017580131406,0.0,0.9999999999999999,pert-sing-0.5
380.0,0.0035493787363418683,0.07798576535793256,0.07443638662159069,0.0,1.0,pert-sing-0.5
381.0,0.0026187863136242218,0.07766177411250896,0.07504298779888408,0.0,1.0000000000000007,pert-sing-0.5
382.0,0.006570036445823657,0.08073140005573176,0.0741613636099081,0.0,1.0,pert-sing-0.5
383.0,0.0,0.0704713859970505,0.07384857735200545,0.003377191354955178,1.0000000000000002,pert-sing-0.5
384.0,0.0,0.07172159329789318,0.0734966447418518,0.0017750514439586196,1.0,pert-sing-0.5
385.0,0.0,0.06789027149502602,0.07275911565704996,0.004868844162023711,0.9999999999999998,pert-sing-0.5
386.0,0.00040905104104393963,0.07409689024134569,0.07368783920030197,0.0,0.9999999999999998,pert-sing-0.5
387.0,0.006062085150388308,0.08039054915496746,0.07432846400457938,0.0,0.9999999999999998,pert-sing-0.5
388.0,0.00175086891118581,0.07600193307389635,0.07425106416271032,0.0,1.0000000000000002,pert-sing-0.5
389.0,0.0,0.07241040219995609,0.07440254274498037,0.001992140545024501,1.0000000000000002,pert-sing-0.5
390.0,0.0,0.07328386342064541,0.0740976915783026,0.0008138281576566264,0.9999999999999994,pert-sing-0.5
391.0,0.0027002161239690903,0.07745887111762206,0.07475865499365297,0.0,1.0,pert-sing-0.5
392.0,0.0,0.06849105384142451,0.07384196001722332,0.0053509061757988086,1.0,pert-sing-0.5
393.0,0.0035241303404849322,0.07787790008583872,0.07435376974535357,0.0,1.0000000000000002,pert-sing-0.5
394.0,0.0,0.06899889787401459,0.07353077433778077,0.004531876463765849,0.9999999999999997,pert-sing-0.5
395.0,0.0016225129097378055,0.0755079982024145,0.07388548529267691,0.0,0.9999999999999998,pert-sing-0.5
396.0,0.0029691332874605125,0.07705992416872198,0.0740907908812618,0.0,0.9999999999999997,pert-sing-0.5
397.0,0.0034827718466696744,0.07709430474638035,0.07361153289971045,0.0,1.0000000000000002,pert-sing-0.5
398.0,0.0,0.0724235585148818,0.0739770332044174,0.0015534746895354834,0.9999999999999999,pert-sing-0.5
399.0,0.0,0.07077950349220474,0.07358990660192655,0.002810403109722026,1.0000000000000002,pert-sing-0.5
0.0,0.0,0.08836519602626214,0.08883845827949954,0.0004732622532376274,1.0000000000000002,pert-sing-1
1.0,0.0016431939032728327,0.04933944599097839,0.04769625208770556,0.0,1.0,pert-sing-1
2.0,0.0015289058327006,0.04709702925194614,0.04556812341924532,0.0,1.0000000000000002,pert-sing-1
3.0,0.0,0.05004359935552949,0.05258140458152949,0.0025378052259998896,0.9999999999999999,pert-sing-1
4.0,0.003024992494375267,0.06562884870325081,0.0626038562088751,0.0,1.0000000000000004,pert-sing-1
5.0,0.0,0.06395388095307308,0.0641509944002635,0.00019711344719031132,0.9999999999999999,pert-sing-1
6.0,0.0001735745399898958,0.026554345967727322,0.02638077142773798,0.0,0.9999999999999994,pert-sing-1
7.0,0.0,0.05051250050099587,0.05106262383787252,0.0005501233368768732,1.0000000000000002,pert-sing-1
8.0,0.0,0.06234038632345906,0.06704442370189623,0.004704037378437165,1.0,pert-sing-1
9.0,0.002873518861526869,0.070752509360831,0.06787899049930446,0.0,0.9999999999999997,pert-sing-1
10.0,0.0,0.039250537699528465,0.039502913800511075,0.00025237610098249874,0.9999999999999999,pert-sing-1
11.0,0.0006642889740070546,0.05721114796996174,0.05654685899595502,0.0,0.9999999999999997,pert-sing-1
12.0,0.0,0.06422097611701916,0.067190836759638,0.00296986064261906,1.0000000000000002,pert-sing-1
13.0,0.0011326993487527082,0.07297388799655624,0.07184118864780387,0.0,0.9999999999999997,pert-sing-1
14.0,0.0015828081793891613,0.04449336671213899,0.04291055853274983,0.0,1.0,pert-sing-1
15.0,0.0010782516904230821,0.05626565879429268,0.0551874071038696,0.0,1.0,pert-sing-1
16.0,0.0,0.054919436084201356,0.057673263240867856,0.0027538271566664996,1.0,pert-sing-1
17.0,0.0031722549290598145,0.07072564785940982,0.06755339293035001,0.0,1.0,pert-sing-1
18.0,0.0,0.04660245112107764,0.04880415451157927,0.0022017033905020744,1.0000000000000004,pert-sing-1
19.0,0.00418941352970581,0.05907815327372745,0.05488873974402164,0.0,1.0,pert-sing-1
20.0,0.0,0.07303057762763321,0.07378119052269105,0.000750612895058067,1.0000000000000002,pert-sing-1
21.0,0.00603229059970789,0.06532774330513291,0.0592954527054248,0.0,1.0000000000000002,pert-sing-1
22.0,0.0,0.06651388128220836,0.06973875614706326,0.0032248748648545655,0.9999999999999997,pert-sing-1
23.0,0.0,0.061433199902988456,0.06306802234589759,0.001634822442909356,1.0000000000000002,pert-sing-1
24.0,0.000985748987919699,0.06439841853327133,0.06341266954535141,0.0,1.0000000000000002,pert-sing-1
25.0,0.00045363477102156047,0.06281100543736162,0.06235737066633984,0.0,1.0000000000000002,pert-sing-1
26.0,0.0,0.052455172158542895,0.05409860821325396,0.0016434360547110671,1.0,pert-sing-1
27.0,0.0,0.06768128667961859,0.06806917389100786,0.0003878872113891596,0.9999999999999999,pert-sing-1
28.0,0.00502909975817023,0.06458045127498657,0.059551351516816675,0.0,0.9999999999999997,pert-sing-1
29.0,0.002276215580376384,0.0542174240575668,0.051941208477190415,0.0,1.0,pert-sing-1
30.0,0.0005041282186748486,0.05939979063305456,0.058895662414379935,0.0,0.9999999999999998,pert-sing-1
31.0,0.0008522973097525588,0.07113053988061968,0.07027824257086723,0.0,0.9999999999999999,pert-sing-1
32.0,0.0,0.06641444205692171,0.07183408443371853,0.00541964237679704,1.0000000000000002,pert-sing-1
33.0,0.0016953956321899,0.05216510916852779,0.05046971353633789,0.0,1.0,pert-sing-1
34.0,0.0,0.06167545451192069,0.06237197149450502,0.0006965169825845496,1.0000000000000002,pert-sing-1
35.0,0.0,0.07125554079548335,0.07182541806547227,0.0005698772699888055,0.9999999999999999,pert-sing-1
36.0,0.0,0.064022155323743,0.06454202688312272,0.0005198715593794923,0.9999999999999998,pert-sing-1
37.0,0.002051889817804131,0.05843925077771828,0.056387360959914146,0.0,1.0,pert-sing-1
38.0,0.0,0.04863449042662871,0.04869408115090834,5.959072427963452e-05,1.0,pert-sing-1
39.0,0.0,0.06432883991147298,0.06701011634861476,0.0026812764371417774,1.0,pert-sing-1
40.0,0.0,0.06679341406064188,0.06728556592043555,0.0004921518597936769,1.0,pert-sing-1
41.0,0.0,0.056311495670408274,0.057117498224655616,0.0008060025542467875,0.9999999999999994,pert-sing-1
42.0,0.0,0.05869910817583879,0.06099945623555336,0.002300348059714352,0.9999999999999998,pert-sing-1
43.0,0.0,0.06570487336412922,0.07032435950489724,0.004619486140768014,1.0,pert-sing-1
44.0,0.0,0.0678511739291292,0.07037990431728292,0.0025287303881533774,0.9999999999999997,pert-sing-1
45.0,0.0,0.06591055792064338,0.06882916015890994,0.0029186022382670096,1.0000000000000004,pert-sing-1
46.0,0.0030400243411454753,0.06372216261316943,0.06068213827202351,0.0,1.0000000000000004,pert-sing-1
47.0,0.0005164889046996857,0.0712617289741102,0.07074524006941063,0.0,0.9999999999999999,pert-sing-1
48.0,0.0,0.05800517844091946,0.059777787570063246,0.0017726091291437873,1.0,pert-sing-1
49.0,0.0,0.06784814618149548,0.06804634138538235,0.0001981952038866419,0.9999999999999998,pert-sing-1
50.0,0.005028412874759747,0.06822660948928116,0.0631981966145212,0.0,1.0000000000000002,pert-sing-1
51.0,0.0,0.05568143953302607,0.06073524169616762,0.005053802163141774,1.0000000000000002,pert-sing-1
52.0,0.002204000986915977,0.06820829374451076,0.066004292757595,0.0,0.9999999999999998,pert-sing-1
53.0,0.002463170241186141,0.06725114730155335,0.06478797706036765,0.0,0.9999999999999996,pert-sing-1
54.0,0.0001619743537937257,0.07936625066393721,0.07920427631014326,0.0,1.0000000000000002,pert-sing-1
55.0,0.0,0.061237325745780335,0.06564268270388385,0.004405356958103068,0.9999999999999996,pert-sing-1
56.0,0.0056166049815329355,0.0663027526481843,0.060686147666650925,0.0,1.0000000000000004,pert-sing-1
57.0,0.0,0.06766188203264734,0.06766656511798419,4.683085337076065e-06,1.0000000000000002,pert-sing-1
58.0,0.0,0.0680052673060958,0.07210297888637274,0.0040977115802769415,1.0,pert-sing-1
59.0,0.001780046243425204,0.06961130955733319,0.06783126331390799,0.0,1.0,pert-sing-1
60.0,0.0026929085586431256,0.05605200223754925,0.05335909367890612,0.0,1.0,pert-sing-1
61.0,0.0,0.05625449623150125,0.059368864167800184,0.003114367936298823,0.9999999999999999,pert-sing-1
62.0,0.0,0.0722879168573427,0.07374654148085436,0.0014586246235118727,1.0000000000000002,pert-sing-1
63.0,0.0039863600807279465,0.07135518438942001,0.06736882430869207,0.0,1.0,pert-sing-1
64.0,0.0,0.05871844471945953,0.06171492925181565,0.002996484532356347,1.0000000000000002,pert-sing-1
65.0,0.0,0.062166272728055416,0.06328936233016413,0.0011230896021083847,0.9999999999999997,pert-sing-1
66.0,0.0026439569361464965,0.07757226896703551,0.07492831203088834,0.0,1.0000000000000007,pert-sing-1
67.0,0.0,0.07367813672101442,0.07415766858291084,0.0004795318618964206,1.0,pert-sing-1
68.0,0.0,0.058660404092256035,0.061055452766811125,0.002395048674554867,0.9999999999999998,pert-sing-1
69.0,0.001590717376890538,0.06706589561360721,0.06547517823671622,0.0,1.0000000000000004,pert-sing-1
70.0,0.0018809051138712896,0.06962982914718863,0.06774892403331711,0.0,1.0000000000000002,pert-sing-1
71.0,0.0,0.06542951051598256,0.0685890398928568,0.003159529376873804,0.9999999999999996,pert-sing-1
72.0,0.0024896389134544394,0.06683465190157123,0.0643450129881169,0.0,0.9999999999999999,pert-sing-1
73.0,0.0,0.06057210721722783,0.0613667118962955,0.0007946046790676675,1.0,pert-sing-1
74.0,0.0005434814078650874,0.07342587229497499,0.07288239088710968,0.0,1.0000000000000002,pert-sing-1
75.0,0.0,0.06828920041074915,0.06900659442727619,0.0007173940165272619,1.0000000000000002,pert-sing-1
76.0,0.0026038500517574503,0.07378627494283774,0.0711824248910804,0.0,0.9999999999999999,pert-sing-1
77.0,0.0,0.06946561079218538,0.07307850587929154,0.0036128950871066046,1.0000000000000004,pert-sing-1
78.0,0.0024359249957699447,0.06976417308389937,0.06732824808812943,0.0,1.0,pert-sing-1
79.0,0.000616936584403649,0.07094846991236792,0.07033153332796438,0.0,0.9999999999999999,pert-sing-1
80.0,0.0,0.06506815628936069,0.06661296153276619,0.0015448052434057225,1.0000000000000002,pert-sing-1
81.0,0.0,0.07271208537368334,0.07321332899464428,0.000501243620961378,1.0000000000000004,pert-sing-1
82.0,0.0,0.0652802413700071,0.06677300847290546,0.0014927671028982514,0.9999999999999999,pert-sing-1
83.0,0.0,0.05824052078406994,0.06024709384903704,0.0020065730649667657,0.9999999999999997,pert-sing-1
84.0,0.004034592290097727,0.07171553474756531,0.06768094245746736,0.0,1.0000000000000002,pert-sing-1
85.0,0.0,0.07273215152283208,0.0727520343298963,1.9882807064108832e-05,0.9999999999999999,pert-sing-1
86.0,0.0,0.07200224860084559,0.0732013672159244,0.0011991186150788202,1.0,pert-sing-1
87.0,0.0030401820606533736,0.06739426479351773,0.06435408273286414,0.0,1.0000000000000002,pert-sing-1
88.0,0.0,0.06563237962053337,0.06722280546127501,0.0015904258407416494,1.0,pert-sing-1
89.0,0.0010528841669728006,0.07780920591124452,0.07675632174427172,0.0,1.0,pert-sing-1
90.0,0.005580817723229936,0.07672807134316129,0.07114725361993135,0.0,1.0,pert-sing-1
91.0,0.0,0.0653781118326533,0.06562520014618456,0.0002470883135310409,0.9999999999999998,pert-sing-1
92.0,0.0001472828367268253,0.06359148664837178,0.06344420381164517,0.0,0.9999999999999998,pert-sing-1
93.0,0.0,0.06781164950188101,0.06886633163559241,0.0010546821337111822,0.9999999999999998,pert-sing-1
94.0,2.180272242258141e-05,0.07351638850516418,0.07349458578274182,0.0,0.9999999999999998,pert-sing-1
95.0,0.0,0.060458393017328804,0.0629968797740077,0.0025384867566788927,1.0,pert-sing-1
96.0,0.0006495690350035721,0.0676440082184564,0.06699443918345294,0.0,0.9999999999999999,pert-sing-1
97.0,0.0,0.0698563000318495,0.07313504256373038,0.003278742531881318,1.0000000000000004,pert-sing-1
98.0,0.0,0.07186068975115378,0.07308225944995472,0.0012215696988011615,1.0000000000000002,pert-sing-1
99.0,0.0005144954536957513,0.0726738183111102,0.07215932285741444,0.0,1.0,pert-sing-1
100.0,0.0,0.06542558753982641,0.06680884897743244,0.0013832614376062535,1.0000000000000002,pert-sing-1
101.0,0.0,0.07086356260819704,0.07252503056976811,0.0016614679615707395,0.9999999999999997,pert-sing-1
102.0,0.001153886239299462,0.07176357202272676,0.07060968578342752,0.0,0.9999999999999998,pert-sing-1
103.0,0.006986819383510867,0.07781670144854269,0.07082988206503238,0.0,0.9999999999999994,pert-sing-1
104.0,0.0012404943416134406,0.07132509714887703,0.07008460280726392,0.0,0.9999999999999997,pert-sing-1
105.0,0.0017569468803164678,0.06713876497273219,0.06538181809241594,0.0,0.9999999999999998,pert-sing-1
106.0,0.0,0.07012265397077422,0.07027664020182889,0.00015398623105467024,1.0,pert-sing-1
107.0,0.0,0.06905772335638449,0.07070520146961012,0.001647478113225631,1.0,pert-sing-1
108.0,0.0016169795101452777,0.07624987115521575,0.0746328916450707,0.0,0.9999999999999998,pert-sing-1
109.0,0.0,0.06898118770393968,0.07207152093714886,0.003090333233209397,1.0000000000000002,pert-sing-1
110.0,0.0,0.06550966260823454,0.06719000345226744,0.0016803408440326795,0.9999999999999998,pert-sing-1
111.0,0.003403475558915403,0.07680321713485894,0.07339974157594353,0.0,1.0,pert-sing-1
112.0,0.0,0.07127954166588646,0.07298264409065047,0.0017031024247640136,1.0,pert-sing-1
113.0,0.0,0.07064053004338211,0.07141334759016349,0.0007728175467811571,0.9999999999999998,pert-sing-1
114.0,0.002739462394512837,0.07020816891136983,0.0674687065168571,0.0,0.9999999999999999,pert-sing-1
115.0,0.0,0.06172421707776299,0.06555879820535382,0.0038345811275908304,1.0,pert-sing-1
116.0,0.0,0.07348042064978655,0.07368011451446321,0.00019969386467688643,1.0000000000000002,pert-sing-1
117.0,0.0004962905457308597,0.0714763109976162,0.07098002045188512,0.0,1.0000000000000002,pert-sing-1
118.0,0.0,0.06759565842543869,0.06781919493907718,0.00022353651363848925,1.0,pert-sing-1
119.0,0.004832813505100897,0.07510905096126641,0.07027623745616585,0.0,0.9999999999999997,pert-sing-1
120.0,0.000574427915885467,0.07386351278093062,0.07328908486504493,0.0,1.0000000000000002,pert-sing-1
121.0,0.0,0.07494145479563485,0.07524768854309016,0.00030623374745575305,1.0000000000000004,pert-sing-1
122.0,0.0,0.06484028791623575,0.06815406668073798,0.0033137787645021177,0.9999999999999999,pert-sing-1
123.0,0.00039195452276363785,0.0703282068196851,0.06993625229692157,0.0,0.9999999999999999,pert-sing-1
124.0,0.0035920913829338152,0.0764398485797213,0.0728477571967876,0.0,0.9999999999999999,pert-sing-1
125.0,0.0,0.06727983729374643,0.0707195123957377,0.0034396751019915017,1.0000000000000002,pert-sing-1
126.0,0.0,0.06820012082114602,0.07153523365487535,0.0033351128337293368,1.0,pert-sing-1
127.0,0.0,0.06498571800071207,0.06670961578309964,0.0017238977823874624,0.9999999999999999,pert-sing-1
128.0,0.0,0.06817951684264001,0.07136583219249748,0.0031863153498574714,1.0,pert-sing-1
129.0,0.0,0.06753171350923681,0.0727667843176153,0.0052350708083779285,0.9999999999999994,pert-sing-1
130.0,0.003414943808040083,0.07609309411491894,0.07267815030687896,0.0,0.9999999999999999,pert-sing-1
131.0,0.0,0.0732623580230547,0.07469258255820788,0.0014302245351530685,0.9999999999999999,pert-sing-1
132.0,0.003292088654190617,0.07314838428576342,0.06985629563157314,0.0,0.9999999999999997,pert-sing-1
133.0,0.0016716590327865433,0.07460466748476202,0.07293300845197548,0.0,1.0,pert-sing-1
134.0,0.001857372155445569,0.07466792620636342,0.07281055405091741,0.0,1.0000000000000004,pert-sing-1
135.0,0.0007728468978472902,0.073325252382344,0.07255240548449704,0.0,0.9999999999999997,pert-sing-1
136.0,0.0,0.07127369844604092,0.07197040158432944,0.0006967031382884015,0.9999999999999999,pert-sing-1
137.0,0.0,0.06565023718048257,0.06723536871995461,0.001585131539471929,0.9999999999999999,pert-sing-1
138.0,0.0,0.0680220051004512,0.07096291567357149,0.0029409105731207363,1.0000000000000004,pert-sing-1
139.0,0.003865868840257858,0.07811919776503262,0.07425332892477488,0.0,0.9999999999999999,pert-sing-1
140.0,0.003232788339128101,0.07567341247207304,0.07244062413294494,0.0,1.0,pert-sing-1
141.0,0.0,0.07105402325272969,0.07162639845288299,0.0005723752001532967,1.0,pert-sing-1
142.0,0.004647184379251046,0.0755689692978212,0.07092178491856971,0.0,1.0000000000000004,pert-sing-1
143.0,0.0,0.07449784296217632,0.0762674296480873,0.0017695866859112064,1.0000000000000002,pert-sing-1
144.0,0.0035873040586985594,0.07634979370945727,0.07276248965075882,0.0,0.9999999999999999,pert-sing-1
145.0,0.0,0.06672452462174472,0.06973887517734167,0.0030143505555969563,1.0,pert-sing-1
146.0,0.0018507955623329186,0.0732763058430912,0.07142551028075861,0.0,0.9999999999999997,pert-sing-1
147.0,0.0012425388940989768,0.0724542441116276,0.07121170521752873,0.0,0.9999999999999999,pert-sing-1
148.0,0.0,0.07112403762938135,0.07374957889885192,0.002625541269470233,0.9999999999999997,pert-sing-1
149.0,0.0011623771457722754,0.07059644895566608,0.06943407180989358,0.0,1.0000000000000002,pert-sing-1
150.0,0.0014836127770484486,0.07135600487227722,0.06987239209522911,0.0,0.9999999999999997,pert-sing-1
151.0,0.0,0.07243902571429706,0.07456042938154595,0.002121403667248889,1.0,pert-sing-1
152.0,0.00017776218812737277,0.0734020736084382,0.0732243114203106,0.0,1.0000000000000002,pert-sing-1
153.0,0.003046041018394563,0.07773087650849653,0.07468483549010241,0.0,0.9999999999999996,pert-sing-1
154.0,0.0,0.07008611964702971,0.07062345129715375,0.0005373316501233738,0.9999999999999993,pert-sing-1
155.0,0.0,0.06938843992656651,0.07240966626287659,0.003021226336310079,1.0,pert-sing-1
156.0,0.004041283015475239,0.07847963197728314,0.07443834896180812,0.0,0.9999999999999998,pert-sing-1
157.0,0.0,0.07173380835456444,0.0717675492851435,3.374093057928462e-05,1.0000000000000002,pert-sing-1
158.0,0.0004836016514992991,0.07359414986727453,0.07311054821577545,0.0,0.9999999999999998,pert-sing-1
159.0,0.0,0.06906979700424354,0.06965606334046903,0.0005862663362254938,1.0,pert-sing-1
160.0,0.0009595309759234949,0.07256770023890335,0.07160816926297997,0.0,0.9999999999999999,pert-sing-1
161.0,0.0003260878662534328,0.07399204898481182,0.07366596111855839,0.0,1.0,pert-sing-1
162.0,0.0004968607188795549,0.07366170607667821,0.07316484535779844,0.0,1.0000000000000002,pert-sing-1
163.0,0.0,0.0722283718497958,0.07402809759208728,0.0017997257422912583,0.9999999999999998,pert-sing-1
164.0,0.001924607655710897,0.0738231990688647,0.07189859141315358,0.0,1.0000000000000002,pert-sing-1
165.0,0.0,0.07356198973646166,0.07400786625188582,0.0004458765154241595,1.0,pert-sing-1
166.0,0.0032104997744073493,0.07735542348505575,0.07414492371064818,0.0,1.0000000000000002,pert-sing-1
167.0,0.0008275341647463463,0.07273876461113993,0.07191123044639336,0.0,1.0000000000000002,pert-sing-1
168.0,0.0,0.07068122651351727,0.07282627870106662,0.0021450521875493456,1.0,pert-sing-1
169.0,0.00033068686246084944,0.07001956666273923,0.06968887980027838,0.0,1.0,pert-sing-1
170.0,0.0019507792363404608,0.07572711001042465,0.07377633077408441,0.0,0.9999999999999998,pert-sing-1
171.0,0.0,0.07225196377026877,0.07272103944918706,0.00046907567891785185,0.9999999999999996,pert-sing-1
172.0,0.0,0.07023173735488264,0.07071323750975367,0.00048150015487125053,1.0000000000000002,pert-sing-1
173.0,0.002439126209525466,0.07569411199362297,0.07325498578409784,0.0,0.9999999999999997,pert-sing-1
174.0,0.0,0.07065719237018842,0.07346229120310266,0.0028050988329137994,0.9999999999999996,pert-sing-1
175.0,0.0031006071275903047,0.07858292140102563,0.07548231427343532,0.0,1.0,pert-sing-1
176.0,0.001383664488620151,0.07412083800398728,0.07273717351536746,0.0,0.9999999999999997,pert-sing-1
177.0,0.000823865203744667,0.07210821663764633,0.07128435143390188,0.0,0.9999999999999998,pert-sing-1
178.0,0.0,0.07166013209659194,0.07410887848272063,0.0024487463861289083,1.0000000000000002,pert-sing-1
179.0,0.00012013192267934514,0.07233805489581036,0.07221792297313079,0.0,1.0000000000000002,pert-sing-1
180.0,0.0016086681131812774,0.07501552746569229,0.07340685935251101,0.0,1.0,pert-sing-1
181.0,0.0,0.07003994581419426,0.07076768670593869,0.0007277408917444328,1.0,pert-sing-1
182.0,0.0001468122526346871,0.07143277957159677,0.07128596731896186,0.0,1.0000000000000002,pert-sing-1
183.0,0.0,0.07230340132795754,0.07433968772475108,0.0020362863967935407,1.0,pert-sing-1
184.0,0.001458686758841088,0.07465777719337408,0.07319909043453277,0.0,1.0000000000000002,pert-sing-1
185.0,0.0,0.07357087512265759,0.07454190555036488,0.0009710304277072979,1.0,pert-sing-1
186.0,0.0,0.07168405842849879,0.07208173021481656,0.000397671786317666,0.9999999999999999,pert-sing-1
187.0,0.0,0.07214422218528749,0.07347528408028503,0.0013310618949974318,0.9999999999999999,pert-sing-1
188.0,0.0030380386797088654,0.07781896869949745,0.07478093001978858,0.0,1.0,pert-sing-1
189.0,0.0,0.0719224507674614,0.07227357502942744,0.0003511242619655963,0.9999999999999996,pert-sing-1
190.0,0.0,0.07140588535556902,0.07382998584087508,0.0024241004853058357,0.9999999999999998,pert-sing-1
191.0,0.002153043292571599,0.07381282552574309,0.07165978223317127,0.0,1.0000000000000002,pert-sing-1
192.0,0.0012082849668697548,0.07356773725780386,0.07235945229093432,0.0,0.9999999999999998,pert-sing-1
193.0,0.0,0.07021630897684861,0.07363802309631806,0.0034217141194696765,1.0000000000000002,pert-sing-1
194.0,0.0020922404733847433,0.07438387733184282,0.07229163685845785,0.0,1.0000000000000002,pert-sing-1
195.0,0.0017793631577728286,0.07565834733627996,0.07387898417850725,0.0,0.9999999999999999,pert-sing-1
196.0,0.0,0.06959745534180417,0.07271751106600277,0.0031200557241986004,1.0,pert-sing-1
197.0,0.00030139366026094017,0.07499480344634102,0.07469340978607986,0.0,1.0000000000000002,pert-sing-1
198.0,0.003638692026214807,0.07823626326676214,0.07459757124054711,0.0,1.0000000000000002,pert-sing-1
199.0,0.0,0.0683899845911744,0.07139773545832107,0.0030077508671471076,1.0000000000000004,pert-sing-1
200.0,0.0,0.07256155558708755,0.07383827947904098,0.0012767238919538793,1.0000000000000004,pert-sing-1
201.0,0.003996363692634564,0.07699309381020436,0.0729967301175698,0.0,1.0,pert-sing-1
202.0,0.0,0.07234735569338246,0.07368067207548412,0.001333316382101657,1.0,pert-sing-1
203.0,0.0,0.06922825169719249,0.07223879320476156,0.0030105415075692976,1.0000000000000002,pert-sing-1
204.0,0.003686025552424921,0.07517995979353431,0.07149393424110917,0.0,1.0000000000000002,pert-sing-1
205.0,0.0005150554395264573,0.07478287367706637,0.07426781823754003,0.0,0.9999999999999999,pert-sing-1
206.0,0.0,0.06934555082342686,0.07330434461910185,0.003958793795674653,0.9999999999999997,pert-sing-1
207.0,0.002343006285781213,0.07706100798308779,0.0747180016973068,0.0,0.9999999999999998,pert-sing-1
208.0,0.0024919556756234362,0.0756266604651814,0.0731347047895583,0.0,0.9999999999999997,pert-sing-1
209.0,0.0,0.06821647820648802,0.07233015655526487,0.004113678348777294,1.0000000000000004,pert-sing-1
210.0,0.0006818551895335645,0.07587978952373775,0.07519793433420396,0.0,1.0000000000000002,pert-sing-1
211.0,0.0034155656341955387,0.07639046685987205,0.07297490122567685,0.0,0.9999999999999997,pert-sing-1
212.0,0.0,0.0709133915827429,0.07352783953430853,0.0026144479515654018,0.9999999999999998,pert-sing-1
213.0,0.0,0.07106541670069566,0.07274286072368474,0.001677444022989305,1.0000000000000002,pert-sing-1
214.0,0.004132529162894194,0.07659349962675832,0.07246097046386435,0.0,0.9999999999999998,pert-sing-1
215.0,0.0,0.07219805213283492,0.07387732139842484,0.0016792692655901442,1.0000000000000002,pert-sing-1
216.0,0.0,0.0706342629506378,0.07279068310407999,0.0021564201534420846,0.9999999999999999,pert-sing-1
217.0,0.0029082710251580046,0.07738656377658071,0.07447829275142248,0.0,1.0000000000000002,pert-sing-1
218.0,0.0004573572126828074,0.07372029585809559,0.07326293864541311,0.0,0.9999999999999997,pert-sing-1
219.0,0.0,0.07008511331363465,0.07350400418595593,0.0034188908723208344,0.9999999999999996,pert-sing-1
220.0,0.002621022687000707,0.07771211015268009,0.07509108746567938,0.0,1.0,pert-sing-1
221.0,0.0011357848238435775,0.07362932719139126,0.07249354236754724,0.0,1.0000000000000004,pert-sing-1
222.0,0.0,0.07078406566324591,0.07375441850923792,0.002970352845992008,1.0,pert-sing-1
223.0,0.0010752780997809186,0.07425851943872441,0.07318324133894327,0.0,1.0000000000000002,pert-sing-1
224.0,0.0024061312414973557,0.07596891245459791,0.07356278121310078,0.0,0.9999999999999998,pert-sing-1
225.0,0.0,0.07061463972739523,0.0734971555796905,0.0028825158522954863,1.0000000000000002,pert-sing-1
226.0,0.0006380315397949143,0.07296997363233593,0.07233194209254079,0.0,1.0000000000000002,pert-sing-1
227.0,0.00200186179558115,0.07616407664479352,0.07416221484921248,0.0,0.9999999999999999,pert-sing-1
228.0,0.0020223462405181136,0.07557544639680014,0.07355310015628236,0.0,0.9999999999999997,pert-sing-1
229.0,0.0,0.07364359783753982,0.0746750270365737,0.001031429199033873,1.0,pert-sing-1
230.0,0.00032681681982604793,0.07479920555979902,0.0744723887399723,0.0,1.0000000000000007,pert-sing-1
231.0,0.002508242370929503,0.07446678256403372,0.07195854019310377,0.0,1.0000000000000004,pert-sing-1
232.0,0.0,0.07244721319297609,0.07467153828287354,0.002224325089897672,1.0000000000000002,pert-sing-1
233.0,0.0002712736555640083,0.07406281707751083,0.07379154342194694,0.0,0.9999999999999999,pert-sing-1
234.0,0.003198412753526725,0.07658491101677889,0.07338649826325172,0.0,1.0000000000000004,pert-sing-1
235.0,0.0010654393723659172,0.07420714210980961,0.07314170273744369,0.0,1.0,pert-sing-1
236.0,0.002946869491445292,0.07537608812415075,0.0724292186327058,0.0,0.9999999999999997,pert-sing-1
237.0,0.0,0.07285579915275453,0.07390973619950714,0.0010539370467526066,1.0,pert-sing-1
238.0,0.0014340261731108361,0.07472737232297355,0.07329334614986283,0.0,0.9999999999999999,pert-sing-1
239.0,0.0003894921440312782,0.07479463358675775,0.07440514144272603,0.0,1.0000000000000004,pert-sing-1
240.0,0.0007696674781232371,0.07463140037788829,0.07386173289976505,0.0,1.0,pert-sing-1
241.0,0.0,0.07085296421504683,0.0730804952067029,0.0022275309916565122,1.0000000000000004,pert-sing-1
242.0,0.0009689177863154708,0.07596768219503347,0.07499876440871778,0.0,1.0000000000000002,pert-sing-1
243.0,0.004167484698014867,0.0777638435308019,0.07359635883278703,0.0,1.0,pert-sing-1
244.0,0.0,0.0715936327892821,0.07374012820928055,0.002146495419998673,1.0000000000000002,pert-sing-1
245.0,0.0,0.07105691476616394,0.07335478487506408,0.0022978701089003684,1.0000000000000002,pert-sing-1
246.0,0.0040438137640192995,0.07717330381412868,0.07312949005010894,0.0,1.0000000000000004,pert-sing-1
247.0,0.0,0.07378486594810507,0.07428584040476294,0.0005009744566577545,0.9999999999999999,pert-sing-1
248.0,0.0032814621538088673,0.07596115007964044,0.07267968792583135,0.0,1.0000000000000002,pert-sing-1
249.0,0.0040511982631856736,0.07830006972708103,0.07424887146389492,0.0,1.0000000000000004,pert-sing-1
250.0,0.0014087533674207453,0.07503534528750344,0.0736265919200827,0.0,1.0,pert-sing-1
251.0,0.0,0.07148773438120148,0.07369306497021444,0.002205330589013621,1.0000000000000007,pert-sing-1
252.0,0.00021369599060228062,0.07536826977049449,0.07515457377989221,0.0,1.0,pert-sing-1
253.0,0.0,0.07183952344986921,0.07245168167297134,0.0006121582231023437,1.0000000000000002,pert-sing-1
254.0,0.0,0.06790055742326451,0.07323246790947335,0.005331910486208846,1.0,pert-sing-1
255.0,0.0,0.07328756409969417,0.07454271282794389,0.001255148728249944,1.0000000000000002,pert-sing-1
256.0,0.0032749531334390625,0.07695741625566788,0.07368246312222881,0.0,1.0,pert-sing-1
257.0,0.0,0.07134589938560554,0.07366609097018717,0.0023201915845814103,0.9999999999999998,pert-sing-1
258.0,0.0,0.07086157139652705,0.07216677521019865,0.001305203813671385,0.9999999999999998,pert-sing-1
259.0,0.0032728060851822116,0.07774249885624118,0.07446969277105908,0.0,0.9999999999999999,pert-sing-1
260.0,0.0,0.07257130821769064,0.0735228268601984,0.0009515186425075317,0.9999999999999998,pert-sing-1
261.0,0.004423450711289467,0.07893105189545424,0.07450760118416477,0.0,1.0,pert-sing-1
262.0,0.00019031630230159635,0.07434471386081465,0.07415439755851327,0.0,0.9999999999999998,pert-sing-1
263.0,1.9548205629993376e-05,0.07314354101459997,0.07312399280896997,0.0,1.0,pert-sing-1
264.0,0.0013906823356851783,0.0756936529663721,0.07430297063068703,0.0,0.9999999999999999,pert-sing-1
265.0,0.002503652781611909,0.07633107679499385,0.07382742401338205,0.0,0.9999999999999999,pert-sing-1
266.0,0.004109710209752482,0.07809778316430394,0.07398807295455168,0.0,0.9999999999999998,pert-sing-1
267.0,0.0006468567372419631,0.07460097520826525,0.07395411847102284,0.0,1.0000000000000004,pert-sing-1
268.0,0.0036177189665926868,0.07687885587324095,0.0732611369066487,0.0,0.9999999999999996,pert-sing-1
269.0,0.004299104132470477,0.078951195345353,0.0746520912128823,0.0,1.0000000000000002,pert-sing-1
270.0,0.0,0.06964733618843155,0.07294716980089189,0.0032998336124601124,0.9999999999999998,pert-sing-1
271.0,0.001371418217615883,0.07494010972001908,0.07356869150240275,0.0,1.0000000000000004,pert-sing-1
272.0,0.0,0.0725195784044197,0.07436307580977031,0.0018434974053503916,0.9999999999999998,pert-sing-1
273.0,0.0,0.07047879132203794,0.0729681177012933,0.0024893263792553633,1.0,pert-sing-1
274.0,0.0,0.07317226223877782,0.07477075125730837,0.0015984890185305467,1.0,pert-sing-1
275.0,0.0,0.07345489179696263,0.07356308667577127,0.00010819487880886491,1.0000000000000002,pert-sing-1
276.0,0.0,0.07247449528132521,0.07371319882973681,0.0012387035484118236,1.0000000000000002,pert-sing-1
277.0,0.0017013520065687349,0.07615759864622995,0.074456246639661,0.0,1.0000000000000002,pert-sing-1
278.0,0.003446915503686254,0.07756704929208658,0.07412013378839988,0.0,1.0000000000000004,pert-sing-1
279.0,0.0,0.06998451561857477,0.07326146018957891,0.0032769445710043588,1.0000000000000002,pert-sing-1
280.0,0.0,0.06883885500329057,0.07270244251145652,0.0038635875081657334,0.9999999999999998,pert-sing-1
281.0,0.0004656045398272468,0.07419216842856513,0.07372656388873722,0.0,1.0000000000000007,pert-sing-1
282.0,0.0,0.06895683630567495,0.0733608928740005,0.004404056568325321,0.9999999999999998,pert-sing-1
283.0,0.0014573048300176028,0.07516988064813468,0.07371257581811719,0.0,0.9999999999999999,pert-sing-1
284.0,0.0,0.07171097518949399,0.07469375857863292,0.002982783389138932,1.0,pert-sing-1
285.0,0.005944734422507647,0.07957832558453704,0.07363359116202917,0.0,1.0000000000000002,pert-sing-1
286.0,0.0,0.07202289750717261,0.07419792955386673,0.0021750320466945583,1.0000000000000004,pert-sing-1
287.0,0.0018307632882665903,0.07628958173398659,0.07445881844571978,0.0,1.0000000000000002,pert-sing-1
288.0,0.005588692252513017,0.08003149016416766,0.07444279791165442,0.0,1.0000000000000002,pert-sing-1
289.0,0.0,0.07348026427686172,0.07418662040461821,0.0007063561277563801,0.9999999999999999,pert-sing-1
290.0,0.005837998251457588,0.07918476422229404,0.07334676597083623,0.0,1.0000000000000002,pert-sing-1
291.0,0.0,0.07237139068586762,0.0735140680675972,0.0011426773817292402,0.9999999999999997,pert-sing-1
292.0,0.0024747800517989083,0.07645497494350106,0.07398019489170249,0.0,0.9999999999999997,pert-sing-1
293.0,0.0,0.06979569299009647,0.07282139971293833,0.003025706722842081,1.0000000000000002,pert-sing-1
294.0,0.00039464710341874376,0.07430138480975756,0.07390673770633893,0.0,0.9999999999999999,pert-sing-1
295.0,0.0,0.0676276018027413,0.073399504889758,0.005771903087016694,1.0,pert-sing-1
296.0,0.0023311740016283,0.0771972017376732,0.07486602773604467,0.0,1.0000000000000002,pert-sing-1
297.0,0.0,0.07418111010712924,0.07419556615179423,1.4456044665211998e-05,1.0000000000000002,pert-sing-1
298.0,0.002526074966083147,0.07690068656563565,0.0743746115995525,0.0,1.0,pert-sing-1
299.0,0.0005645603769098839,0.07547495216283395,0.0749103917859244,0.0,0.9999999999999997,pert-sing-1
300.0,0.0,0.0676138819932306,0.0729822054335667,0.005368323440335998,0.9999999999999999,pert-sing-1
301.0,0.0,0.07354201233732449,0.07395926869332015,0.0004172563559953213,0.9999999999999997,pert-sing-1
302.0,0.0024022966363326237,0.07555379875705448,0.07315150212072208,0.0,0.9999999999999998,pert-sing-1
303.0,0.0,0.06998801493743856,0.07282361513425473,0.00283560019681639,1.0000000000000002,pert-sing-1
304.0,0.003519893783386796,0.07738612604438821,0.07386623226100153,0.0,0.9999999999999999,pert-sing-1
305.0,0.0,0.07234919114448046,0.073585291881893,0.0012361007374125377,1.0,pert-sing-1
306.0,0.0,0.07168006301072527,0.0742415784489815,0.0025615154382562233,1.0,pert-sing-1
307.0,0.003307063914810282,0.07750694835125183,0.07419988443644154,0.0,1.0,pert-sing-1
308.0,0.0,0.07194429461329532,0.07412214870801048,0.002177854094715048,0.9999999999999999,pert-sing-1
309.0,0.0022951361385701308,0.07736104614565709,0.07506591000708673,0.0,1.0000000000000002,pert-sing-1
310.0,0.0,0.07082471628205944,0.07381037120656764,0.0029856549245084185,1.0000000000000002,pert-sing-1
311.0,0.0,0.07226689820239862,0.07417624101722387,0.0019093428148251324,0.9999999999999999,pert-sing-1
312.0,0.0018471718684865968,0.07505465490801821,0.07320748303953173,0.0,0.9999999999999999,pert-sing-1
313.0,0.0,0.07222432138454749,0.07356064533920714,0.0013363239546598793,1.0000000000000002,pert-sing-1
314.0,0.0,0.06711781426564345,0.07284453161968651,0.005726717354043287,1.0000000000000002,pert-sing-1
315.0,0.0,0.07001442995278673,0.07294137659823496,0.0029269466454484583,1.0000000000000002,pert-sing-1
316.0,0.0,0.07373484506579175,0.07428509123743354,0.0005502461716417884,1.0,pert-sing-1
317.0,0.0,0.07016250726177997,0.07368364418574491,0.0035211369239653845,1.0000000000000004,pert-sing-1
318.0,0.00044293606626877313,0.07445696092900556,0.07401402486273678,0.0,1.0,pert-sing-1
319.0,0.00396185286442341,0.07939995890441343,0.07543810603999002,0.0,1.0,pert-sing-1
320.0,0.003845034862702379,0.07808409114141468,0.0742390562787123,0.0,1.0,pert-sing-1
321.0,0.002988869159991747,0.07768937514345464,0.0747005059834629,0.0,1.0,pert-sing-1
322.0,0.0,0.0699346782801038,0.0733918067681143,0.003457128488010386,0.9999999999999999,pert-sing-1
323.0,0.0028818898054241426,0.07689116446425492,0.07400927465883056,0.0,1.0000000000000002,pert-sing-1
324.0,0.0,0.07071342335713271,0.07284209830802413,0.0021286749508916403,1.0000000000000002,pert-sing-1
325.0,0.0,0.07266331170374207,0.07315314705783693,0.0004898353540948586,1.0,pert-sing-1
326.0,0.00022211552003592594,0.07444813994194144,0.07422602442190596,0.0,0.9999999999999996,pert-sing-1
327.0,0.0,0.07141101711543607,0.07315535733774892,0.0017443402223130677,1.0000000000000002,pert-sing-1
328.0,0.0036727635167816963,0.07856763062964922,0.07489486711286775,0.0,0.9999999999999998,pert-sing-1
329.0,0.0,0.07399927087676894,0.07443931652501734,0.00044004564824862147,1.0000000000000002,pert-sing-1
330.0,0.0,0.0705339180274629,0.07392721998268437,0.0033933019552213617,0.9999999999999999,pert-sing-1
331.0,0.0008027970400643625,0.07520062996862031,0.07439783292855595,0.0,1.0,pert-sing-1
332.0,0.0,0.07339295044664151,0.07428266265015582,0.0008897122035145255,1.0000000000000002,pert-sing-1
333.0,0.003304075491889824,0.07729634369176175,0.0739922681998717,0.0,1.0000000000000002,pert-sing-1
334.0,0.0,0.06990933780754416,0.07323339425997522,0.003324056452431279,1.0000000000000002,pert-sing-1
335.0,0.0,0.07104043435203988,0.07298859113119038,0.0019481567791503895,0.9999999999999999,pert-sing-1
336.0,0.0030533867082529476,0.0770851553202474,0.07403176861199401,0.0,1.0000000000000004,pert-sing-1
337.0,0.00037638841247988886,0.07370365794286338,0.07332726953038349,0.0,1.0,pert-sing-1
338.0,0.0,0.07106291822161781,0.07431245183569579,0.003249533614078204,1.0000000000000002,pert-sing-1
339.0,0.0025380286613700953,0.07654241681936513,0.07400438815799482,0.0,1.0000000000000002,pert-sing-1
340.0,0.0,0.07324528493203752,0.07403900575151035,0.0007937208194727097,0.9999999999999999,pert-sing-1
341.0,0.0,0.06917684586517736,0.07418994019182645,0.005013094326649092,1.0,pert-sing-1
342.0,0.0006498886234163059,0.07496530584949235,0.07431541722607604,0.0,1.0,pert-sing-1
343.0,0.00011141553553328798,0.07446476230958732,0.07435334677405359,0.0,1.0000000000000004,pert-sing-1
344.0,0.0019675594543240305,0.07577757290456288,0.07381001345023885,0.0,1.0,pert-sing-1
345.0,0.0,0.07344648629754613,0.07384584222539337,0.00039935592784745566,1.0000000000000002,pert-sing-1
346.0,0.0007170370893609945,0.07462584845641862,0.07390881136705763,0.0,1.0,pert-sing-1
347.0,0.00011437558995908148,0.07312598642825696,0.07301161083829788,0.0,1.0,pert-sing-1
348.0,0.0,0.07118735361122464,0.07417204354081186,0.0029846899295878915,1.0000000000000007,pert-sing-1
349.0,0.0,0.07375062336259663,0.0738428916565087,9.226829391228986e-05,1.0000000000000002,pert-sing-1
350.0,0.0035043628529742854,0.07766626263162335,0.07416189977864907,0.0,1.0,pert-sing-1
351.0,0.0,0.07380154959199459,0.07451361198126061,0.0007120623892662437,1.0000000000000002,pert-sing-1
352.0,0.0,0.07237612718638253,0.0739952528693072,0.0016191256829251044,1.0000000000000004,pert-sing-1
353.0,0.0,0.07295200808326263,0.07387833167342428,0.0009263235901616484,1.0,pert-sing-1
354.0,0.0011195506199257466,0.07520342895348109,0.07408387833355534,0.0,1.0,pert-sing-1
355.0,0.0,0.07059091875383228,0.07398389285788132,0.003392974104048818,0.9999999999999998,pert-sing-1
356.0,0.0006989106878984019,0.07426877723057745,0.07356986654267916,0.0,0.9999999999999999,pert-sing-1
357.0,0.0,0.06932895480531243,0.07284566978109475,0.00351671497578232,1.0,pert-sing-1
358.0,0.0011837246427159887,0.07538833039564663,0.07420460575293064,0.0,1.0,pert-sing-1
359.0,0.0,0.06886792580816592,0.07353931610306996,0.004671390294904709,1.0000000000000007,pert-sing-1
360.0,0.00013048616288857673,0.07414405878510788,0.0740135726222193,0.0,1.0,pert-sing-1
361.0,0.0,0.07307848875884382,0.07414814982416784,0.0010696610653240235,1.0,pert-sing-1
362.0,0.005474102455180319,0.08013722831773173,0.07466312586255142,0.0,1.0,pert-sing-1
363.0,0.0030863305127184493,0.07838481765799488,0.0752984871452762,0.0,1.0000000000000002,pert-sing-1
364.0,0.0,0.07094387698821936,0.07363219222687589,0.0026883152386565357,1.0,pert-sing-1
365.0,0.0025154711363463145,0.0770194251105325,0.0745039539741863,0.0,0.9999999999999999,pert-sing-1
366.0,0.0004410727993264807,0.07402189719216645,0.0735808243928402,0.0,0.9999999999999998,pert-sing-1
367.0,0.0035935401104003617,0.07726185658498719,0.07366831647458705,0.0,0.9999999999999998,pert-sing-1
368.0,0.001804257219571448,0.07574889998296297,0.07394464276339163,0.0,0.9999999999999999,pert-sing-1
369.0,0.0006578702760782207,0.07378793626552116,0.07313006598944294,0.0,1.0,pert-sing-1
370.0,0.0020254195092108684,0.07624045047435035,0.07421503096513926,0.0,1.0000000000000002,pert-sing-1
371.0,0.0,0.0714026995500141,0.07432389104393411,0.0029211914939198946,0.9999999999999999,pert-sing-1
372.0,0.0008738576236400064,0.07480233452682072,0.07392847690318072,0.0,1.0,pert-sing-1
373.0,0.004413923509131612,0.07896236367033072,0.07454844016119933,0.0,0.9999999999999998,pert-sing-1
374.0,0.0,0.07120501580364169,0.07433028456088131,0.0031252687572392857,0.9999999999999997,pert-sing-1
375.0,0.006034063920613342,0.08070646827129258,0.07467240435067901,0.0,1.0000000000000002,pert-sing-1
376.0,0.0,0.07159370887130345,0.07369780161321049,0.0021040927419072597,1.0000000000000002,pert-sing-1
377.0,0.001573771578031291,0.07534428866721576,0.07377051708918447,0.0,1.0,pert-sing-1
378.0,0.0,0.07200662353130638,0.07378075575545207,0.0017741322241455748,0.9999999999999999,pert-sing-1
379.0,0.0,0.07144487383537323,0.07276916649850584,0.001324292663132498,0.9999999999999999,pert-sing-1
380.0,0.0,0.07118051862287933,0.0738034653294779,0.0026229467065982393,0.9999999999999997,pert-sing-1
381.0,0.0034728630034062125,0.07778857461718203,0.07431571161377581,0.0,1.0,pert-sing-1
382.0,0.0,0.07418666737384005,0.07459287193105701,0.0004062045572171824,1.0000000000000002,pert-sing-1
383.0,0.0010040917139709782,0.0755964945293579,0.07459240281538704,0.0,0.9999999999999999,pert-sing-1
384.0,0.0,0.07396927095150119,0.07421591764059543,0.00024664668909468723,1.0000000000000004,pert-sing-1
385.0,0.005633083590115384,0.08064735924330257,0.0750142756531873,0.0,0.9999999999999999,pert-sing-1
386.0,0.0,0.06983187148467018,0.07344970667411566,0.003617835189445695,1.0000000000000002,pert-sing-1
387.0,0.0,0.07171325756606284,0.07359339348925686,0.0018801359231939152,0.9999999999999999,pert-sing-1
388.0,0.0020983673543084613,0.07593876737817085,0.0738404000238626,0.0,0.9999999999999998,pert-sing-1
389.0,0.0,0.07139030795069079,0.07301242098675809,0.0016221130360672964,1.0,pert-sing-1
390.0,0.0,0.0729006611487828,0.07406952686327095,0.0011688657144879322,0.9999999999999998,pert-sing-1
391.0,0.0008314312999883056,0.07453328320558539,0.07370185190559764,0.0,0.9999999999999994,pert-sing-1
392.0,0.0,0.0735308294661865,0.07418693895191353,0.0006561094857268079,0.9999999999999998,pert-sing-1
393.0,0.0,0.07228544754346444,0.07458479541267427,0.0022993478692097113,0.9999999999999999,pert-sing-1
394.0,0.00025884774017348455,0.07413249246064413,0.07387364472047064,0.0,1.0,pert-sing-1
395.0,0.0,0.07284484243993239,0.07443608013362446,0.0015912376936925154,1.0000000000000004,pert-sing-1
396.0,0.0,0.07069151240302562,0.0739435874866281,0.003252075083602035,0.9999999999999996,pert-sing-1
397.0,0.0026186264736993703,0.07700857369125735,0.0743899472175582,0.0,0.9999999999999998,pert-sing-1
398.0,0.0,0.07377839927996854,0.0739788892690636,0.00020048998909494298,0.9999999999999999,pert-sing-1
399.0,0.0,0.073456561577399,0.07366948287449193,0.00021292129709271634,0.9999999999999998,pert-sing-1
