{
  "lattice_size": 801,
  "time_steps": 200,
  "center": 400,
  "pi_6_30_deg": {
    "theta": 0.5235987755982988,
    "predicted": 0.49999999999999994,
    "max_speed": 1.0,
    "rms_speed": 0.7070156282620838
  },
  "pi_4_45_deg": {
    "theta": 0.7853981633974483,
    "predicted": 0.7071067811865475,
    "max_speed": 1.0,
    "rms_speed": 0.5410941288589142
  },
  "pi_3_60_deg": {
    "theta": 1.0471975511965976,
    "predicted": 0.8660254037844386,
    "max_speed": 1.0,
    "rms_speed": 0.3658808198057914
  },
  "pi_2_90_deg_i": {
    "theta": 1.5707963267948966,
    "predicted": 1.0,
    "max_speed": 1.0,
    "rms_speed": -8.310479514664756e-05
  }
}