{
  "total_steps": 81335,
  "total_growths": 79,
  "total_chunks": 10081,
  "best_loss": 0.00044168741442263126,
  "last_growth_step": 0,
  "phase": "self",
  "embed_dim": 1344,
  "num_heads": 42,
  "num_layers": 41,
  "seq_len": 128,
  "born": 1772765085.690108,
  "saved_at": 1772806993.793691
}