{
  "total_steps": 138000,
  "total_growths": 50,
  "total_chunks": 56526,
  "best_loss": 0.004779085982590914,
  "last_growth_step": 138000,
  "phase": "self",
  "embed_dim": 864,
  "num_heads": 27,
  "num_layers": 27,
  "seq_len": 128,
  "born": 1772812536.6717415,
  "saved_at": 1772827849.621084
}